// 由 tools/make_eye_texture.py 从 assets/logo/eye.png 生成。
// 不要手改：要换素材就重跑脚本。
//
// RGB565 自然序——与 DisplayDriver 的 colour565() 产出的值一致——
// 且已合成到黑底上：素材的透明角到这里就是黑色，恰好是眼睛背后的底色。
//
// 数组不做字节交换（尽管 TFT_eSPI 的精灵图按交换序存像素）：
// DisplayDriver 打开精灵图自身的 swap 开关，pushImage 在逐行拷贝时转换。
// 数组保持自然序，人眼可对照 PNG 检查。

#pragma once

#include <Arduino.h>

constexpr int16_t kEyeTextureSize = 200;

const uint16_t kEyeTexture[kEyeTextureSize * kEyeTextureSize] = {
    0x0000, 0x0000, 0x0000, 0x0000, 0x0000, 0x0000, 0x0000, 0x0000, 0x0000, 0x0000, 0x0000, 0x0000,
    0x0000, 0x0000, 0x0000, 0x0000, 0x0000, 0x0000, 0x0000, 0x0000, 0x0000, 0x0000, 0x0000, 0x0000,
    0x0000, 0x0000, 0x0000, 0x0000, 0x0000, 0x0000, 0x0000, 0x0000, 0x0000, 0x0000, 0x0000, 0x0000,
    0x0000, 0x0000, 0x0000, 0x0000, 0x0000, 0x0000, 0x0000, 0x0000, 0x0000, 0x0000, 0x0000, 0x0000,
    0x0000, 0x0000, 0x0000, 0x0000, 0x0000, 0x0000, 0x0000, 0x0000, 0x0000, 0x0000, 0x0000, 0x0000,
    0x0000, 0x0000, 0x0000, 0x0000, 0x0000, 0x0000, 0x0000, 0x0000, 0x0000, 0x0000, 0x0000, 0x0000,
    0x0000, 0x0000, 0x0000, 0x0000, 0x0000, 0x0000, 0x0000, 0x0000, 0x0000, 0x0000, 0x0000, 0x0000,
    0x0000, 0x0000, 0x0000, 0x0000, 0x0000, 0x0000, 0x0000, 0x0000, 0x0000, 0x0000, 0x0000, 0x0000,
    0x0000, 0x0000, 0x0000, 0x0000, 0x0000, 0x0000, 0x0000, 0x0000, 0x0000, 0x0000, 0x0000, 0x0000,
    0x0000, 0x0000, 0x0000, 0x0000, 0x0000, 0x0000, 0x0000, 0x0000, 0x0000, 0x0000, 0x0000, 0x0000,
    0x0000, 0x0000, 0x0000, 0x0000, 0x0000, 0x0000, 0x0000, 0x0000, 0x0000, 0x0000, 0x0000, 0x0000,
    0x0000, 0x0000, 0x0000, 0x0000, 0x0000, 0x0000, 0x0000, 0x0000, 0x0000, 0x0000, 0x0000, 0x0000,
    0x0000, 0x0000, 0x0000, 0x0000, 0x0000, 0x0000, 0x0000, 0x0000, 0x0000, 0x0000, 0x0000, 0x0000,
    0x0000, 0x0000, 0x0000, 0x0000, 0x0000, 0x0000, 0x0000, 0x0000, 0x0000, 0x0000, 0x0000, 0x0000,
    0x0000, 0x0000, 0x0000, 0x0000, 0x0000, 0x0000, 0x0000, 0x0000, 0x0000, 0x0000, 0x0000, 0x0000,
    0x0000, 0x0000, 0x0000, 0x0000, 0x0000, 0x0000, 0x0000, 0x0000, 0x0000, 0x0000, 0x0000, 0x0000,
    0x0000, 0x0000, 0x0000, 0x0000, 0x0000, 0x0000, 0x0000, 0x0000, 0x0000, 0x0000, 0x0000, 0x0000,
    0x0000, 0x0000, 0x0000, 0x0000, 0x0000, 0x0000, 0x0000, 0x0000, 0x0000, 0x0000, 0x0000, 0x0000,
    0x0000, 0x0000, 0x0000, 0x0000, 0x0000, 0x0000, 0x0000, 0x0000, 0x0000, 0x0000, 0x0000, 0x0000,
    0x0000, 0x0000, 0x0000, 0x0000, 0x0000, 0x0000, 0x0000, 0x0000, 0x0000, 0x0000, 0x0000, 0x0000,
    0x0000, 0x0000, 0x0000, 0x0000, 0x0000, 0x0000, 0x0000, 0x0000, 0x0000, 0x0000, 0x0000, 0x0000,
    0x0000, 0x0000, 0x0000, 0x0000, 0x0000, 0x0000, 0x0000, 0x0000, 0x0000, 0x0000, 0x0000, 0x0000,
    0x0000, 0x0000, 0x0000, 0x0000, 0x0000, 0x0000, 0x0000, 0x0000, 0x0000, 0x0000, 0x0000, 0x0000,
    0x0000, 0x0000, 0x0000, 0x0000, 0x0000, 0x0000, 0x0000, 0x0000, 0x0000, 0x0000, 0x0000, 0x0000,
    0x0000, 0x0000, 0x0000, 0x0800, 0x0800, 0x0800, 0x0820, 0x0820, 0x0820, 0x0820, 0x0820, 0x0820,
    0x0820, 0x0820, 0x0820, 0x0820, 0x0820, 0x0820, 0x0820, 0x0820, 0x0800, 0x0000, 0x0000, 0x0000,
    0x0000, 0x0000, 0x0000, 0x0000, 0x0000, 0x0000, 0x0000, 0x0000, 0x0000, 0x0000, 0x0000, 0x0000,
    0x0000, 0x0000, 0x0000, 0x0000, 0x0000, 0x0000, 0x0000, 0x0000, 0x0000, 0x0000, 0x0000, 0x0000,
    0x0000, 0x0000, 0x0000, 0x0000, 0x0000, 0x0000, 0x0000, 0x0000, 0x0000, 0x0000, 0x0000, 0x0000,
    0x0000, 0x0000, 0x0000, 0x0000, 0x0000, 0x0000, 0x0000, 0x0000, 0x0000, 0x0000, 0x0000, 0x0000,
    0x0000, 0x0000, 0x0000, 0x0000, 0x0000, 0x0000, 0x0000, 0x0000, 0x0000, 0x0000, 0x0000, 0x0000,
    0x0000, 0x0000, 0x0000, 0x0000, 0x0000, 0x0000, 0x0000, 0x0000, 0x0000, 0x0000, 0x0000, 0x0000,
    0x0000, 0x0000, 0x0000, 0x0000, 0x0000, 0x0000, 0x0000, 0x0000, 0x0000, 0x0000, 0x0000, 0x0000,
    0x0000, 0x0000, 0x0000, 0x0000, 0x0000, 0x0000, 0x0000, 0x0000, 0x0000, 0x0000, 0x0000, 0x0000,
    0x0000, 0x0000, 0x0000, 0x0000, 0x0000, 0x0000, 0x0000, 0x0000, 0x0000, 0x0000, 0x0000, 0x0000,
    0x0000, 0x0000, 0x0000, 0x0000, 0x0000, 0x0000, 0x0000, 0x0000, 0x0000, 0x0000, 0x0000, 0x0000,
    0x0000, 0x0000, 0x0000, 0x0000, 0x0000, 0x0000, 0x0000, 0x0000, 0x0000, 0x0000, 0x0000, 0x0000,
    0x0000, 0x0000, 0x0000, 0x0000, 0x0000, 0x0000, 0x0000, 0x0000, 0x0000, 0x0000, 0x0000, 0x0000,
    0x0000, 0x0000, 0x0000, 0x0000, 0x0000, 0x0000, 0x0000, 0x0000, 0x0000, 0x0000, 0x0000, 0x0000,
    0x0000, 0x0000, 0x0000, 0x0000, 0x0000, 0x0000, 0x0000, 0x0000, 0x0000, 0x0000, 0x0000, 0x0000,
    0x0000, 0x0000, 0x0000, 0x0800, 0x0800, 0x0800, 0x0820, 0x1020, 0x1020, 0x1020, 0x1020, 0x1021,
    0x1021, 0x1041, 0x1041, 0x1041, 0x1041, 0x1041, 0x1041, 0x1041, 0x1041, 0x1041, 0x1041, 0x1041,
    0x1041, 0x1041, 0x1041, 0x1041, 0x1041, 0x1041, 0x0841, 0x0841, 0x0841, 0x0841, 0x0821, 0x0820,
    0x0020, 0x0000, 0x0000, 0x0000, 0x0000, 0x0000, 0x0000, 0x0000, 0x0000, 0x0000, 0x0000, 0x0000,
    0x0000, 0x0000, 0x0000, 0x0000, 0x0000, 0x0000, 0x0000, 0x0000, 0x0000, 0x0000, 0x0000, 0x0000,
    0x0000, 0x0000, 0x0000, 0x0000, 0x0000, 0x0000, 0x0000, 0x0000, 0x0000, 0x0000, 0x0000, 0x0000,
    0x0000, 0x0000, 0x0000, 0x0000, 0x0000, 0x0000, 0x0000, 0x0000, 0x0000, 0x0000, 0x0000, 0x0000,
    0x0000, 0x0000, 0x0000, 0x0000, 0x0000, 0x0000, 0x0000, 0x0000, 0x0000, 0x0000, 0x0000, 0x0000,
    0x0000, 0x0000, 0x0000, 0x0000, 0x0000, 0x0000, 0x0000, 0x0000, 0x0000, 0x0000, 0x0000, 0x0000,
    0x0000, 0x0000, 0x0000, 0x0000, 0x0000, 0x0000, 0x0000, 0x0000, 0x0000, 0x0000, 0x0000, 0x0000,
    0x0000, 0x0000, 0x0000, 0x0000, 0x0000, 0x0000, 0x0000, 0x0000, 0x0000, 0x0000, 0x0000, 0x0000,
    0x0000, 0x0000, 0x0000, 0x0000, 0x0000, 0x0000, 0x0000, 0x0000, 0x0000, 0x0000, 0x0000, 0x0000,
    0x0000, 0x0000, 0x0000, 0x0000, 0x0000, 0x0000, 0x0000, 0x0000, 0x0000, 0x0000, 0x0000, 0x0000,
    0x0000, 0x0000, 0x0000, 0x0000, 0x0000, 0x0000, 0x0000, 0x0000, 0x0000, 0x0000, 0x0000, 0x0000,
    0x0000, 0x0000, 0x0000, 0x0000, 0x0000, 0x0000, 0x0000, 0x0000, 0x0000, 0x0000, 0x0000, 0x0000,
    0x0000, 0x0000, 0x0000, 0x0000, 0x0000, 0x0000, 0x0000, 0x0000, 0x0000, 0x0000, 0x0000, 0x0000,
    0x0000, 0x0000, 0x0000, 0x0000, 0x0000, 0x0000, 0x0800, 0x0800, 0x0820, 0x1020, 0x1021, 0x1021,
    0x1021, 0x1021, 0x1021, 0x1021, 0x1041, 0x1041, 0x1041, 0x1041, 0x1041, 0x1041, 0x1041, 0x1041,
    0x1041, 0x1041, 0x1041, 0x1041, 0x1041, 0x1041, 0x1041, 0x1061, 0x1061, 0x1041, 0x1061, 0x1061,
    0x1061, 0x1061, 0x1061, 0x1062, 0x1062, 0x1062, 0x1061, 0x1061, 0x0861, 0x0841, 0x0841, 0x0841,
    0x0821, 0x0020, 0x0000, 0x0000, 0x0000, 0x0000, 0x0000, 0x0000, 0x0000, 0x0000, 0x0000, 0x0000,
    0x0000, 0x0000, 0x0000, 0x0000, 0x0000, 0x0000, 0x0000, 0x0000, 0x0000, 0x0000, 0x0000, 0x0000,
    0x0000, 0x0000, 0x0000, 0x0000, 0x0000, 0x0000, 0x0000, 0x0000, 0x0000, 0x0000, 0x0000, 0x0000,
    0x0000, 0x0000, 0x0000, 0x0000, 0x0000, 0x0000, 0x0000, 0x0000, 0x0000, 0x0000, 0x0000, 0x0000,
    0x0000, 0x0000, 0x0000, 0x0000, 0x0000, 0x0000, 0x0000, 0x0000, 0x0000, 0x0000, 0x0000, 0x0000,
    0x0000, 0x0000, 0x0000, 0x0000, 0x0000, 0x0000, 0x0000, 0x0000, 0x0000, 0x0000, 0x0000, 0x0000,
    0x0000, 0x0000, 0x0000, 0x0000, 0x0000, 0x0000, 0x0000, 0x0000, 0x0000, 0x0000, 0x0000, 0x0000,
    0x0000, 0x0000, 0x0000, 0x0000, 0x0000, 0x0000, 0x0000, 0x0000, 0x0000, 0x0000, 0x0000, 0x0000,
    0x0000, 0x0000, 0x0000, 0x0000, 0x0000, 0x0000, 0x0000, 0x0000, 0x0000, 0x0000, 0x0000, 0x0000,
    0x0000, 0x0000, 0x0000, 0x0000, 0x0000, 0x0000, 0x0000, 0x0000, 0x0000, 0x0000, 0x0000, 0x0000,
    0x0000, 0x0000, 0x0000, 0x0000, 0x0000, 0x0000, 0x0000, 0x0000, 0x0000, 0x0000, 0x0000, 0x0000,
    0x0000, 0x0000, 0x0000, 0x0000, 0x0000, 0x0000, 0x0000, 0x0000, 0x0000, 0x0000, 0x0000, 0x0000,
    0x0000, 0x0000, 0x0000, 0x0000, 0x0000, 0x0000, 0x0000, 0x0000, 0x0000, 0x0000, 0x0000, 0x0800,
    0x0820, 0x1021, 0x1021, 0x1021, 0x1021, 0x1021, 0x1021, 0x1021, 0x1041, 0x1041, 0x1041, 0x1041,
    0x1041, 0x1061, 0x1061, 0x1061, 0x1061, 0x1061, 0x1061, 0x1061, 0x1061, 0x1061, 0x1061, 0x1061,
    0x0862, 0x0862, 0x0862, 0x0862, 0x0862, 0x0862, 0x0862, 0x0862, 0x0862, 0x0862, 0x0862, 0x0862,
    0x0862, 0x0862, 0x0862, 0x0862, 0x0861, 0x0861, 0x0861, 0x0861, 0x0861, 0x0861, 0x0841, 0x0841,
    0x0841, 0x0020, 0x0000, 0x0000, 0x0000, 0x0000, 0x0000, 0x0000, 0x0000, 0x0000, 0x0000, 0x0000,
    0x0000, 0x0000, 0x0000, 0x0000, 0x0000, 0x0000, 0x0000, 0x0000, 0x0000, 0x0000, 0x0000, 0x0000,
    0x0000, 0x0000, 0x0000, 0x0000, 0x0000, 0x0000, 0x0000, 0x0000, 0x0000, 0x0000, 0x0000, 0x0000,
    0x0000, 0x0000, 0x0000, 0x0000, 0x0000, 0x0000, 0x0000, 0x0000, 0x0000, 0x0000, 0x0000, 0x0000,
    0x0000, 0x0000, 0x0000, 0x0000, 0x0000, 0x0000, 0x0000, 0x0000, 0x0000, 0x0000, 0x0000, 0x0000,
    0x0000, 0x0000, 0x0000, 0x0000, 0x0000, 0x0000, 0x0000, 0x0000, 0x0000, 0x0000, 0x0000, 0x0000,
    0x0000, 0x0000, 0x0000, 0x0000, 0x0000, 0x0000, 0x0000, 0x0000, 0x0000, 0x0000, 0x0000, 0x0000,
    0x0000, 0x0000, 0x0000, 0x0000, 0x0000, 0x0000, 0x0000, 0x0000, 0x0000, 0x0000, 0x0000, 0x0000,
    0x0000, 0x0000, 0x0000, 0x0000, 0x0000, 0x0000, 0x0000, 0x0000, 0x0000, 0x0000, 0x0000, 0x0000,
    0x0000, 0x0000, 0x0000, 0x0000, 0x0000, 0x0000, 0x0000, 0x0000, 0x0000, 0x0000, 0x0000, 0x0000,
    0x0000, 0x0000, 0x0000, 0x0000, 0x0000, 0x0000, 0x0000, 0x0000, 0x0000, 0x0000, 0x0000, 0x0000,
    0x0000, 0x0000, 0x0000, 0x0000, 0x0000, 0x0000, 0x0000, 0x0000, 0x0000, 0x0000, 0x0000, 0x0000,
    0x0000, 0x0000, 0x0000, 0x0800, 0x0820, 0x1020, 0x1021, 0x1021, 0x1021, 0x1021, 0x1021, 0x1021,
    0x1041, 0x1041, 0x1041, 0x1041, 0x1041, 0x1061, 0x0861, 0x0861, 0x0861, 0x0861, 0x0861, 0x0861,
    0x0861, 0x0861, 0x0861, 0x0861, 0x0862, 0x0862, 0x0862, 0x0862, 0x0862, 0x0862, 0x0862, 0x0862,
    0x0862, 0x0862, 0x0862, 0x0862, 0x0862, 0x0862, 0x0862, 0x0862, 0x0862, 0x0862, 0x0862, 0x0862,
    0x0862, 0x0862, 0x0862, 0x0862, 0x0862, 0x0862, 0x0862, 0x0861, 0x0862, 0x0861, 0x0841, 0x0841,
    0x0021, 0x0020, 0x0000, 0x0000, 0x0000, 0x0000, 0x0000, 0x0000, 0x0000, 0x0000, 0x0000, 0x0000,
    0x0000, 0x0000, 0x0000, 0x0000, 0x0000, 0x0000, 0x0000, 0x0000, 0x0000, 0x0000, 0x0000, 0x0000,
    0x0000, 0x0000, 0x0000, 0x0000, 0x0000, 0x0000, 0x0000, 0x0000, 0x0000, 0x0000, 0x0000, 0x0000,
    0x0000, 0x0000, 0x0000, 0x0000, 0x0000, 0x0000, 0x0000, 0x0000, 0x0000, 0x0000, 0x0000, 0x0000,
    0x0000, 0x0000, 0x0000, 0x0000, 0x0000, 0x0000, 0x0000, 0x0000, 0x0000, 0x0000, 0x0000, 0x0000,
    0x0000, 0x0000, 0x0000, 0x0000, 0x0000, 0x0000, 0x0000, 0x0000, 0x0000, 0x0000, 0x0000, 0x0000,
    0x0000, 0x0000, 0x0000, 0x0000, 0x0000, 0x0000, 0x0000, 0x0000, 0x0000, 0x0000, 0x0000, 0x0000,
    0x0000, 0x0000, 0x0000, 0x0000, 0x0000, 0x0000, 0x0000, 0x0000, 0x0000, 0x0000, 0x0000, 0x0000,
    0x0000, 0x0000, 0x0000, 0x0000, 0x0000, 0x0000, 0x0000, 0x0000, 0x0000, 0x0000, 0x0000, 0x0000,
    0x0000, 0x0000, 0x0000, 0x0000, 0x0000, 0x0000, 0x0000, 0x0000, 0x0000, 0x0000, 0x0000, 0x0000,
    0x0000, 0x0000, 0x0000, 0x0000, 0x0000, 0x0000, 0x0000, 0x0000, 0x0000, 0x0000, 0x0000, 0x0000,
    0x0000, 0x0000, 0x0000, 0x0000, 0x0000, 0x0000, 0x0000, 0x0000, 0x0800, 0x0820, 0x1020, 0x1021,
    0x1021, 0x1021, 0x1021, 0x1041, 0x1041, 0x1041, 0x1041, 0x1041, 0x1041, 0x1061, 0x1061, 0x1061,
    0x0862, 0x0862, 0x0862, 0x0862, 0x0862, 0x0862, 0x0862, 0x0862, 0x0862, 0x0862, 0x0862, 0x0862,
    0x0862, 0x0862, 0x0862, 0x0862, 0x0862, 0x0862, 0x0862, 0x0862, 0x0862, 0x0862, 0x0862, 0x0862,
    0x0862, 0x0862, 0x0862, 0x0862, 0x0862, 0x0862, 0x0862, 0x0862, 0x0862, 0x0862, 0x0862, 0x0862,
    0x0862, 0x0862, 0x0862, 0x0862, 0x0862, 0x0862, 0x0862, 0x0862, 0x0862, 0x0861, 0x0841, 0x0021,
    0x0020, 0x0000, 0x0000, 0x0000, 0x0000, 0x0000, 0x0000, 0x0000, 0x0000, 0x0000, 0x0000, 0x0000,
    0x0000, 0x0000, 0x0000, 0x0000, 0x0000, 0x0000, 0x0000, 0x0000, 0x0000, 0x0000, 0x0000, 0x0000,
    0x0000, 0x0000, 0x0000, 0x0000, 0x0000, 0x0000, 0x0000, 0x0000, 0x0000, 0x0000, 0x0000, 0x0000,
    0x0000, 0x0000, 0x0000, 0x0000, 0x0000, 0x0000, 0x0000, 0x0000, 0x0000, 0x0000, 0x0000, 0x0000,
    0x0000, 0x0000, 0x0000, 0x0000, 0x0000, 0x0000, 0x0000, 0x0000, 0x0000, 0x0000, 0x0000, 0x0000,
    0x0000, 0x0000, 0x0000, 0x0000, 0x0000, 0x0000, 0x0000, 0x0000, 0x0000, 0x0000, 0x0000, 0x0000,
    0x0000, 0x0000, 0x0000, 0x0000, 0x0000, 0x0000, 0x0000, 0x0000, 0x0000, 0x0000, 0x0000, 0x0000,
    0x0000, 0x0000, 0x0000, 0x0000, 0x0000, 0x0000, 0x0000, 0x0000, 0x0000, 0x0000, 0x0000, 0x0000,
    0x0000, 0x0000, 0x0000, 0x0000, 0x0000, 0x0000, 0x0000, 0x0000, 0x0000, 0x0000, 0x0000, 0x0000,
    0x0000, 0x0000, 0x0000, 0x0000, 0x0000, 0x0000, 0x0000, 0x0000, 0x0000, 0x0000, 0x0000, 0x0000,
    0x0000, 0x0000, 0x0000, 0x0000, 0x0000, 0x0000, 0x0000, 0x0000, 0x0000, 0x0000, 0x0000, 0x0000,
    0x0000, 0x0800, 0x0820, 0x0820, 0x1020, 0x1020, 0x1021, 0x1021, 0x1041, 0x1041, 0x1041, 0x1041,
    0x1041, 0x1061, 0x0861, 0x0861, 0x0862, 0x0862, 0x0862, 0x0862, 0x0862, 0x0862, 0x0862, 0x0862,
    0x0862, 0x0862, 0x0862, 0x0862, 0x0862, 0x0862, 0x0862, 0x0862, 0x0862, 0x0862, 0x0862, 0x0862,
    0x0862, 0x0862, 0x0862, 0x0862, 0x0862, 0x0862, 0x0862, 0x0862, 0x0862, 0x0862, 0x0862, 0x0862,
    0x0862, 0x0862, 0x0862, 0x0862, 0x0862, 0x0862, 0x0862, 0x0862, 0x0862, 0x0862, 0x0862, 0x0862,
    0x0862, 0x0862, 0x0862, 0x0862, 0x0862, 0x0862, 0x0862, 0x0862, 0x0842, 0x0841, 0x0841, 0x0020,
    0x0000, 0x0000, 0x0000, 0x0000, 0x0000, 0x0000, 0x0000, 0x0000, 0x0000, 0x0000, 0x0000, 0x0000,
    0x0000, 0x0000, 0x0000, 0x0000, 0x0000, 0x0000, 0x0000, 0x0000, 0x0000, 0x0000, 0x0000, 0x0000,
    0x0000, 0x0000, 0x0000, 0x0000, 0x0000, 0x0000, 0x0000, 0x0000, 0x0000, 0x0000, 0x0000, 0x0000,
    0x0000, 0x0000, 0x0000, 0x0000, 0x0000, 0x0000, 0x0000, 0x0000, 0x0000, 0x0000, 0x0000, 0x0000,
    0x0000, 0x0000, 0x0000, 0x0000, 0x0000, 0x0000, 0x0000, 0x0000, 0x0000, 0x0000, 0x0000, 0x0000,
    0x0000, 0x0000, 0x0000, 0x0000, 0x0000, 0x0000, 0x0000, 0x0000, 0x0000, 0x0000, 0x0000, 0x0000,
    0x0000, 0x0000, 0x0000, 0x0000, 0x0000, 0x0000, 0x0000, 0x0000, 0x0000, 0x0000, 0x0000, 0x0000,
    0x0000, 0x0000, 0x0000, 0x0000, 0x0000, 0x0000, 0x0000, 0x0000, 0x0000, 0x0000, 0x0000, 0x0000,
    0x0000, 0x0000, 0x0000, 0x0000, 0x0000, 0x0000, 0x0000, 0x0000, 0x0000, 0x0000, 0x0000, 0x0000,
    0x0000, 0x0000, 0x0000, 0x0000, 0x0000, 0x0000, 0x0000, 0x0000, 0x0000, 0x0000, 0x0000, 0x0000,
    0x0000, 0x0000, 0x0000, 0x0000, 0x0000, 0x0000, 0x0000, 0x0820, 0x0820, 0x1020, 0x1021, 0x1021,
    0x1021, 0x1041, 0x1041, 0x1041, 0x1041, 0x1041, 0x1041, 0x1041, 0x0841, 0x0861, 0x0861, 0x0862,
    0x0862, 0x0862, 0x0862, 0x0862, 0x0862, 0x0862, 0x0862, 0x0862, 0x0862, 0x0862, 0x0862, 0x0862,
    0x0862, 0x0862, 0x0862, 0x0862, 0x0862, 0x0862, 0x0862, 0x0862, 0x0862, 0x0862, 0x0862, 0x0862,
    0x0862, 0x0862, 0x0862, 0x0862, 0x0862, 0x0862, 0x0862, 0x0862, 0x0862, 0x0862, 0x0862, 0x0862,
    0x0862, 0x0862, 0x0862, 0x0862, 0x0862, 0x0862, 0x0862, 0x0862, 0x0862, 0x0862, 0x0862, 0x0862,
    0x0862, 0x0862, 0x0862, 0x0862, 0x0862, 0x0862, 0x0862, 0x0841, 0x0841, 0x0021, 0x0000, 0x0000,
    0x0000, 0x0000, 0x0000, 0x0000, 0x0000, 0x0000, 0x0000, 0x0000, 0x0000, 0x0000, 0x0000, 0x0000,
    0x0000, 0x0000, 0x0000, 0x0000, 0x0000, 0x0000, 0x0000, 0x0000, 0x0000, 0x0000, 0x0000, 0x0000,
    0x0000, 0x0000, 0x0000, 0x0000, 0x0000, 0x0000, 0x0000, 0x0000, 0x0000, 0x0000, 0x0000, 0x0000,
    0x0000, 0x0000, 0x0000, 0x0000, 0x0000, 0x0000, 0x0000, 0x0000, 0x0000, 0x0000, 0x0000, 0x0000,
    0x0000, 0x0000, 0x0000, 0x0000, 0x0000, 0x0000, 0x0000, 0x0000, 0x0000, 0x0000, 0x0000, 0x0000,
    0x0000, 0x0000, 0x0000, 0x0000, 0x0000, 0x0000, 0x0000, 0x0000, 0x0000, 0x0000, 0x0000, 0x0000,
    0x0000, 0x0000, 0x0000, 0x0000, 0x0000, 0x0000, 0x0000, 0x0000, 0x0000, 0x0000, 0x0000, 0x0000,
    0x0000, 0x0000, 0x0000, 0x0000, 0x0000, 0x0000, 0x0000, 0x0000, 0x0000, 0x0000, 0x0000, 0x0000,
    0x0000, 0x0000, 0x0000, 0x0000, 0x0000, 0x0000, 0x0000, 0x0000, 0x0000, 0x0000, 0x0000, 0x0000,
    0x0000, 0x0000, 0x0000, 0x0000, 0x0000, 0x0000, 0x0000, 0x0000, 0x0000, 0x0000, 0x0000, 0x0000,
    0x0820, 0x0820, 0x1020, 0x1020, 0x1021, 0x1041, 0x1041, 0x1041, 0x1041, 0x1041, 0x1041, 0x1041,
    0x1041, 0x0841, 0x0841, 0x0841, 0x0861, 0x0861, 0x0862, 0x0862, 0x0862, 0x0862, 0x0862, 0x0862,
    0x0862, 0x0862, 0x0862, 0x0862, 0x0862, 0x0862, 0x0862, 0x0862, 0x0862, 0x0862, 0x0862, 0x0862,
    0x0862, 0x0862, 0x0862, 0x0862, 0x0862, 0x0862, 0x0862, 0x0862, 0x0862, 0x0862, 0x0862, 0x0862,
    0x0862, 0x0862, 0x0862, 0x0862, 0x0862, 0x0862, 0x0862, 0x0862, 0x0862, 0x0862, 0x0862, 0x0862,
    0x0862, 0x0862, 0x0862, 0x0862, 0x0862, 0x0862, 0x0862, 0x0862, 0x0862, 0x0862, 0x0862, 0x0862,
    0x0862, 0x0862, 0x0862, 0x0862, 0x0862, 0x0842, 0x0841, 0x0021, 0x0020, 0x0000, 0x0000, 0x0000,
    0x0000, 0x0000, 0x0000, 0x0000, 0x0000, 0x0000, 0x0000, 0x0000, 0x0000, 0x0000, 0x0000, 0x0000,
    0x0000, 0x0000, 0x0000, 0x0000, 0x0000, 0x0000, 0x0000, 0x0000, 0x0000, 0x0000, 0x0000, 0x0000,
    0x0000, 0x0000, 0x0000, 0x0000, 0x0000, 0x0000, 0x0000, 0x0000, 0x0000, 0x0000, 0x0000, 0x0000,
    0x0000, 0x0000, 0x0000, 0x0000, 0x0000, 0x0000, 0x0000, 0x0000, 0x0000, 0x0000, 0x0000, 0x0000,
    0x0000, 0x0000, 0x0000, 0x0000, 0x0000, 0x0000, 0x0000, 0x0000, 0x0000, 0x0000, 0x0000, 0x0000,
    0x0000, 0x0000, 0x0000, 0x0000, 0x0000, 0x0000, 0x0000, 0x0000, 0x0000, 0x0000, 0x0000, 0x0000,
    0x0000, 0x0000, 0x0000, 0x0000, 0x0000, 0x0000, 0x0000, 0x0000, 0x0000, 0x0000, 0x0000, 0x0000,
    0x0000, 0x0000, 0x0000, 0x0000, 0x0000, 0x0000, 0x0000, 0x0000, 0x0000, 0x0000, 0x0000, 0x0000,
    0x0000, 0x0000, 0x0000, 0x0000, 0x0000, 0x0000, 0x0000, 0x0000, 0x0000, 0x0000, 0x0000, 0x0000,
    0x0000, 0x0000, 0x0000, 0x0000, 0x0000, 0x0000, 0x0820, 0x1021, 0x1041, 0x1041, 0x1041, 0x1041,
    0x1041, 0x1041, 0x1061, 0x1061, 0x1061, 0x1061, 0x1061, 0x1061, 0x0861, 0x0861, 0x0861, 0x0862,
    0x0862, 0x0862, 0x0862, 0x0862, 0x0862, 0x0862, 0x0862, 0x0862, 0x0862, 0x0862, 0x0862, 0x0862,
    0x0862, 0x0862, 0x0862, 0x0862, 0x0862, 0x0862, 0x0862, 0x0862, 0x0862, 0x0862, 0x0862, 0x0862,
    0x0862, 0x0862, 0x0862, 0x0862, 0x0862, 0x0862, 0x0862, 0x0862, 0x0862, 0x0862, 0x0862, 0x0862,
    0x0862, 0x0862, 0x0862, 0x0862, 0x0862, 0x0862, 0x0862, 0x0862, 0x0862, 0x0862, 0x0862, 0x0862,
    0x0862, 0x0862, 0x0862, 0x0862, 0x0862, 0x0862, 0x0862, 0x0862, 0x0862, 0x0862, 0x0862, 0x0862,
    0x0862, 0x0862, 0x0862, 0x0862, 0x0841, 0x0841, 0x0020, 0x0000, 0x0000, 0x0000, 0x0000, 0x0000,
    0x0000, 0x0000, 0x0000, 0x0000, 0x0000, 0x0000, 0x0000, 0x0000, 0x0000, 0x0000, 0x0000, 0x0000,
    0x0000, 0x0000, 0x0000, 0x0000, 0x0000, 0x0000, 0x0000, 0x0000, 0x0000, 0x0000, 0x0000, 0x0000,
    0x0000, 0x0000, 0x0000, 0x0000, 0x0000, 0x0000, 0x0000, 0x0000, 0x0000, 0x0000, 0x0000, 0x0000,
    0x0000, 0x0000, 0x0000, 0x0000, 0x0000, 0x0000, 0x0000, 0x0000, 0x0000, 0x0000, 0x0000, 0x0000,
    0x0000, 0x0000, 0x0000, 0x0000, 0x0000, 0x0000, 0x0000, 0x0000, 0x0000, 0x0000, 0x0000, 0x0000,
    0x0000, 0x0000, 0x0000, 0x0000, 0x0000, 0x0000, 0x0000, 0x0000, 0x0000, 0x0000, 0x0000, 0x0000,
    0x0000, 0x0000, 0x0000, 0x0000, 0x0000, 0x0000, 0x0000, 0x0000, 0x0000, 0x0000, 0x0000, 0x0000,
    0x0000, 0x0000, 0x0000, 0x0000, 0x0000, 0x0000, 0x0000, 0x0000, 0x0000, 0x0000, 0x0000, 0x0000,
    0x0000, 0x0000, 0x0000, 0x0000, 0x0000, 0x0000, 0x0000, 0x0000, 0x0000, 0x0000, 0x0000, 0x0000,
    0x0820, 0x1021, 0x1041, 0x1041, 0x1041, 0x1041, 0x1041, 0x1041, 0x1041, 0x1061, 0x1061, 0x1061,
    0x1061, 0x0861, 0x0861, 0x0861, 0x0862, 0x0862, 0x0862, 0x0862, 0x0862, 0x0862, 0x0862, 0x0862,
    0x0862, 0x0862, 0x0862, 0x0862, 0x0862, 0x0862, 0x0862, 0x0862, 0x0862, 0x0862, 0x0862, 0x0862,
    0x0862, 0x0862, 0x0862, 0x0862, 0x0862, 0x0862, 0x0862, 0x0862, 0x0862, 0x0862, 0x0862, 0x0862,
    0x0862, 0x0862, 0x0862, 0x0882, 0x0882, 0x0882, 0x0882, 0x0862, 0x0862, 0x0862, 0x0862, 0x0862,
    0x0862, 0x0862, 0x0862, 0x0862, 0x0862, 0x0862, 0x0862, 0x0862, 0x0862, 0x0862, 0x0862, 0x0862,
    0x0862, 0x0862, 0x0862, 0x0862, 0x0862, 0x0862, 0x0862, 0x0862, 0x0862, 0x0862, 0x0862, 0x0862,
    0x0862, 0x0862, 0x0862, 0x0841, 0x0020, 0x0000, 0x0000, 0x0000, 0x0000, 0x0000, 0x0000, 0x0000,
    0x0000, 0x0000, 0x0000, 0x0000, 0x0000, 0x0000, 0x0000, 0x0000, 0x0000, 0x0000, 0x0000, 0x0000,
    0x0000, 0x0000, 0x0000, 0x0000, 0x0000, 0x0000, 0x0000, 0x0000, 0x0000, 0x0000, 0x0000, 0x0000,
    0x0000, 0x0000, 0x0000, 0x0000, 0x0000, 0x0000, 0x0000, 0x0000, 0x0000, 0x0000, 0x0000, 0x0000,
    0x0000, 0x0000, 0x0000, 0x0000, 0x0000, 0x0000, 0x0000, 0x0000, 0x0000, 0x0000, 0x0000, 0x0000,
    0x0000, 0x0000, 0x0000, 0x0000, 0x0000, 0x0000, 0x0000, 0x0000, 0x0000, 0x0000, 0x0000, 0x0000,
    0x0000, 0x0000, 0x0000, 0x0000, 0x0000, 0x0000, 0x0000, 0x0000, 0x0000, 0x0000, 0x0000, 0x0000,
    0x0000, 0x0000, 0x0000, 0x0000, 0x0000, 0x0000, 0x0000, 0x0000, 0x0000, 0x0000, 0x0000, 0x0000,
    0x0000, 0x0000, 0x0000, 0x0000, 0x0000, 0x0000, 0x0000, 0x0000, 0x0000, 0x0000, 0x0000, 0x0000,
    0x0000, 0x0000, 0x0000, 0x0000, 0x0000, 0x0000, 0x0820, 0x1021, 0x1021, 0x1021, 0x1041, 0x1041,
    0x1041, 0x1041, 0x1041, 0x1061, 0x1061, 0x0861, 0x0861, 0x0861, 0x0861, 0x0861, 0x0861, 0x0861,
    0x0862, 0x0862, 0x0862, 0x0862, 0x0862, 0x0862, 0x0862, 0x0862, 0x0862, 0x0862, 0x0862, 0x0862,
    0x0862, 0x0862, 0x0862, 0x0862, 0x0862, 0x0862, 0x0862, 0x0862, 0x0862, 0x0862, 0x0862, 0x0862,
    0x0862, 0x0862, 0x0862, 0x0862, 0x0862, 0x0862, 0x0862, 0x0862, 0x0862, 0x0862, 0x0862, 0x0882,
    0x1082, 0x10A2, 0x10A2, 0x0882, 0x0862, 0x0862, 0x0862, 0x0862, 0x0862, 0x0862, 0x0862, 0x0862,
    0x0862, 0x0862, 0x0862, 0x0862, 0x0862, 0x0862, 0x0862, 0x0862, 0x0862, 0x0862, 0x0862, 0x0862,
    0x0862, 0x0862, 0x0862, 0x0862, 0x0862, 0x0862, 0x0862, 0x0862, 0x0862, 0x0862, 0x0862, 0x0862,
    0x0862, 0x0841, 0x0020, 0x0000, 0x0000, 0x0000, 0x0000, 0x0000, 0x0000, 0x0000, 0x0000, 0x0000,
    0x0000, 0x0000, 0x0000, 0x0000, 0x0000, 0x0000, 0x0000, 0x0000, 0x0000, 0x0000, 0x0000, 0x0000,
    0x0000, 0x0000, 0x0000, 0x0000, 0x0000, 0x0000, 0x0000, 0x0000, 0x0000, 0x0000, 0x0000, 0x0000,
    0x0000, 0x0000, 0x0000, 0x0000, 0x0000, 0x0000, 0x0000, 0x0000, 0x0000, 0x0000, 0x0000, 0x0000,
    0x0000, 0x0000, 0x0000, 0x0000, 0x0000, 0x0000, 0x0000, 0x0000, 0x0000, 0x0000, 0x0000, 0x0000,
    0x0000, 0x0000, 0x0000, 0x0000, 0x0000, 0x0000, 0x0000, 0x0000, 0x0000, 0x0000, 0x0000, 0x0000,
    0x0000, 0x0000, 0x0000, 0x0000, 0x0000, 0x0000, 0x0000, 0x0000, 0x0000, 0x0000, 0x0000, 0x0000,
    0x0000, 0x0000, 0x0000, 0x0000, 0x0000, 0x0000, 0x0000, 0x0000, 0x0000, 0x0000, 0x0000, 0x0000,
    0x0000, 0x0000, 0x0000, 0x0000, 0x0000, 0x0000, 0x0000, 0x0000, 0x0000, 0x0000, 0x0000, 0x0000,
    0x0820, 0x1021, 0x1041, 0x1041, 0x1041, 0x1041, 0x1041, 0x1041, 0x1061, 0x0861, 0x0861, 0x0861,
    0x0861, 0x0861, 0x0861, 0x0862, 0x0862, 0x0862, 0x0862, 0x0862, 0x0862, 0x0862, 0x0862, 0x0862,
    0x0862, 0x0862, 0x0862, 0x0862, 0x0862, 0x0862, 0x0862, 0x0862, 0x0862, 0x0862, 0x0862, 0x0862,
    0x0862, 0x0862, 0x0862, 0x0862, 0x0862, 0x0862, 0x0862, 0x0862, 0x0862, 0x0862, 0x0862, 0x0862,
    0x0862, 0x0862, 0x0862, 0x0862, 0x0862, 0x0862, 0x0862, 0x0882, 0x10A2, 0x10C3, 0x10C3, 0x0882,
    0x0862, 0x0882, 0x0862, 0x0862, 0x0861, 0x0862, 0x0862, 0x0862, 0x0861, 0x0862, 0x0862, 0x0862,
    0x0862, 0x0862, 0x0862, 0x0862, 0x0862, 0x0862, 0x0862, 0x0862, 0x0862, 0x0862, 0x0861, 0x0862,
    0x0862, 0x0862, 0x0862, 0x0862, 0x0862, 0x0862, 0x0862, 0x0862, 0x0862, 0x0862, 0x0841, 0x0041,
    0x0020, 0x0000, 0x0000, 0x0000, 0x0000, 0x0000, 0x0000, 0x0000, 0x0000, 0x0000, 0x0000, 0x0000,
    0x0000, 0x0000, 0x0000, 0x0000, 0x0000, 0x0000, 0x0000, 0x0000, 0x0000, 0x0000, 0x0000, 0x0000,
    0x0000, 0x0000, 0x0000, 0x0000, 0x0000, 0x0000, 0x0000, 0x0000, 0x0000, 0x0000, 0x0000, 0x0000,
    0x0000, 0x0000, 0x0000, 0x0000, 0x0000, 0x0000, 0x0000, 0x0000, 0x0000, 0x0000, 0x0000, 0x0000,
    0x0000, 0x0000, 0x0000, 0x0000, 0x0000, 0x0000, 0x0000, 0x0000, 0x0000, 0x0000, 0x0000, 0x0000,
    0x0000, 0x0000, 0x0000, 0x0000, 0x0000, 0x0000, 0x0000, 0x0000, 0x0000, 0x0000, 0x0000, 0x0000,
    0x0000, 0x0000, 0x0000, 0x0000, 0x0000, 0x0000, 0x0000, 0x0000, 0x0000, 0x0000, 0x0000, 0x0000,
    0x0000, 0x0000, 0x0000, 0x0000, 0x0000, 0x0000, 0x0000, 0x0000, 0x0000, 0x0000, 0x0000, 0x0000,
    0x0000, 0x0000, 0x0000, 0x0000, 0x0000, 0x0000, 0x0820, 0x1041, 0x1041, 0x1041, 0x1041, 0x1041,
    0x1041, 0x1041, 0x0861, 0x0861, 0x0861, 0x0861, 0x0861, 0x0861, 0x0861, 0x0861, 0x0862, 0x0862,
    0x0862, 0x0862, 0x0862, 0x0862, 0x0862, 0x0862, 0x0862, 0x0862, 0x0862, 0x0861, 0x0861, 0x0862,
    0x0862, 0x0882, 0x0882, 0x0882, 0x0862, 0x0862, 0x0862, 0x0862, 0x0862, 0x0862, 0x0862, 0x0862,
    0x0862, 0x0862, 0x0862, 0x0862, 0x0862, 0x0862, 0x0862, 0x0862, 0x0862, 0x0862, 0x0862, 0x0862,
    0x0862, 0x0862, 0x0862, 0x0882, 0x10C3, 0x18E3, 0x18E3, 0x10A2, 0x0882, 0x0882, 0x0862, 0x0862,
    0x0861, 0x0862, 0x0862, 0x0882, 0x0862, 0x0882, 0x0882, 0x0882, 0x0862, 0x0862, 0x0862, 0x0862,
    0x0862, 0x0862, 0x0862, 0x0862, 0x0862, 0x0862, 0x0862, 0x0862, 0x0862, 0x0862, 0x0862, 0x0862,
    0x0862, 0x0862, 0x0862, 0x0862, 0x0862, 0x0862, 0x0862, 0x0861, 0x0841, 0x0021, 0x0000, 0x0000,
    0x0000, 0x0000, 0x0000, 0x0000, 0x0000, 0x0000, 0x0000, 0x0000, 0x0000, 0x0000, 0x0000, 0x0000,
    0x0000, 0x0000, 0x0000, 0x0000, 0x0000, 0x0000, 0x0000, 0x0000, 0x0000, 0x0000, 0x0000, 0x0000,
    0x0000, 0x0000, 0x0000, 0x0000, 0x0000, 0x0000, 0x0000, 0x0000, 0x0000, 0x0000, 0x0000, 0x0000,
    0x0000, 0x0000, 0x0000, 0x0000, 0x0000, 0x0000, 0x0000, 0x0000, 0x0000, 0x0000, 0x0000, 0x0000,
    0x0000, 0x0000, 0x0000, 0x0000, 0x0000, 0x0000, 0x0000, 0x0000, 0x0000, 0x0000, 0x0000, 0x0000,
    0x0000, 0x0000, 0x0000, 0x0000, 0x0000, 0x0000, 0x0000, 0x0000, 0x0000, 0x0000, 0x0000, 0x0000,
    0x0000, 0x0000, 0x0000, 0x0000, 0x0000, 0x0000, 0x0000, 0x0000, 0x0000, 0x0000, 0x0000, 0x0000,
    0x0000, 0x0000, 0x0000, 0x0000, 0x0000, 0x0000, 0x0000, 0x0000, 0x0000, 0x0000, 0x0000, 0x0000,
    0x0800, 0x0821, 0x1041, 0x1041, 0x1041, 0x1041, 0x1041, 0x1061, 0x0861, 0x0861, 0x0861, 0x0861,
    0x0861, 0x0862, 0x0862, 0x0862, 0x0862, 0x0862, 0x0862, 0x0862, 0x0862, 0x0862, 0x0862, 0x0862,
    0x0862, 0x0862, 0x0862, 0x0862, 0x0862, 0x0861, 0x0861, 0x0862, 0x0882, 0x10C3, 0x10C3, 0x10C3,
    0x08A2, 0x0862, 0x0862, 0x0882, 0x0862, 0x0882, 0x0882, 0x0862, 0x0862, 0x0862, 0x0862, 0x0862,
    0x0862, 0x0862, 0x0862, 0x0862, 0x0862, 0x0862, 0x0862, 0x0862, 0x0862, 0x0862, 0x0882, 0x08A2,
    0x10E3, 0x1904, 0x1904, 0x10C3, 0x0882, 0x0882, 0x0862, 0x0862, 0x0861, 0x0862, 0x0882, 0x0882,
    0x0882, 0x0882, 0x0882, 0x0882, 0x0882, 0x0862, 0x0862, 0x0862, 0x0862, 0x0862, 0x0862, 0x0862,
    0x0862, 0x0862, 0x0862, 0x0862, 0x0882, 0x0882, 0x0882, 0x0882, 0x0882, 0x0882, 0x0862, 0x0862,
    0x0862, 0x0862, 0x0862, 0x0862, 0x0862, 0x0861, 0x0841, 0x0020, 0x0000, 0x0000, 0x0000, 0x0000,
    0x0000, 0x0000, 0x0000, 0x0000, 0x0000, 0x0000, 0x0000, 0x0000, 0x0000, 0x0000, 0x0000, 0x0000,
    0x0000, 0x0000, 0x0000, 0x0000, 0x0000, 0x0000, 0x0000, 0x0000, 0x0000, 0x0000, 0x0000, 0x0000,
    0x0000, 0x0000, 0x0000, 0x0000, 0x0000, 0x0000, 0x0000, 0x0000, 0x0000, 0x0000, 0x0000, 0x0000,
    0x0000, 0x0000, 0x0000, 0x0000, 0x0000, 0x0000, 0x0000, 0x0000, 0x0000, 0x0000, 0x0000, 0x0000,
    0x0000, 0x0000, 0x0000, 0x0000, 0x0000, 0x0000, 0x0000, 0x0000, 0x0000, 0x0000, 0x0000, 0x0000,
    0x0000, 0x0000, 0x0000, 0x0000, 0x0000, 0x0000, 0x0000, 0x0000, 0x0000, 0x0000, 0x0000, 0x0000,
    0x0000, 0x0000, 0x0000, 0x0000, 0x0000, 0x0000, 0x0000, 0x0000, 0x0000, 0x0000, 0x0000, 0x0000,
    0x0000, 0x0000, 0x0000, 0x0000, 0x0000, 0x0000, 0x0000, 0x0820, 0x1041, 0x1041, 0x1041, 0x1041,
    0x1041, 0x1041, 0x0841, 0x0861, 0x0861, 0x0861, 0x0861, 0x0862, 0x0862, 0x0862, 0x0862, 0x0862,
    0x0862, 0x0862, 0x0862, 0x0862, 0x0862, 0x0862, 0x0862, 0x0862, 0x0862, 0x0862, 0x0862, 0x0862,
    0x0862, 0x0862, 0x0862, 0x0882, 0x10A2, 0x1904, 0x2165, 0x2986, 0x1904, 0x08A2, 0x0862, 0x0882,
    0x0882, 0x0882, 0x0882, 0x0882, 0x0862, 0x0862, 0x0862, 0x0862, 0x0862, 0x0862, 0x0862, 0x0862,
    0x0862, 0x0862, 0x0862, 0x0862, 0x0862, 0x0862, 0x0882, 0x08A2, 0x10E3, 0x1904, 0x1924, 0x10C3,
    0x0882, 0x0882, 0x0882, 0x0882, 0x0882, 0x0882, 0x0882, 0x0882, 0x0882, 0x0882, 0x0882, 0x0882,
    0x0882, 0x0882, 0x0862, 0x0862, 0x0862, 0x0862, 0x0862, 0x0862, 0x0862, 0x0862, 0x0882, 0x0882,
    0x0882, 0x08A2, 0x08A2, 0x08A2, 0x0882, 0x0882, 0x0862, 0x0862, 0x0862, 0x0862, 0x0862, 0x0862,
    0x0862, 0x0862, 0x0862, 0x0861, 0x0841, 0x0020, 0x0000, 0x0000, 0x0000, 0x0000, 0x0000, 0x0000,
    0x0000, 0x0000, 0x0000, 0x0000, 0x0000, 0x0000, 0x0000, 0x0000, 0x0000, 0x0000, 0x0000, 0x0000,
    0x0000, 0x0000, 0x0000, 0x0000, 0x0000, 0x0000, 0x0000, 0x0000, 0x0000, 0x0000, 0x0000, 0x0000,
    0x0000, 0x0000, 0x0000, 0x0000, 0x0000, 0x0000, 0x0000, 0x0000, 0x0000, 0x0000, 0x0000, 0x0000,
    0x0000, 0x0000, 0x0000, 0x0000, 0x0000, 0x0000, 0x0000, 0x0000, 0x0000, 0x0000, 0x0000, 0x0000,
    0x0000, 0x0000, 0x0000, 0x0000, 0x0000, 0x0000, 0x0000, 0x0000, 0x0000, 0x0000, 0x0000, 0x0000,
    0x0000, 0x0000, 0x0000, 0x0000, 0x0000, 0x0000, 0x0000, 0x0000, 0x0000, 0x0000, 0x0000, 0x0000,
    0x0000, 0x0000, 0x0000, 0x0000, 0x0000, 0x0000, 0x0000, 0x0000, 0x0000, 0x0000, 0x0000, 0x0000,
    0x0000, 0x0820, 0x1041, 0x1041, 0x1041, 0x1041, 0x1041, 0x1041, 0x1041, 0x0861, 0x0861, 0x0861,
    0x0862, 0x0862, 0x0862, 0x0862, 0x0862, 0x0862, 0x0862, 0x0862, 0x0862, 0x0862, 0x0862, 0x0862,
    0x0862, 0x0862, 0x0862, 0x0862, 0x0862, 0x0862, 0x0862, 0x0862, 0x0862, 0x0862, 0x0862, 0x0882,
    0x10C3, 0x1924, 0x29A6, 0x29C7, 0x2165, 0x10C3, 0x0882, 0x0882, 0x0882, 0x0882, 0x0882, 0x0882,
    0x0882, 0x0862, 0x0862, 0x0882, 0x0882, 0x0882, 0x0882, 0x0882, 0x0862, 0x0862, 0x0882, 0x0882,
    0x0862, 0x0882, 0x0882, 0x10C2, 0x1103, 0x1924, 0x1924, 0x10E3, 0x08A2, 0x0882, 0x0882, 0x0882,
    0x0882, 0x0882, 0x08A2, 0x10A2, 0x10C2, 0x10C2, 0x10A2, 0x08A2, 0x0882, 0x0882, 0x0862, 0x0862,
    0x0862, 0x0862, 0x0862, 0x0862, 0x0862, 0x0862, 0x0882, 0x0882, 0x10A2, 0x10C2, 0x10C3, 0x10C3,
    0x10C3, 0x10A2, 0x0882, 0x0862, 0x0862, 0x0862, 0x0862, 0x0861, 0x0861, 0x0862, 0x0862, 0x0862,
    0x0862, 0x0841, 0x0021, 0x0000, 0x0000, 0x0000, 0x0000, 0x0000, 0x0000, 0x0000, 0x0000, 0x0000,
    0x0000, 0x0000, 0x0000, 0x0000, 0x0000, 0x0000, 0x0000, 0x0000, 0x0000, 0x0000, 0x0000, 0x0000,
    0x0000, 0x0000, 0x0000, 0x0000, 0x0000, 0x0000, 0x0000, 0x0000, 0x0000, 0x0000, 0x0000, 0x0000,
    0x0000, 0x0000, 0x0000, 0x0000, 0x0000, 0x0000, 0x0000, 0x0000, 0x0000, 0x0000, 0x0000, 0x0000,
    0x0000, 0x0000, 0x0000, 0x0000, 0x0000, 0x0000, 0x0000, 0x0000, 0x0000, 0x0000, 0x0000, 0x0000,
    0x0000, 0x0000, 0x0000, 0x0000, 0x0000, 0x0000, 0x0000, 0x0000, 0x0000, 0x0000, 0x0000, 0x0000,
    0x0000, 0x0000, 0x0000, 0x0000, 0x0000, 0x0000, 0x0000, 0x0000, 0x0000, 0x0000, 0x0000, 0x0000,
    0x0000, 0x0000, 0x0000, 0x0000, 0x0000, 0x0000, 0x0000, 0x0000, 0x0820, 0x1041, 0x1041, 0x1041,
    0x1041, 0x1061, 0x1061, 0x1061, 0x0861, 0x0861, 0x0861, 0x0862, 0x0862, 0x0862, 0x0862, 0x0862,
    0x0862, 0x0862, 0x0861, 0x0861, 0x0861, 0x0862, 0x0862, 0x0862, 0x0862, 0x0862, 0x0862, 0x0862,
    0x0862, 0x0862, 0x0862, 0x0862, 0x0862, 0x0862, 0x0862, 0x0882, 0x10C3, 0x2145, 0x29C6, 0x29A6,
    0x2165, 0x10C3, 0x0882, 0x0882, 0x0882, 0x0882, 0x08A2, 0x0882, 0x0882, 0x0882, 0x0882, 0x0882,
    0x0882, 0x0882, 0x0882, 0x0882, 0x0882, 0x0882, 0x0882, 0x0882, 0x0882, 0x0882, 0x0882, 0x10C3,
    0x1904, 0x1924, 0x1924, 0x10E3, 0x08A2, 0x0882, 0x0882, 0x0882, 0x08A2, 0x08A2, 0x10C3, 0x10E3,
    0x10E3, 0x10E3, 0x10E3, 0x10C3, 0x08A2, 0x0882, 0x0862, 0x0862, 0x0862, 0x0882, 0x0862, 0x0862,
    0x0862, 0x0882, 0x0882, 0x10A2, 0x10C3, 0x10E3, 0x1103, 0x1903, 0x10E3, 0x10C3, 0x0882, 0x0862,
    0x0862, 0x0862, 0x0861, 0x0861, 0x0861, 0x0861, 0x0862, 0x0862, 0x0862, 0x0862, 0x0861, 0x0841,
    0x0000, 0x0000, 0x0000, 0x0000, 0x0000, 0x0000, 0x0000, 0x0000, 0x0000, 0x0000, 0x0000, 0x0000,
    0x0000, 0x0000, 0x0000, 0x0000, 0x0000, 0x0000, 0x0000, 0x0000, 0x0000, 0x0000, 0x0000, 0x0000,
    0x0000, 0x0000, 0x0000, 0x0000, 0x0000, 0x0000, 0x0000, 0x0000, 0x0000, 0x0000, 0x0000, 0x0000,
    0x0000, 0x0000, 0x0000, 0x0000, 0x0000, 0x0000, 0x0000, 0x0000, 0x0000, 0x0000, 0x0000, 0x0000,
    0x0000, 0x0000, 0x0000, 0x0000, 0x0000, 0x0000, 0x0000, 0x0000, 0x0000, 0x0000, 0x0000, 0x0000,
    0x0000, 0x0000, 0x0000, 0x0000, 0x0000, 0x0000, 0x0000, 0x0000, 0x0000, 0x0000, 0x0000, 0x0000,
    0x0000, 0x0000, 0x0000, 0x0000, 0x0000, 0x0000, 0x0000, 0x0000, 0x0000, 0x0000, 0x0000, 0x0000,
    0x0000, 0x0000, 0x0820, 0x1041, 0x1041, 0x1041, 0x1041, 0x1061, 0x1061, 0x0861, 0x0861, 0x0861,
    0x0862, 0x0862, 0x0862, 0x0862, 0x0862, 0x0861, 0x0861, 0x0862, 0x0861, 0x0862, 0x0862, 0x0861,
    0x0861, 0x0861, 0x0862, 0x0862, 0x0862, 0x0862, 0x0862, 0x0862, 0x0862, 0x0862, 0x0862, 0x0862,
    0x0862, 0x0862, 0x0862, 0x0882, 0x08A2, 0x1924, 0x2165, 0x2165, 0x1924, 0x08C2, 0x0882, 0x08A2,
    0x08A2, 0x10A2, 0x10C3, 0x10C2, 0x08A2, 0x0882, 0x0882, 0x0882, 0x0882, 0x0882, 0x10A2, 0x10C3,
    0x10C3, 0x08A2, 0x0882, 0x0882, 0x0882, 0x0882, 0x08A2, 0x10C3, 0x1103, 0x1924, 0x1124, 0x10E3,
    0x08A2, 0x0882, 0x0882, 0x08A2, 0x08C2, 0x10E3, 0x1103, 0x1903, 0x1903, 0x1904, 0x1903, 0x10E3,
    0x10A2, 0x0882, 0x0862, 0x0862, 0x0862, 0x0882, 0x0882, 0x0882, 0x0882, 0x0882, 0x08A2, 0x10E3,
    0x1903, 0x1903, 0x1924, 0x1903, 0x1903, 0x10E3, 0x0882, 0x0862, 0x0862, 0x0862, 0x0862, 0x0862,
    0x0862, 0x0862, 0x0862, 0x0862, 0x0862, 0x0862, 0x0862, 0x0862, 0x0841, 0x0021, 0x0000, 0x0000,
    0x0000, 0x0000, 0x0000, 0x0000, 0x0000, 0x0000, 0x0000, 0x0000, 0x0000, 0x0000, 0x0000, 0x0000,
    0x0000, 0x0000, 0x0000, 0x0000, 0x0000, 0x0000, 0x0000, 0x0000, 0x0000, 0x0000, 0x0000, 0x0000,
    0x0000, 0x0000, 0x0000, 0x0000, 0x0000, 0x0000, 0x0000, 0x0000, 0x0000, 0x0000, 0x0000, 0x0000,
    0x0000, 0x0000, 0x0000, 0x0000, 0x0000, 0x0000, 0x0000, 0x0000, 0x0000, 0x0000, 0x0000, 0x0000,
    0x0000, 0x0000, 0x0000, 0x0000, 0x0000, 0x0000, 0x0000, 0x0000, 0x0000, 0x0000, 0x0000, 0x0000,
    0x0000, 0x0000, 0x0000, 0x0000, 0x0000, 0x0000, 0x0000, 0x0000, 0x0000, 0x0000, 0x0000, 0x0000,
    0x0000, 0x0000, 0x0000, 0x0000, 0x0000, 0x0000, 0x0000, 0x0000, 0x0000, 0x0820, 0x1041, 0x1041,
    0x1041, 0x1041, 0x1061, 0x0861, 0x0861, 0x0861, 0x0861, 0x0861, 0x0862, 0x0862, 0x0862, 0x0862,
    0x0862, 0x0861, 0x0861, 0x0861, 0x0861, 0x0862, 0x0861, 0x0861, 0x0861, 0x0861, 0x0862, 0x0862,
    0x0862, 0x0862, 0x0862, 0x0862, 0x0862, 0x0862, 0x0862, 0x0862, 0x0862, 0x0862, 0x0882, 0x0882,
    0x08A2, 0x10C3, 0x10E3, 0x10E3, 0x10C2, 0x08A2, 0x08A2, 0x08A2, 0x10C2, 0x10C3, 0x10E3, 0x10E3,
    0x08C2, 0x08A2, 0x0882, 0x0882, 0x0882, 0x08A2, 0x10C3, 0x1903, 0x1904, 0x10C3, 0x0882, 0x0882,
    0x0882, 0x0882, 0x08A2, 0x10E3, 0x1103, 0x1124, 0x1124, 0x10E3, 0x08A2, 0x08A2, 0x08A2, 0x08A2,
    0x10E2, 0x1103, 0x1923, 0x1924, 0x1924, 0x1924, 0x1923, 0x10E3, 0x08A2, 0x0882, 0x0882, 0x0882,
    0x0882, 0x0882, 0x0882, 0x0882, 0x0882, 0x08A2, 0x10C3, 0x1904, 0x1924, 0x1924, 0x1924, 0x1924,
    0x1103, 0x10C3, 0x0882, 0x0862, 0x0862, 0x0862, 0x0862, 0x0862, 0x0862, 0x0862, 0x0862, 0x0862,
    0x0862, 0x0862, 0x0861, 0x0861, 0x0861, 0x0861, 0x0841, 0x0000, 0x0000, 0x0000, 0x0000, 0x0000,
    0x0000, 0x0000, 0x0000, 0x0000, 0x0000, 0x0000, 0x0000, 0x0000, 0x0000, 0x0000, 0x0000, 0x0000,
    0x0000, 0x0000, 0x0000, 0x0000, 0x0000, 0x0000, 0x0000, 0x0000, 0x0000, 0x0000, 0x0000, 0x0000,
    0x0000, 0x0000, 0x0000, 0x0000, 0x0000, 0x0000, 0x0000, 0x0000, 0x0000, 0x0000, 0x0000, 0x0000,
    0x0000, 0x0000, 0x0000, 0x0000, 0x0000, 0x0000, 0x0000, 0x0000, 0x0000, 0x0000, 0x0000, 0x0000,
    0x0000, 0x0000, 0x0000, 0x0000, 0x0000, 0x0000, 0x0000, 0x0000, 0x0000, 0x0000, 0x0000, 0x0000,
    0x0000, 0x0000, 0x0000, 0x0000, 0x0000, 0x0000, 0x0000, 0x0000, 0x0000, 0x0000, 0x0000, 0x0000,
    0x0000, 0x0000, 0x0000, 0x0000, 0x0821, 0x0841, 0x1041, 0x1061, 0x0861, 0x0861, 0x0861, 0x0861,
    0x0861, 0x0862, 0x0862, 0x0862, 0x0862, 0x0862, 0x0862, 0x0862, 0x0862, 0x0862, 0x0862, 0x0862,
    0x0862, 0x0862, 0x0861, 0x0861, 0x0861, 0x0862, 0x0862, 0x0862, 0x0862, 0x0862, 0x0862, 0x0862,
    0x0862, 0x0862, 0x0862, 0x0882, 0x0882, 0x0882, 0x0882, 0x08A2, 0x10C3, 0x10E3, 0x10E3, 0x08C2,
    0x0882, 0x0882, 0x08A2, 0x10C2, 0x10E3, 0x10E3, 0x1103, 0x1103, 0x10E3, 0x08A2, 0x0882, 0x0882,
    0x0882, 0x10C2, 0x10E3, 0x1924, 0x1944, 0x10E3, 0x08A2, 0x08A2, 0x08A2, 0x08A2, 0x08C2, 0x1103,
    0x1124, 0x1124, 0x1124, 0x10E3, 0x08A2, 0x08A2, 0x08A2, 0x08C2, 0x1103, 0x1923, 0x1944, 0x1924,
    0x1944, 0x1924, 0x1923, 0x10C2, 0x0882, 0x0882, 0x0882, 0x0882, 0x0882, 0x0882, 0x0882, 0x0882,
    0x0882, 0x08C2, 0x1103, 0x1944, 0x1944, 0x1944, 0x1944, 0x1924, 0x1103, 0x08A2, 0x0882, 0x0862,
    0x0862, 0x0862, 0x0862, 0x0862, 0x0862, 0x0862, 0x0862, 0x0862, 0x0862, 0x0862, 0x0861, 0x0861,
    0x0861, 0x0861, 0x0861, 0x0841, 0x0020, 0x0000, 0x0000, 0x0000, 0x0000, 0x0000, 0x0000, 0x0000,
    0x0000, 0x0000, 0x0000, 0x0000, 0x0000, 0x0000, 0x0000, 0x0000, 0x0000, 0x0000, 0x0000, 0x0000,
    0x0000, 0x0000, 0x0000, 0x0000, 0x0000, 0x0000, 0x0000, 0x0000, 0x0000, 0x0000, 0x0000, 0x0000,
    0x0000, 0x0000, 0x0000, 0x0000, 0x0000, 0x0000, 0x0000, 0x0000, 0x0000, 0x0000, 0x0000, 0x0000,
    0x0000, 0x0000, 0x0000, 0x0000, 0x0000, 0x0000, 0x0000, 0x0000, 0x0000, 0x0000, 0x0000, 0x0000,
    0x0000, 0x0000, 0x0000, 0x0000, 0x0000, 0x0000, 0x0000, 0x0000, 0x0000, 0x0000, 0x0000, 0x0000,
    0x0000, 0x0000, 0x0000, 0x0000, 0x0000, 0x0000, 0x0000, 0x0000, 0x0000, 0x0000, 0x0020, 0x0841,
    0x0861, 0x0861, 0x0861, 0x0861, 0x0861, 0x0861, 0x0861, 0x0862, 0x0862, 0x0862, 0x0862, 0x0862,
    0x0862, 0x0862, 0x0862, 0x0862, 0x0862, 0x0862, 0x0862, 0x0862, 0x0862, 0x0861, 0x0861, 0x0861,
    0x0861, 0x0862, 0x0862, 0x0862, 0x0862, 0x0862, 0x0862, 0x0862, 0x0862, 0x0862, 0x0882, 0x08A2,
    0x08A2, 0x08A2, 0x08A2, 0x08C2, 0x1103, 0x1103, 0x1103, 0x08C2, 0x0882, 0x0882, 0x08A2, 0x10C3,
    0x1103, 0x10E3, 0x1103, 0x1103, 0x1103, 0x08C3, 0x08A2, 0x0882, 0x08A2, 0x10C3, 0x1103, 0x1924,
    0x1944, 0x1924, 0x10E3, 0x08A2, 0x08A2, 0x08A2, 0x08C3, 0x1123, 0x1124, 0x1123, 0x1124, 0x10E3,
    0x08A2, 0x08A2, 0x08A2, 0x10E3, 0x1123, 0x1944, 0x1944, 0x1944, 0x1944, 0x1924, 0x1924, 0x10C2,
    0x0882, 0x0882, 0x0882, 0x0882, 0x0882, 0x08A2, 0x08A2, 0x08A2, 0x08C2, 0x1103, 0x1944, 0x1944,
    0x1964, 0x1944, 0x1944, 0x1944, 0x1103, 0x08A2, 0x0882, 0x0862, 0x0862, 0x0862, 0x0862, 0x0862,
    0x0862, 0x0862, 0x0862, 0x0862, 0x0862, 0x0862, 0x0861, 0x0862, 0x0862, 0x0862, 0x0862, 0x0862,
    0x0841, 0x0021, 0x0000, 0x0000, 0x0000, 0x0000, 0x0000, 0x0000, 0x0000, 0x0000, 0x0000, 0x0000,
    0x0000, 0x0000, 0x0000, 0x0000, 0x0000, 0x0000, 0x0000, 0x0000, 0x0000, 0x0000, 0x0000, 0x0000,
    0x0000, 0x0000, 0x0000, 0x0000, 0x0000, 0x0000, 0x0000, 0x0000, 0x0000, 0x0000, 0x0000, 0x0000,
    0x0000, 0x0000, 0x0000, 0x0000, 0x0000, 0x0000, 0x0000, 0x0000, 0x0000, 0x0000, 0x0000, 0x0000,
    0x0000, 0x0000, 0x0000, 0x0000, 0x0000, 0x0000, 0x0000, 0x0000, 0x0000, 0x0000, 0x0000, 0x0000,
    0x0000, 0x0000, 0x0000, 0x0000, 0x0000, 0x0000, 0x0000, 0x0000, 0x0000, 0x0000, 0x0000, 0x0000,
    0x0000, 0x0000, 0x0000, 0x0000, 0x0000, 0x0821, 0x0841, 0x0861, 0x0861, 0x0861, 0x0861, 0x0861,
    0x0861, 0x0861, 0x0861, 0x0862, 0x0862, 0x0862, 0x0862, 0x0862, 0x0862, 0x0862, 0x0862, 0x0862,
    0x0862, 0x0862, 0x0862, 0x0862, 0x0862, 0x0861, 0x0861, 0x0862, 0x0882, 0x0882, 0x0882, 0x0882,
    0x0882, 0x0882, 0x0862, 0x0862, 0x0862, 0x0882, 0x08A2, 0x10C3, 0x10E3, 0x10C3, 0x08C3, 0x10E3,
    0x1924, 0x1924, 0x1103, 0x10E2, 0x08A2, 0x0882, 0x08A2, 0x10E3, 0x1123, 0x1103, 0x1123, 0x1123,
    0x1124, 0x10E3, 0x08C2, 0x08A2, 0x08A2, 0x10E3, 0x1923, 0x1944, 0x1944, 0x1944, 0x1103, 0x10C2,
    0x08A2, 0x08C2, 0x10E3, 0x1944, 0x1144, 0x1144, 0x1124, 0x10E3, 0x08A2, 0x08A2, 0x08C2, 0x10E3,
    0x1124, 0x1944, 0x1944, 0x1944, 0x1944, 0x1944, 0x1924, 0x10C2, 0x0882, 0x0882, 0x0882, 0x0882,
    0x08A2, 0x08A2, 0x08C2, 0x08C2, 0x10E3, 0x1924, 0x1944, 0x1964, 0x1964, 0x1944, 0x1944, 0x1124,
    0x10E3, 0x08A2, 0x0882, 0x0862, 0x0862, 0x0862, 0x0862, 0x0862, 0x0862, 0x0862, 0x0862, 0x0861,
    0x0861, 0x0861, 0x0862, 0x0862, 0x0862, 0x0862, 0x0862, 0x0862, 0x0862, 0x0862, 0x0041, 0x0000,
    0x0000, 0x0000, 0x0000, 0x0000, 0x0000, 0x0000, 0x0000, 0x0000, 0x0000, 0x0000, 0x0000, 0x0000,
    0x0000, 0x0000, 0x0000, 0x0000, 0x0000, 0x0000, 0x0000, 0x0000, 0x0000, 0x0000, 0x0000, 0x0000,
    0x0000, 0x0000, 0x0000, 0x0000, 0x0000, 0x0000, 0x0000, 0x0000, 0x0000, 0x0000, 0x0000, 0x0000,
    0x0000, 0x0000, 0x0000, 0x0000, 0x0000, 0x0000, 0x0000, 0x0000, 0x0000, 0x0000, 0x0000, 0x0000,
    0x0000, 0x0000, 0x0000, 0x0000, 0x0000, 0x0000, 0x0000, 0x0000, 0x0000, 0x0000, 0x0000, 0x0000,
    0x0000, 0x0000, 0x0000, 0x0000, 0x0000, 0x0000, 0x0000, 0x0000, 0x0000, 0x0000, 0x0000, 0x0000,
    0x0821, 0x0861, 0x0861, 0x0861, 0x0861, 0x0862, 0x0862, 0x0862, 0x0862, 0x0862, 0x0862, 0x0862,
    0x0862, 0x0862, 0x0862, 0x0862, 0x0862, 0x0862, 0x0862, 0x0862, 0x0862, 0x0862, 0x0862, 0x0862,
    0x0862, 0x0862, 0x0862, 0x0862, 0x0882, 0x10A2, 0x10C3, 0x08A2, 0x0882, 0x0882, 0x0862, 0x0862,
    0x0882, 0x0882, 0x10C3, 0x1103, 0x1124, 0x1124, 0x1123, 0x1944, 0x1964, 0x1944, 0x1924, 0x1103,
    0x08A2, 0x0882, 0x08A2, 0x1103, 0x1944, 0x1944, 0x1144, 0x1144, 0x1944, 0x1103, 0x08C2, 0x08C2,
    0x08C2, 0x1103, 0x1944, 0x1944, 0x1944, 0x1944, 0x1923, 0x10E3, 0x08C2, 0x08C2, 0x1103, 0x1964,
    0x1964, 0x1944, 0x1944, 0x1103, 0x10C2, 0x08A2, 0x08C2, 0x1103, 0x1944, 0x1945, 0x1964, 0x1944,
    0x1944, 0x1924, 0x1904, 0x10C2, 0x0882, 0x0882, 0x08A2, 0x08A2, 0x08C2, 0x08C2, 0x08C2, 0x1103,
    0x1924, 0x1944, 0x1964, 0x1964, 0x1964, 0x1944, 0x1944, 0x1123, 0x08C2, 0x08A2, 0x0882, 0x0862,
    0x0862, 0x0862, 0x0862, 0x0862, 0x0862, 0x0862, 0x0862, 0x0862, 0x0862, 0x0862, 0x0862, 0x0862,
    0x0862, 0x0862, 0x0862, 0x0862, 0x0862, 0x0862, 0x0862, 0x0041, 0x0020, 0x0000, 0x0000, 0x0000,
    0x0000, 0x0000, 0x0000, 0x0000, 0x0000, 0x0000, 0x0000, 0x0000, 0x0000, 0x0000, 0x0000, 0x0000,
    0x0000, 0x0000, 0x0000, 0x0000, 0x0000, 0x0000, 0x0000, 0x0000, 0x0000, 0x0000, 0x0000, 0x0000,
    0x0000, 0x0000, 0x0000, 0x0000, 0x0000, 0x0000, 0x0000, 0x0000, 0x0000, 0x0000, 0x0000, 0x0000,
    0x0000, 0x0000, 0x0000, 0x0000, 0x0000, 0x0000, 0x0000, 0x0000, 0x0000, 0x0000, 0x0000, 0x0000,
    0x0000, 0x0000, 0x0000, 0x0000, 0x0000, 0x0000, 0x0000, 0x0000, 0x0000, 0x0000, 0x0000, 0x0000,
    0x0000, 0x0000, 0x0000, 0x0000, 0x0000, 0x0000, 0x0000, 0x0821, 0x0841, 0x0861, 0x0862, 0x0862,
    0x0862, 0x0862, 0x0862, 0x0862, 0x0862, 0x0862, 0x0862, 0x0862, 0x0862, 0x0862, 0x0862, 0x0862,
    0x0862, 0x0862, 0x0862, 0x0862, 0x0862, 0x0862, 0x0862, 0x0862, 0x0862, 0x0862, 0x0862, 0x0862,
    0x0882, 0x10C3, 0x10E3, 0x10C3, 0x08A2, 0x0882, 0x0862, 0x0882, 0x0882, 0x08A2, 0x10C3, 0x1124,
    0x1144, 0x1144, 0x1144, 0x1964, 0x1964, 0x1964, 0x1944, 0x1103, 0x08C2, 0x08A2, 0x08A2, 0x1103,
    0x1944, 0x1944, 0x1944, 0x1144, 0x1144, 0x1103, 0x08C2, 0x08C2, 0x08E3, 0x1123, 0x1944, 0x1944,
    0x1944, 0x1944, 0x1923, 0x10E3, 0x08C2, 0x08C2, 0x1123, 0x1944, 0x1944, 0x1944, 0x1943, 0x1923,
    0x10E2, 0x10C2, 0x10E2, 0x1924, 0x1945, 0x1965, 0x1965, 0x1944, 0x1944, 0x1924, 0x1103, 0x08C2,
    0x0882, 0x08A2, 0x08A2, 0x08C3, 0x08C3, 0x08C3, 0x10E3, 0x1124, 0x1944, 0x1944, 0x1964, 0x1964,
    0x1964, 0x1944, 0x1944, 0x1103, 0x08C2, 0x08A2, 0x0882, 0x0862, 0x0862, 0x0862, 0x0862, 0x0862,
    0x0862, 0x0862, 0x0862, 0x0862, 0x0862, 0x0862, 0x0862, 0x0862, 0x0862, 0x0862, 0x0862, 0x0862,
    0x0862, 0x0862, 0x0862, 0x0862, 0x0841, 0x0020, 0x0000, 0x0000, 0x0000, 0x0000, 0x0000, 0x0000,
    0x0000, 0x0000, 0x0000, 0x0000, 0x0000, 0x0000, 0x0000, 0x0000, 0x0000, 0x0000, 0x0000, 0x0000,
    0x0000, 0x0000, 0x0000, 0x0000, 0x0000, 0x0000, 0x0000, 0x0000, 0x0000, 0x0000, 0x0000, 0x0000,
    0x0000, 0x0000, 0x0000, 0x0000, 0x0000, 0x0000, 0x0000, 0x0000, 0x0000, 0x0000, 0x0000, 0x0000,
    0x0000, 0x0000, 0x0000, 0x0000, 0x0000, 0x0000, 0x0000, 0x0000, 0x0000, 0x0000, 0x0000, 0x0000,
    0x0000, 0x0000, 0x0000, 0x0000, 0x0000, 0x0000, 0x0000, 0x0000, 0x0000, 0x0000, 0x0000, 0x0000,
    0x0000, 0x0020, 0x0841, 0x0861, 0x0862, 0x0862, 0x0862, 0x0862, 0x0862, 0x0862, 0x0862, 0x0862,
    0x0862, 0x0862, 0x0862, 0x0862, 0x0862, 0x0862, 0x0862, 0x0862, 0x0862, 0x0862, 0x0862, 0x0862,
    0x0862, 0x0862, 0x0862, 0x0862, 0x0862, 0x0862, 0x0882, 0x0882, 0x08A2, 0x10E3, 0x1924, 0x1904,
    0x10E3, 0x08A2, 0x0882, 0x0882, 0x0882, 0x0882, 0x10C3, 0x1124, 0x1144, 0x1164, 0x1164, 0x1164,
    0x1964, 0x1964, 0x1964, 0x1944, 0x10E3, 0x08C2, 0x08A2, 0x1103, 0x1144, 0x1964, 0x1964, 0x1144,
    0x1144, 0x1123, 0x08E2, 0x08E2, 0x08E3, 0x1124, 0x1944, 0x1944, 0x1964, 0x1964, 0x1923, 0x10E2,
    0x08C2, 0x08C2, 0x1103, 0x1123, 0x1943, 0x2143, 0x2984, 0x3A06, 0x4267, 0x4247, 0x3A06, 0x31C5,
    0x2184, 0x1964, 0x1964, 0x1944, 0x1944, 0x1124, 0x1103, 0x08A2, 0x08A2, 0x08A2, 0x08C2, 0x10C3,
    0x08C3, 0x10E3, 0x1124, 0x1944, 0x1964, 0x1964, 0x1964, 0x1964, 0x1964, 0x1944, 0x1123, 0x08E2,
    0x08A2, 0x0882, 0x0882, 0x0882, 0x0862, 0x0862, 0x0862, 0x0862, 0x0862, 0x0862, 0x0882, 0x0862,
    0x0862, 0x0862, 0x0862, 0x0862, 0x0862, 0x0862, 0x0882, 0x0862, 0x0862, 0x0862, 0x0862, 0x0862,
    0x0862, 0x0861, 0x0020, 0x0000, 0x0000, 0x0000, 0x0000, 0x0000, 0x0000, 0x0000, 0x0000, 0x0000,
    0x0000, 0x0000, 0x0000, 0x0000, 0x0000, 0x0000, 0x0000, 0x0000, 0x0000, 0x0000, 0x0000, 0x0000,
    0x0000, 0x0000, 0x0000, 0x0000, 0x0000, 0x0000, 0x0000, 0x0000, 0x0000, 0x0000, 0x0000, 0x0000,
    0x0000, 0x0000, 0x0000, 0x0000, 0x0000, 0x0000, 0x0000, 0x0000, 0x0000, 0x0000, 0x0000, 0x0000,
    0x0000, 0x0000, 0x0000, 0x0000, 0x0000, 0x0000, 0x0000, 0x0000, 0x0000, 0x0000, 0x0000, 0x0000,
    0x0000, 0x0000, 0x0000, 0x0000, 0x0000, 0x0000, 0x0000, 0x0000, 0x0020, 0x0841, 0x0861, 0x0861,
    0x0862, 0x0861, 0x0861, 0x0861, 0x0861, 0x0862, 0x0862, 0x0862, 0x0862, 0x0862, 0x0862, 0x0862,
    0x0862, 0x0862, 0x0862, 0x0862, 0x0862, 0x0862, 0x0862, 0x0862, 0x0862, 0x0862, 0x0862, 0x0862,
    0x0862, 0x0882, 0x0882, 0x08A2, 0x10C3, 0x1104, 0x1944, 0x1924, 0x1103, 0x10E3, 0x08A2, 0x0882,
    0x0882, 0x0882, 0x08C3, 0x1124, 0x1164, 0x1964, 0x1164, 0x1164, 0x1984, 0x1984, 0x1964, 0x1944,
    0x1103, 0x08C2, 0x08C2, 0x0903, 0x1144, 0x1964, 0x1164, 0x1144, 0x1144, 0x1123, 0x08E2, 0x08E2,
    0x08E3, 0x1124, 0x1944, 0x1944, 0x1964, 0x1964, 0x1123, 0x08E2, 0x08C2, 0x08E2, 0x1102, 0x1943,
    0x3205, 0x5B2A, 0x7C0D, 0x9CF0, 0xB592, 0xB592, 0xA4F0, 0x8C6E, 0x6BAC, 0x4AC8, 0x21A4, 0x1943,
    0x1123, 0x1103, 0x08E3, 0x08A2, 0x08A2, 0x08A2, 0x10C2, 0x10C3, 0x10E3, 0x1103, 0x1944, 0x1964,
    0x1964, 0x1964, 0x1964, 0x1964, 0x1964, 0x1944, 0x1123, 0x08C2, 0x08A2, 0x0882, 0x0882, 0x0882,
    0x0882, 0x0861, 0x0862, 0x0862, 0x0862, 0x0862, 0x0882, 0x0882, 0x0882, 0x08A2, 0x0882, 0x0882,
    0x0882, 0x0882, 0x0882, 0x0882, 0x0862, 0x0862, 0x0862, 0x0862, 0x0862, 0x0862, 0x0841, 0x0020,
    0x0000, 0x0000, 0x0000, 0x0000, 0x0000, 0x0000, 0x0000, 0x0000, 0x0000, 0x0000, 0x0000, 0x0000,
    0x0000, 0x0000, 0x0000, 0x0000, 0x0000, 0x0000, 0x0000, 0x0000, 0x0000, 0x0000, 0x0000, 0x0000,
    0x0000, 0x0000, 0x0000, 0x0000, 0x0000, 0x0000, 0x0000, 0x0000, 0x0000, 0x0000, 0x0000, 0x0000,
    0x0000, 0x0000, 0x0000, 0x0000, 0x0000, 0x0000, 0x0000, 0x0000, 0x0000, 0x0000, 0x0000, 0x0000,
    0x0000, 0x0000, 0x0000, 0x0000, 0x0000, 0x0000, 0x0000, 0x0000, 0x0000, 0x0000, 0x0000, 0x0000,
    0x0000, 0x0000, 0x0000, 0x0020, 0x0841, 0x0861, 0x0862, 0x0862, 0x0861, 0x0862, 0x0862, 0x0862,
    0x0862, 0x0862, 0x0862, 0x0862, 0x0862, 0x0861, 0x0861, 0x0862, 0x0862, 0x0862, 0x0862, 0x0862,
    0x0862, 0x0862, 0x0862, 0x0882, 0x1082, 0x10A3, 0x10A2, 0x0882, 0x0882, 0x0882, 0x0882, 0x08A2,
    0x10C3, 0x1924, 0x1944, 0x1944, 0x1944, 0x1124, 0x10E3, 0x08A2, 0x0882, 0x0882, 0x08C2, 0x1124,
    0x1164, 0x1164, 0x1184, 0x1184, 0x1184, 0x1984, 0x1964, 0x1964, 0x1123, 0x08E3, 0x08C2, 0x0903,
    0x1144, 0x1964, 0x1164, 0x1144, 0x1144, 0x1123, 0x08E2, 0x08E2, 0x0903, 0x1124, 0x1944, 0x1944,
    0x1964, 0x1964, 0x1123, 0x08E2, 0x08C2, 0x10E2, 0x31C5, 0x634A, 0x9D10, 0xCE75, 0xDF17, 0xEF38,
    0xEF58, 0xEF38, 0xEF38, 0xEF38, 0xDED6, 0xBDF3, 0x7C2D, 0x4287, 0x1943, 0x08E2, 0x08C2, 0x08C2,
    0x08A2, 0x08A2, 0x10C3, 0x10E3, 0x1103, 0x1123, 0x1964, 0x1964, 0x1964, 0x1964, 0x1964, 0x1144,
    0x1964, 0x1144, 0x1103, 0x08A2, 0x08A2, 0x08A2, 0x0882, 0x0882, 0x0882, 0x0882, 0x08A2, 0x0882,
    0x0882, 0x0882, 0x0882, 0x08A2, 0x10C3, 0x10E3, 0x10E3, 0x10E3, 0x10C3, 0x10A3, 0x10A2, 0x0882,
    0x0862, 0x0862, 0x0862, 0x0862, 0x0862, 0x0862, 0x0861, 0x0861, 0x0020, 0x0000, 0x0000, 0x0000,
    0x0000, 0x0000, 0x0000, 0x0000, 0x0000, 0x0000, 0x0000, 0x0000, 0x0000, 0x0000, 0x0000, 0x0000,
    0x0000, 0x0000, 0x0000, 0x0000, 0x0000, 0x0000, 0x0000, 0x0000, 0x0000, 0x0000, 0x0000, 0x0000,
    0x0000, 0x0000, 0x0000, 0x0000, 0x0000, 0x0000, 0x0000, 0x0000, 0x0000, 0x0000, 0x0000, 0x0000,
    0x0000, 0x0000, 0x0000, 0x0000, 0x0000, 0x0000, 0x0000, 0x0000, 0x0000, 0x0000, 0x0000, 0x0000,
    0x0000, 0x0000, 0x0000, 0x0000, 0x0000, 0x0000, 0x0000, 0x0000, 0x0000, 0x0000, 0x0020, 0x0841,
    0x0861, 0x0862, 0x0862, 0x0862, 0x0862, 0x0862, 0x0862, 0x0862, 0x0862, 0x0862, 0x0862, 0x0862,
    0x0862, 0x0862, 0x0861, 0x0861, 0x0862, 0x0862, 0x0862, 0x0882, 0x0882, 0x0862, 0x0882, 0x0882,
    0x10A2, 0x10E3, 0x10C3, 0x08A2, 0x0882, 0x0882, 0x0882, 0x08A2, 0x10C3, 0x1924, 0x1944, 0x1944,
    0x1944, 0x1944, 0x1124, 0x10E3, 0x08A2, 0x08A2, 0x08C2, 0x1123, 0x1164, 0x1164, 0x1184, 0x1184,
    0x1184, 0x1984, 0x1984, 0x1964, 0x1144, 0x0903, 0x08C2, 0x08E3, 0x1144, 0x1964, 0x1164, 0x1144,
    0x1144, 0x1123, 0x08E2, 0x08E2, 0x0903, 0x1144, 0x1944, 0x1944, 0x1964, 0x1964, 0x1103, 0x08E2,
    0x10E2, 0x29A5, 0x8C8F, 0xCE76, 0xEF58, 0xEF79, 0xF778, 0xF778, 0xFF78, 0xFF78, 0xFF78, 0xFF78,
    0xFF99, 0xF799, 0xE738, 0xB5D3, 0x5B09, 0x1923, 0x08A2, 0x08C2, 0x08C2, 0x08C2, 0x10C3, 0x10E3,
    0x1123, 0x1144, 0x1964, 0x1964, 0x1964, 0x1964, 0x1144, 0x1144, 0x1944, 0x1123, 0x08E2, 0x08A2,
    0x08A2, 0x08A2, 0x08A2, 0x08A2, 0x08C2, 0x10C3, 0x10C3, 0x10A2, 0x0882, 0x0882, 0x0882, 0x08A2,
    0x10E3, 0x1904, 0x1924, 0x1924, 0x1904, 0x10C3, 0x10A2, 0x0882, 0x0862, 0x0862, 0x0862, 0x0862,
    0x0862, 0x0862, 0x0862, 0x0862, 0x0861, 0x0021, 0x0000, 0x0000, 0x0000, 0x0000, 0x0000, 0x0000,
    0x0000, 0x0000, 0x0000, 0x0000, 0x0000, 0x0000, 0x0000, 0x0000, 0x0000, 0x0000, 0x0000, 0x0000,
    0x0000, 0x0000, 0x0000, 0x0000, 0x0000, 0x0000, 0x0000, 0x0000, 0x0000, 0x0000, 0x0000, 0x0000,
    0x0000, 0x0000, 0x0000, 0x0000, 0x0000, 0x0000, 0x0000, 0x0000, 0x0000, 0x0000, 0x0000, 0x0000,
    0x0000, 0x0000, 0x0000, 0x0000, 0x0000, 0x0000, 0x0000, 0x0000, 0x0000, 0x0000, 0x0000, 0x0000,
    0x0000, 0x0000, 0x0000, 0x0000, 0x0000, 0x0020, 0x0841, 0x0861, 0x0862, 0x0862, 0x0862, 0x0862,
    0x0862, 0x0862, 0x0862, 0x0862, 0x0862, 0x0862, 0x0862, 0x0862, 0x0862, 0x0862, 0x0862, 0x0862,
    0x0882, 0x0882, 0x08A2, 0x08A2, 0x08A2, 0x0882, 0x0882, 0x0882, 0x10C3, 0x1103, 0x10E3, 0x10E3,
    0x08C2, 0x08A2, 0x08A2, 0x08A2, 0x08E3, 0x1924, 0x1944, 0x1944, 0x1944, 0x1944, 0x1144, 0x1104,
    0x08C2, 0x08A2, 0x08C2, 0x1103, 0x1144, 0x1964, 0x1184, 0x1184, 0x1164, 0x1984, 0x1984, 0x1984,
    0x1964, 0x1103, 0x08E2, 0x0903, 0x1144, 0x1964, 0x1164, 0x1164, 0x1164, 0x1123, 0x08E2, 0x08E3,
    0x1103, 0x1144, 0x1944, 0x1944, 0x1964, 0x1944, 0x1103, 0x10C2, 0x31C5, 0x8C6F, 0xDEF8, 0xEF79,
    0xF778, 0xF778, 0xF778, 0xFF78, 0xFF78, 0xFF78, 0xFF78, 0xFF78, 0xFF78, 0xFF99, 0xF799, 0xEF79,
    0xB5B3, 0x4267, 0x10C1, 0x08A2, 0x08A2, 0x08C3, 0x10E3, 0x1103, 0x1144, 0x1964, 0x1964, 0x1964,
    0x1964, 0x1964, 0x1144, 0x1144, 0x1944, 0x1103, 0x08C2, 0x08C2, 0x08C2, 0x08C2, 0x08E3, 0x10E3,
    0x10E3, 0x10E3, 0x10C3, 0x08A2, 0x08A2, 0x0882, 0x08A2, 0x08C2, 0x1103, 0x1924, 0x1944, 0x1924,
    0x1904, 0x10C3, 0x10A2, 0x0882, 0x0862, 0x0862, 0x0862, 0x0862, 0x0862, 0x0862, 0x0862, 0x0862,
    0x0862, 0x0861, 0x0021, 0x0000, 0x0000, 0x0000, 0x0000, 0x0000, 0x0000, 0x0000, 0x0000, 0x0000,
    0x0000, 0x0000, 0x0000, 0x0000, 0x0000, 0x0000, 0x0000, 0x0000, 0x0000, 0x0000, 0x0000, 0x0000,
    0x0000, 0x0000, 0x0000, 0x0000, 0x0000, 0x0000, 0x0000, 0x0000, 0x0000, 0x0000, 0x0000, 0x0000,
    0x0000, 0x0000, 0x0000, 0x0000, 0x0000, 0x0000, 0x0000, 0x0000, 0x0000, 0x0000, 0x0000, 0x0000,
    0x0000, 0x0000, 0x0000, 0x0000, 0x0000, 0x0000, 0x0000, 0x0000, 0x0000, 0x0000, 0x0000, 0x0000,
    0x0020, 0x0841, 0x0861, 0x0862, 0x0862, 0x0862, 0x0862, 0x0862, 0x0862, 0x0862, 0x0862, 0x0862,
    0x0862, 0x0862, 0x0862, 0x0862, 0x0862, 0x0862, 0x0862, 0x0882, 0x08A2, 0x08A2, 0x10C2, 0x10E3,
    0x10E3, 0x08A2, 0x08A2, 0x08A2, 0x10C2, 0x1103, 0x1123, 0x1123, 0x1123, 0x08E3, 0x08C2, 0x08A2,
    0x08C2, 0x1924, 0x1944, 0x1944, 0x1944, 0x1964, 0x1964, 0x1144, 0x08E3, 0x08C2, 0x08A2, 0x08E3,
    0x1143, 0x1964, 0x1184, 0x1184, 0x1164, 0x1984, 0x1984, 0x1984, 0x1964, 0x1123, 0x08E2, 0x0903,
    0x1143, 0x1964, 0x1164, 0x1164, 0x1164, 0x1123, 0x08E2, 0x08E3, 0x1103, 0x1144, 0x1964, 0x1964,
    0x1964, 0x1944, 0x10E2, 0x2163, 0x8C8F, 0xE718, 0xF79A, 0xF799, 0xF799, 0xFF99, 0xFF99, 0xFF99,
    0xFF99, 0xFF98, 0xFF98, 0xFF98, 0xFF98, 0xFF99, 0xFF99, 0xFF99, 0xEF58, 0xA531, 0x31C5, 0x08A1,
    0x08A2, 0x08C2, 0x10E3, 0x1123, 0x1144, 0x1964, 0x1964, 0x1984, 0x1964, 0x1964, 0x1144, 0x1144,
    0x1124, 0x08E3, 0x08C2, 0x08E2, 0x08E3, 0x1103, 0x1124, 0x1104, 0x10E3, 0x08C3, 0x08C2, 0x08A2,
    0x08A2, 0x08C2, 0x1103, 0x1123, 0x1944, 0x1964, 0x1964, 0x1944, 0x1903, 0x10C2, 0x0882, 0x0862,
    0x0862, 0x0862, 0x0862, 0x0862, 0x0862, 0x0862, 0x0862, 0x0862, 0x0862, 0x0862, 0x0862, 0x0021,
    0x0000, 0x0000, 0x0000, 0x0000, 0x0000, 0x0000, 0x0000, 0x0000, 0x0000, 0x0000, 0x0000, 0x0000,
    0x0000, 0x0000, 0x0000, 0x0000, 0x0000, 0x0000, 0x0000, 0x0000, 0x0000, 0x0000, 0x0000, 0x0000,
    0x0000, 0x0000, 0x0000, 0x0000, 0x0000, 0x0000, 0x0000, 0x0000, 0x0000, 0x0000, 0x0000, 0x0000,
    0x0000, 0x0000, 0x0000, 0x0000, 0x0000, 0x0000, 0x0000, 0x0000, 0x0000, 0x0000, 0x0000, 0x0000,
    0x0000, 0x0000, 0x0000, 0x0000, 0x0000, 0x0000, 0x0000, 0x0020, 0x0841, 0x0861, 0x0862, 0x0862,
    0x0862, 0x0862, 0x0862, 0x0862, 0x0862, 0x0862, 0x0862, 0x0862, 0x0862, 0x0862, 0x0862, 0x0862,
    0x0862, 0x0862, 0x0882, 0x0882, 0x08A2, 0x08C2, 0x08E3, 0x1103, 0x1124, 0x1103, 0x08C2, 0x08A2,
    0x08C2, 0x1103, 0x1123, 0x1144, 0x1144, 0x1123, 0x08E2, 0x08A2, 0x08C2, 0x1123, 0x1944, 0x1944,
    0x1144, 0x1164, 0x1965, 0x1964, 0x1123, 0x08C2, 0x08C2, 0x08E2, 0x1123, 0x1164, 0x1184, 0x1184,
    0x1164, 0x1184, 0x1984, 0x1984, 0x1984, 0x1143, 0x0903, 0x08E3, 0x1123, 0x1164, 0x1164, 0x1164,
    0x1164, 0x1123, 0x08E2, 0x0903, 0x1103, 0x1144, 0x1964, 0x1944, 0x1964, 0x1123, 0x08C1, 0x634A,
    0xD6B7, 0xF7BA, 0xF799, 0xF799, 0xFF99, 0xFFB9, 0xFFBA, 0xFFB9, 0xFFB9, 0xFF99, 0xFF99, 0xFF99,
    0xFF99, 0xFF99, 0xFF99, 0xFF99, 0xF799, 0xDEF7, 0x6B8B, 0x1102, 0x08A2, 0x08C2, 0x1103, 0x1144,
    0x1164, 0x1964, 0x1964, 0x1984, 0x1964, 0x1164, 0x1144, 0x1144, 0x1123, 0x08E2, 0x08C2, 0x08E3,
    0x1123, 0x1144, 0x1144, 0x1123, 0x08E3, 0x08C2, 0x08C2, 0x08C2, 0x08C2, 0x1103, 0x1144, 0x1964,
    0x1985, 0x1985, 0x1964, 0x1944, 0x1103, 0x08A2, 0x0882, 0x0861, 0x0862, 0x0862, 0x0862, 0x0862,
    0x0862, 0x0862, 0x0862, 0x0862, 0x0862, 0x0862, 0x0862, 0x0862, 0x0020, 0x0000, 0x0000, 0x0000,
    0x0000, 0x0000, 0x0000, 0x0000, 0x0000, 0x0000, 0x0000, 0x0000, 0x0000, 0x0000, 0x0000, 0x0000,
    0x0000, 0x0000, 0x0000, 0x0000, 0x0000, 0x0000, 0x0000, 0x0000, 0x0000, 0x0000, 0x0000, 0x0000,
    0x0000, 0x0000, 0x0000, 0x0000, 0x0000, 0x0000, 0x0000, 0x0000, 0x0000, 0x0000, 0x0000, 0x0000,
    0x0000, 0x0000, 0x0000, 0x0000, 0x0000, 0x0000, 0x0000, 0x0000, 0x0000, 0x0000, 0x0000, 0x0000,
    0x0000, 0x0000, 0x0020, 0x0841, 0x0861, 0x0862, 0x0862, 0x0862, 0x0862, 0x0862, 0x0862, 0x0862,
    0x0862, 0x0862, 0x0862, 0x0862, 0x0862, 0x0862, 0x0862, 0x0862, 0x0862, 0x0882, 0x0882, 0x08A2,
    0x10C3, 0x1103, 0x1123, 0x1944, 0x1964, 0x1144, 0x1123, 0x08C2, 0x08C2, 0x0903, 0x1144, 0x1144,
    0x1964, 0x1144, 0x1103, 0x08C2, 0x08C2, 0x10E3, 0x1924, 0x1944, 0x1964, 0x1164, 0x1164, 0x1164,
    0x1144, 0x08E3, 0x08C2, 0x08C2, 0x0902, 0x1164, 0x1984, 0x1984, 0x1184, 0x1984, 0x1984, 0x1984,
    0x1984, 0x1144, 0x0903, 0x0903, 0x1123, 0x1164, 0x1164, 0x1164, 0x1164, 0x1123, 0x08E2, 0x0903,
    0x1123, 0x1144, 0x1964, 0x1964, 0x1964, 0x1122, 0x29C4, 0xAD72, 0xF79A, 0xFFBA, 0xFF9A, 0xFF9A,
    0xFFBA, 0xFFBA, 0xFFBA, 0xFFBA, 0xFFBA, 0xFF99, 0xFF99, 0xFFB9, 0xFF99, 0xFF99, 0xFF99, 0xFF99,
    0xFF99, 0xF779, 0xBE14, 0x29C5, 0x08A1, 0x08E2, 0x1144, 0x1164, 0x1164, 0x1984, 0x1984, 0x1964,
    0x1164, 0x1164, 0x1144, 0x1123, 0x0903, 0x0903, 0x0903, 0x1124, 0x1144, 0x1144, 0x1144, 0x0923,
    0x08E2, 0x08E2, 0x08C2, 0x08E3, 0x1123, 0x1964, 0x19A5, 0x19A5, 0x1985, 0x1985, 0x1964, 0x1123,
    0x10E3, 0x08A2, 0x0882, 0x0862, 0x0862, 0x0862, 0x0862, 0x0862, 0x0862, 0x0862, 0x0862, 0x0862,
    0x0862, 0x0862, 0x0862, 0x0862, 0x0862, 0x0020, 0x0000, 0x0000, 0x0000, 0x0000, 0x0000, 0x0000,
    0x0000, 0x0000, 0x0000, 0x0000, 0x0000, 0x0000, 0x0000, 0x0000, 0x0000, 0x0000, 0x0000, 0x0000,
    0x0000, 0x0000, 0x0000, 0x0000, 0x0000, 0x0000, 0x0000, 0x0000, 0x0000, 0x0000, 0x0000, 0x0000,
    0x0000, 0x0000, 0x0000, 0x0000, 0x0000, 0x0000, 0x0000, 0x0000, 0x0000, 0x0000, 0x0000, 0x0000,
    0x0000, 0x0000, 0x0000, 0x0000, 0x0000, 0x0000, 0x0000, 0x0000, 0x0000, 0x0020, 0x0841, 0x0862,
    0x0862, 0x0862, 0x0862, 0x0862, 0x0862, 0x0862, 0x0862, 0x0862, 0x0862, 0x0862, 0x0862, 0x0862,
    0x0862, 0x0862, 0x0862, 0x0862, 0x0882, 0x08A2, 0x10C2, 0x10E3, 0x1103, 0x1944, 0x1964, 0x1964,
    0x1984, 0x1984, 0x1964, 0x1123, 0x08E3, 0x0902, 0x1123, 0x1144, 0x1964, 0x1964, 0x1144, 0x1103,
    0x08E2, 0x08E3, 0x1123, 0x1944, 0x1964, 0x1164, 0x1184, 0x1164, 0x1144, 0x1123, 0x08E2, 0x08C2,
    0x0902, 0x1143, 0x1964, 0x1984, 0x1184, 0x1184, 0x1984, 0x1984, 0x1984, 0x1164, 0x0903, 0x0903,
    0x1123, 0x1164, 0x1164, 0x1164, 0x1164, 0x1123, 0x08E2, 0x0903, 0x1123, 0x1144, 0x1964, 0x1964,
    0x1944, 0x1122, 0x5309, 0xCE96, 0xF7BA, 0xFF9A, 0xFFBA, 0xFFBA, 0xFFBA, 0xFFBA, 0xFFBA, 0xFFBA,
    0xFFBA, 0xFFBA, 0xFFB9, 0xFFB9, 0xFF99, 0xFF99, 0xFF99, 0xFF99, 0xFF99, 0xF799, 0xE739, 0x4A88,
    0x08C2, 0x0903, 0x1164, 0x1164, 0x1164, 0x1984, 0x1984, 0x1164, 0x1164, 0x1144, 0x1144, 0x0903,
    0x0903, 0x1123, 0x1144, 0x1144, 0x1164, 0x1144, 0x0923, 0x0903, 0x0903, 0x08E2, 0x08E3, 0x1123,
    0x1964, 0x1985, 0x19A5, 0x19A5, 0x19A5, 0x19A5, 0x1964, 0x1103, 0x08C2, 0x08A2, 0x0882, 0x0882,
    0x0862, 0x0862, 0x0862, 0x0862, 0x0862, 0x0862, 0x0862, 0x0862, 0x0862, 0x0862, 0x0862, 0x0862,
    0x0862, 0x0861, 0x0020, 0x0000, 0x0000, 0x0000, 0x0000, 0x0000, 0x0000, 0x0000, 0x0000, 0x0000,
    0x0000, 0x0000, 0x0000, 0x0000, 0x0000, 0x0000, 0x0000, 0x0000, 0x0000, 0x0000, 0x0000, 0x0000,
    0x0000, 0x0000, 0x0000, 0x0000, 0x0000, 0x0000, 0x0000, 0x0000, 0x0000, 0x0000, 0x0000, 0x0000,
    0x0000, 0x0000, 0x0000, 0x0000, 0x0000, 0x0000, 0x0000, 0x0000, 0x0000, 0x0000, 0x0000, 0x0000,
    0x0000, 0x0000, 0x0000, 0x0000, 0x0000, 0x0841, 0x0862, 0x0862, 0x0862, 0x0862, 0x0862, 0x0862,
    0x0862, 0x0862, 0x0862, 0x0862, 0x0862, 0x0861, 0x0861, 0x0861, 0x0862, 0x0861, 0x0882, 0x0882,
    0x0882, 0x10C3, 0x1903, 0x1924, 0x1944, 0x1964, 0x1964, 0x1984, 0x1984, 0x19A4, 0x1984, 0x1984,
    0x1143, 0x0903, 0x0903, 0x1123, 0x1164, 0x1964, 0x1164, 0x1144, 0x0903, 0x08E2, 0x1103, 0x1144,
    0x1144, 0x1964, 0x1184, 0x1164, 0x1164, 0x1144, 0x0903, 0x08E2, 0x08E2, 0x0923, 0x1164, 0x1984,
    0x1184, 0x1184, 0x1984, 0x1984, 0x1984, 0x1964, 0x1123, 0x0903, 0x1123, 0x1164, 0x1164, 0x1164,
    0x1164, 0x1123, 0x08E2, 0x0903, 0x1123, 0x1144, 0x1164, 0x1164, 0x1143, 0x1943, 0x6BCC, 0xDEF8,
    0xFFBB, 0xFFBA, 0xFFBA, 0xFFBA, 0xFFBA, 0xFFBA, 0xFFBA, 0xFFB9, 0xFFBA, 0xFFBA, 0xFFB9, 0xFF99,
    0xFF99, 0xFF99, 0xFF99, 0xFF99, 0xFF99, 0xFF99, 0xF79A, 0x6BAB, 0x1943, 0x1123, 0x1964, 0x1184,
    0x1164, 0x1964, 0x1164, 0x1164, 0x1164, 0x1144, 0x1123, 0x0903, 0x1123, 0x1144, 0x1964, 0x1164,
    0x1144, 0x0923, 0x0903, 0x0903, 0x0903, 0x1103, 0x1123, 0x1964, 0x1984, 0x1984, 0x19A4, 0x19A5,
    0x19A5, 0x1984, 0x1144, 0x1103, 0x08C2, 0x08A2, 0x0882, 0x0882, 0x0882, 0x0882, 0x0862, 0x0862,
    0x0862, 0x0862, 0x0862, 0x0862, 0x0862, 0x0862, 0x0862, 0x0862, 0x0862, 0x0862, 0x0841, 0x0020,
    0x0000, 0x0000, 0x0000, 0x0000, 0x0000, 0x0000, 0x0000, 0x0000, 0x0000, 0x0000, 0x0000, 0x0000,
    0x0000, 0x0000, 0x0000, 0x0000, 0x0000, 0x0000, 0x0000, 0x0000, 0x0000, 0x0000, 0x0000, 0x0000,
    0x0000, 0x0000, 0x0000, 0x0000, 0x0000, 0x0000, 0x0000, 0x0000, 0x0000, 0x0000, 0x0000, 0x0000,
    0x0000, 0x0000, 0x0000, 0x0000, 0x0000, 0x0000, 0x0000, 0x0000, 0x0000, 0x0000, 0x0000, 0x0000,
    0x0841, 0x0862, 0x0862, 0x0862, 0x0862, 0x0862, 0x0862, 0x0862, 0x0862, 0x0862, 0x0862, 0x0862,
    0x0862, 0x0861, 0x0861, 0x0861, 0x0861, 0x0862, 0x0882, 0x0882, 0x0882, 0x08A2, 0x10E3, 0x1924,
    0x1944, 0x1964, 0x1984, 0x1984, 0x19A4, 0x19A5, 0x19A5, 0x19A4, 0x1984, 0x1143, 0x0903, 0x0923,
    0x1143, 0x1164, 0x1164, 0x1164, 0x1143, 0x0903, 0x1103, 0x1124, 0x1144, 0x1964, 0x1184, 0x1184,
    0x1184, 0x1164, 0x1144, 0x0902, 0x08E2, 0x0902, 0x1143, 0x1964, 0x1164, 0x1164, 0x1984, 0x19A4,
    0x19A4, 0x1984, 0x1143, 0x0903, 0x0923, 0x1164, 0x1164, 0x1164, 0x1164, 0x1123, 0x08E2, 0x0903,
    0x1123, 0x1144, 0x1164, 0x1144, 0x1143, 0x1943, 0x7C0D, 0xDF18, 0xFFBA, 0xFFBA, 0xFFBB, 0xFFBB,
    0xFFBB, 0xFFBA, 0xFFBA, 0xFFB9, 0xFFB9, 0xFFB9, 0xFFB9, 0xFF99, 0xFF99, 0xFF99, 0xFF99, 0xFF99,
    0xFF99, 0xFFB9, 0xF7BA, 0x7C2D, 0x2184, 0x1144, 0x1984, 0x1984, 0x1984, 0x1964, 0x1164, 0x1964,
    0x1164, 0x1143, 0x1123, 0x1123, 0x1144, 0x1144, 0x1164, 0x1144, 0x0923, 0x0903, 0x0903, 0x0923,
    0x1123, 0x1164, 0x1984, 0x1984, 0x1984, 0x19A4, 0x19A4, 0x19A4, 0x19A4, 0x1984, 0x1144, 0x1103,
    0x08C2, 0x08A2, 0x0882, 0x0882, 0x0882, 0x0882, 0x0862, 0x0862, 0x0861, 0x0861, 0x0861, 0x0861,
    0x0862, 0x0862, 0x0862, 0x0862, 0x0862, 0x0862, 0x0862, 0x0841, 0x0000, 0x0000, 0x0000, 0x0000,
    0x0000, 0x0000, 0x0000, 0x0000, 0x0000, 0x0000, 0x0000, 0x0000, 0x0000, 0x0000, 0x0000, 0x0000,
    0x0000, 0x0000, 0x0000, 0x0000, 0x0000, 0x0000, 0x0000, 0x0000, 0x0000, 0x0000, 0x0000, 0x0000,
    0x0000, 0x0000, 0x0000, 0x0000, 0x0000, 0x0000, 0x0000, 0x0000, 0x0000, 0x0000, 0x0000, 0x0000,
    0x0000, 0x0000, 0x0000, 0x0000, 0x0000, 0x0000, 0x0000, 0x0841, 0x0862, 0x0862, 0x0862, 0x0862,
    0x0862, 0x0862, 0x0862, 0x0862, 0x0862, 0x0862, 0x0862, 0x0862, 0x0862, 0x0861, 0x0861, 0x0861,
    0x0861, 0x0861, 0x0882, 0x0882, 0x0882, 0x08A2, 0x08C2, 0x1103, 0x1944, 0x1964, 0x1984, 0x19A4,
    0x19A5, 0x19A5, 0x19C5, 0x19A5, 0x19A4, 0x1184, 0x1143, 0x1123, 0x1123, 0x1164, 0x1164, 0x1164,
    0x1144, 0x1123, 0x1123, 0x1123, 0x1144, 0x1964, 0x1984, 0x1184, 0x1184, 0x1164, 0x1144, 0x0903,
    0x0902, 0x0902, 0x1143, 0x1164, 0x1164, 0x1164, 0x1984, 0x19A4, 0x1984, 0x1984, 0x1143, 0x0903,
    0x0923, 0x1164, 0x1164, 0x1164, 0x1164, 0x1123, 0x0902, 0x0903, 0x1123, 0x1144, 0x1164, 0x1144,
    0x1143, 0x1943, 0x740D, 0xDF18, 0xFFBA, 0xFFBB, 0xFFBB, 0xFFBB, 0xFFBB, 0xFFBA, 0xFFBA, 0xFFBA,
    0xFFBA, 0xFFBA, 0xFFB9, 0xFF99, 0xFF99, 0xFF99, 0xFF99, 0xFF99, 0xFF99, 0xFF99, 0xF7BA, 0x7C2D,
    0x2184, 0x1164, 0x1984, 0x1984, 0x1984, 0x1964, 0x1964, 0x1964, 0x1144, 0x1123, 0x1123, 0x1123,
    0x1144, 0x1164, 0x1144, 0x1123, 0x0903, 0x0903, 0x0923, 0x1123, 0x1144, 0x1984, 0x19A4, 0x19A4,
    0x19A5, 0x19A5, 0x19A4, 0x19A4, 0x19A4, 0x1984, 0x1144, 0x1103, 0x08C2, 0x08A2, 0x0882, 0x0882,
    0x0882, 0x0882, 0x0882, 0x0882, 0x0882, 0x0861, 0x0861, 0x0861, 0x0861, 0x0862, 0x0862, 0x0862,
    0x0862, 0x0862, 0x0862, 0x0862, 0x0841, 0x0000, 0x0000, 0x0000, 0x0000, 0x0000, 0x0000, 0x0000,
    0x0000, 0x0000, 0x0000, 0x0000, 0x0000, 0x0000, 0x0000, 0x0000, 0x0000, 0x0000, 0x0000, 0x0000,
    0x0000, 0x0000, 0x0000, 0x0000, 0x0000, 0x0000, 0x0000, 0x0000, 0x0000, 0x0000, 0x0000, 0x0000,
    0x0000, 0x0000, 0x0000, 0x0000, 0x0000, 0x0000, 0x0000, 0x0000, 0x0000, 0x0000, 0x0000, 0x0000,
    0x0000, 0x0000, 0x0021, 0x0861, 0x0862, 0x0862, 0x0862, 0x0862, 0x0862, 0x0862, 0x0862, 0x0862,
    0x0862, 0x0862, 0x0862, 0x0862, 0x0882, 0x0882, 0x0882, 0x08A2, 0x0882, 0x0882, 0x0881, 0x0882,
    0x0882, 0x0882, 0x08A2, 0x08C2, 0x1103, 0x1944, 0x1964, 0x1984, 0x19A4, 0x19A5, 0x19C5, 0x19C5,
    0x19A5, 0x19A5, 0x1984, 0x1144, 0x0923, 0x1143, 0x1164, 0x1984, 0x1964, 0x1144, 0x1123, 0x1123,
    0x1143, 0x1164, 0x1984, 0x1184, 0x1184, 0x1184, 0x1164, 0x1123, 0x0903, 0x0902, 0x0923, 0x1164,
    0x1164, 0x1164, 0x1184, 0x19A4, 0x1984, 0x1984, 0x1164, 0x0923, 0x0923, 0x1164, 0x1184, 0x1164,
    0x1164, 0x0943, 0x0903, 0x0903, 0x1123, 0x1144, 0x1164, 0x1144, 0x1143, 0x1943, 0x6BAB, 0xD6D7,
    0xFFBA, 0xFFBA, 0xFFBA, 0xFFBB, 0xFFBB, 0xFFBA, 0xFFBA, 0xFFBA, 0xFFBA, 0xFF9A, 0xFFB9, 0xFFB9,
    0xFFB9, 0xFF99, 0xFF99, 0xFF99, 0xFF99, 0xFF99, 0xEF79, 0x6BAB, 0x1964, 0x1164, 0x1984, 0x1984,
    0x1984, 0x1984, 0x1984, 0x1164, 0x1143, 0x1123, 0x1143, 0x1144, 0x1144, 0x1144, 0x0923, 0x0923,
    0x0923, 0x0923, 0x1143, 0x1164, 0x1984, 0x19A4, 0x19A4, 0x19A5, 0x19A5, 0x19A5, 0x19C4, 0x19C4,
    0x19A4, 0x19A4, 0x1164, 0x1103, 0x08E3, 0x08C2, 0x08A2, 0x0882, 0x0882, 0x0882, 0x0882, 0x0882,
    0x0881, 0x0881, 0x0881, 0x0861, 0x0861, 0x0861, 0x0862, 0x0862, 0x0862, 0x0862, 0x0862, 0x0862,
    0x0862, 0x0041, 0x0000, 0x0000, 0x0000, 0x0000, 0x0000, 0x0000, 0x0000, 0x0000, 0x0000, 0x0000,
    0x0000, 0x0000, 0x0000, 0x0000, 0x0000, 0x0000, 0x0000, 0x0000, 0x0000, 0x0000, 0x0000, 0x0000,
    0x0000, 0x0000, 0x0000, 0x0000, 0x0000, 0x0000, 0x0000, 0x0000, 0x0000, 0x0000, 0x0000, 0x0000,
    0x0000, 0x0000, 0x0000, 0x0000, 0x0000, 0x0000, 0x0000, 0x0000, 0x0000, 0x0020, 0x0841, 0x0862,
    0x0862, 0x0862, 0x0862, 0x0862, 0x0862, 0x0862, 0x0862, 0x0862, 0x0862, 0x0862, 0x0862, 0x0882,
    0x10A2, 0x10C3, 0x10C2, 0x08A2, 0x08A2, 0x08A2, 0x0882, 0x0882, 0x0882, 0x0882, 0x08A2, 0x08A2,
    0x08C2, 0x08E3, 0x1123, 0x1984, 0x19A5, 0x19A4, 0x19A5, 0x19C5, 0x19C5, 0x19A5, 0x19A5, 0x1984,
    0x1143, 0x1123, 0x1144, 0x1984, 0x1984, 0x1164, 0x1144, 0x1123, 0x1123, 0x1144, 0x1184, 0x1984,
    0x1984, 0x1184, 0x1164, 0x1164, 0x1123, 0x0903, 0x0903, 0x1144, 0x1164, 0x1164, 0x1184, 0x1984,
    0x19A4, 0x19A4, 0x1164, 0x0943, 0x0923, 0x1164, 0x1164, 0x1184, 0x1164, 0x1143, 0x0903, 0x0903,
    0x1123, 0x1144, 0x1164, 0x1143, 0x1143, 0x1942, 0x52E8, 0xC655, 0xF7BA, 0xFFBA, 0xFFBA, 0xFFBA,
    0xFFBA, 0xFFBA, 0xFFBA, 0xFFBA, 0xFFBA, 0xFFBA, 0xFFB9, 0xFF99, 0xFF99, 0xFF99, 0xFF99, 0xFF99,
    0xFF99, 0xF779, 0xDED7, 0x5309, 0x1943, 0x1164, 0x1184, 0x1164, 0x1984, 0x1984, 0x1964, 0x1143,
    0x1143, 0x1144, 0x1164, 0x1164, 0x1144, 0x0923, 0x0903, 0x0923, 0x1143, 0x1143, 0x1164, 0x1184,
    0x19A4, 0x19A4, 0x19C4, 0x19C5, 0x19C5, 0x19C5, 0x19C4, 0x19C4, 0x19A4, 0x19A4, 0x1984, 0x1143,
    0x1103, 0x10E3, 0x08C2, 0x08A2, 0x0882, 0x0882, 0x0882, 0x0882, 0x0881, 0x0881, 0x0881, 0x0861,
    0x0861, 0x0861, 0x0862, 0x0862, 0x0862, 0x0862, 0x0862, 0x0862, 0x0862, 0x0862, 0x0020, 0x0000,
    0x0000, 0x0000, 0x0000, 0x0000, 0x0000, 0x0000, 0x0000, 0x0000, 0x0000, 0x0000, 0x0000, 0x0000,
    0x0000, 0x0000, 0x0000, 0x0000, 0x0000, 0x0000, 0x0000, 0x0000, 0x0000, 0x0000, 0x0000, 0x0000,
    0x0000, 0x0000, 0x0000, 0x0000, 0x0000, 0x0000, 0x0000, 0x0000, 0x0000, 0x0000, 0x0000, 0x0000,
    0x0000, 0x0000, 0x0000, 0x0000, 0x0000, 0x0841, 0x0862, 0x0862, 0x0862, 0x0862, 0x0862, 0x0862,
    0x0862, 0x0862, 0x0862, 0x0862, 0x0862, 0x0862, 0x0862, 0x0882, 0x10C3, 0x10E3, 0x10E3, 0x10C2,
    0x10C3, 0x08C2, 0x08A2, 0x0882, 0x0882, 0x0882, 0x08A2, 0x08A2, 0x08A2, 0x08C2, 0x08E3, 0x1143,
    0x1964, 0x19A4, 0x19A5, 0x19A5, 0x19C5, 0x19C5, 0x19A5, 0x19A5, 0x1984, 0x1144, 0x1143, 0x1144,
    0x1164, 0x1164, 0x1164, 0x1144, 0x0923, 0x1143, 0x1164, 0x1184, 0x1984, 0x1184, 0x1184, 0x1164,
    0x1143, 0x0903, 0x0903, 0x1143, 0x1164, 0x1164, 0x1184, 0x1984, 0x1984, 0x19A4, 0x1184, 0x1143,
    0x0923, 0x1164, 0x1164, 0x1184, 0x1184, 0x1143, 0x0903, 0x0903, 0x1123, 0x1143, 0x1144, 0x1143,
    0x1143, 0x1123, 0x31E5, 0xA551, 0xEF79, 0xFFBA, 0xFFBA, 0xFFBA, 0xFFBA, 0xFFBA, 0xFFBA, 0xFFBA,
    0xFFBA, 0xFFBA, 0xFF99, 0xFF99, 0xFF99, 0xFF99, 0xFF99, 0xFF99, 0xFF99, 0xEF58, 0xB5D3, 0x3A26,
    0x1943, 0x1164, 0x1164, 0x1164, 0x1964, 0x1964, 0x1143, 0x1143, 0x1143, 0x1164, 0x1964, 0x1164,
    0x0923, 0x0903, 0x0923, 0x1143, 0x1164, 0x1164, 0x1184, 0x19A4, 0x19A4, 0x19C4, 0x19C5, 0x19C5,
    0x19C5, 0x19C5, 0x19C5, 0x19C5, 0x19A4, 0x19A4, 0x1984, 0x1143, 0x1103, 0x08E3, 0x08C2, 0x08A2,
    0x08A2, 0x0882, 0x0882, 0x0882, 0x0882, 0x0882, 0x0882, 0x0882, 0x0882, 0x0862, 0x0862, 0x0862,
    0x0862, 0x0862, 0x0862, 0x0862, 0x0862, 0x0862, 0x0861, 0x0020, 0x0000, 0x0000, 0x0000, 0x0000,
    0x0000, 0x0000, 0x0000, 0x0000, 0x0000, 0x0000, 0x0000, 0x0000, 0x0000, 0x0000, 0x0000, 0x0000,
    0x0000, 0x0000, 0x0000, 0x0000, 0x0000, 0x0000, 0x0000, 0x0000, 0x0000, 0x0000, 0x0000, 0x0000,
    0x0000, 0x0000, 0x0000, 0x0000, 0x0000, 0x0000, 0x0000, 0x0000, 0x0000, 0x0000, 0x0000, 0x0000,
    0x0841, 0x0862, 0x0862, 0x0862, 0x0862, 0x0862, 0x0862, 0x0862, 0x0862, 0x0862, 0x0862, 0x0862,
    0x0862, 0x0862, 0x0882, 0x0882, 0x10E3, 0x1904, 0x1924, 0x1924, 0x1103, 0x10C3, 0x08A2, 0x08A2,
    0x0882, 0x0882, 0x08A2, 0x08A2, 0x08A2, 0x08C2, 0x08C2, 0x08E2, 0x1123, 0x1184, 0x19A4, 0x19A5,
    0x19A5, 0x19C5, 0x19A5, 0x19C5, 0x19A5, 0x1184, 0x1143, 0x1143, 0x1144, 0x1184, 0x1984, 0x1164,
    0x1143, 0x0923, 0x1164, 0x1184, 0x1984, 0x1184, 0x1184, 0x1184, 0x1164, 0x0923, 0x0903, 0x0923,
    0x1164, 0x1164, 0x1164, 0x1984, 0x1984, 0x19A4, 0x1984, 0x1163, 0x0923, 0x1163, 0x1164, 0x1184,
    0x1184, 0x1143, 0x0903, 0x0923, 0x1123, 0x1143, 0x1144, 0x1143, 0x1143, 0x1123, 0x1922, 0x73CC,
    0xD6D7, 0xF7BA, 0xFFBA, 0xFFBA, 0xFFDA, 0xFFBA, 0xFFBA, 0xFFBA, 0xFFBA, 0xFF99, 0xFF99, 0xFF99,
    0xFF99, 0xFFB9, 0xFF99, 0xFF99, 0xFF99, 0xDEF7, 0x7C2D, 0x2184, 0x1943, 0x1164, 0x1164, 0x1964,
    0x1964, 0x1143, 0x1123, 0x1143, 0x1964, 0x1964, 0x1964, 0x1144, 0x0923, 0x0923, 0x1143, 0x1143,
    0x1163, 0x1164, 0x1184, 0x19A4, 0x19C4, 0x19C5, 0x19C5, 0x19C5, 0x19C5, 0x19C5, 0x19C4, 0x19A4,
    0x19A4, 0x1984, 0x1163, 0x0902, 0x08C2, 0x08C2, 0x08A2, 0x08A2, 0x08A2, 0x08A2, 0x08A2, 0x08A2,
    0x08A2, 0x08A2, 0x08A2, 0x0882, 0x0882, 0x0862, 0x0862, 0x0862, 0x0862, 0x0862, 0x0862, 0x0862,
    0x0862, 0x0862, 0x0862, 0x0841, 0x0000, 0x0000, 0x0000, 0x0000, 0x0000, 0x0000, 0x0000, 0x0000,
    0x0000, 0x0000, 0x0000, 0x0000, 0x0000, 0x0000, 0x0000, 0x0000, 0x0000, 0x0000, 0x0000, 0x0000,
    0x0000, 0x0000, 0x0000, 0x0000, 0x0000, 0x0000, 0x0000, 0x0000, 0x0000, 0x0000, 0x0000, 0x0000,
    0x0000, 0x0000, 0x0000, 0x0000, 0x0000, 0x0000, 0x0000, 0x0021, 0x0862, 0x0862, 0x0862, 0x0862,
    0x0862, 0x0862, 0x0862, 0x0862, 0x0862, 0x0862, 0x0862, 0x0862, 0x0862, 0x0862, 0x0882, 0x08A2,
    0x10E3, 0x1924, 0x1944, 0x1944, 0x1944, 0x1124, 0x1103, 0x08C3, 0x08A2, 0x08A2, 0x08A2, 0x08A2,
    0x08A2, 0x08C2, 0x08C2, 0x08E2, 0x0902, 0x1143, 0x1984, 0x19A4, 0x19A4, 0x19A4, 0x19A5, 0x19A5,
    0x19A4, 0x19A4, 0x1184, 0x1143, 0x1143, 0x1164, 0x1984, 0x1184, 0x1164, 0x0943, 0x0943, 0x1184,
    0x1984, 0x1184, 0x1184, 0x1184, 0x1164, 0x1143, 0x0923, 0x0923, 0x1144, 0x1164, 0x1164, 0x1984,
    0x1984, 0x19A4, 0x1984, 0x1163, 0x0923, 0x1163, 0x1164, 0x1184, 0x1184, 0x1164, 0x0923, 0x0923,
    0x1123, 0x1143, 0x1143, 0x1123, 0x1143, 0x1144, 0x1123, 0x3A26, 0x9CF1, 0xE719, 0xFFBA, 0xFFBA,
    0xFFBA, 0xFFBA, 0xFFBA, 0xFFBA, 0xFF99, 0xFF99, 0xFFBA, 0xFFBA, 0xFFB9, 0xFF99, 0xFF99, 0xFFB9,
    0xF779, 0xB5B2, 0x4267, 0x1963, 0x1964, 0x1964, 0x1164, 0x1964, 0x1143, 0x1123, 0x1102, 0x1102,
    0x1123, 0x1943, 0x1143, 0x1143, 0x1143, 0x1143, 0x1164, 0x1143, 0x1163, 0x1184, 0x19A4, 0x19A4,
    0x19C4, 0x19C4, 0x19C4, 0x19C4, 0x19C4, 0x19C4, 0x19A4, 0x19A4, 0x1984, 0x1163, 0x0903, 0x08C2,
    0x08C2, 0x08C2, 0x08C2, 0x08C2, 0x08C2, 0x08C2, 0x10C3, 0x10E3, 0x10E3, 0x10C3, 0x08A2, 0x0882,
    0x0882, 0x0862, 0x0862, 0x0862, 0x0862, 0x0862, 0x0862, 0x0862, 0x0882, 0x0882, 0x0882, 0x0862,
    0x0041, 0x0000, 0x0000, 0x0000, 0x0000, 0x0000, 0x0000, 0x0000, 0x0000, 0x0000, 0x0000, 0x0000,
    0x0000, 0x0000, 0x0000, 0x0000, 0x0000, 0x0000, 0x0000, 0x0000, 0x0000, 0x0000, 0x0000, 0x0000,
    0x0000, 0x0000, 0x0000, 0x0000, 0x0000, 0x0000, 0x0000, 0x0000, 0x0000, 0x0000, 0x0000, 0x0000,
    0x0000, 0x0000, 0x0020, 0x0841, 0x0862, 0x0862, 0x0862, 0x0862, 0x0862, 0x0862, 0x0862, 0x0862,
    0x0862, 0x0862, 0x0862, 0x0862, 0x0862, 0x0862, 0x0882, 0x08A2, 0x1103, 0x1944, 0x1944, 0x1964,
    0x1964, 0x1964, 0x1944, 0x1124, 0x10E3, 0x08C2, 0x08A2, 0x08A2, 0x08A2, 0x08C2, 0x08C2, 0x08C2,
    0x08E2, 0x0902, 0x1143, 0x1984, 0x19A4, 0x19A4, 0x19A5, 0x19C5, 0x19A4, 0x19A4, 0x19A4, 0x1984,
    0x1143, 0x1143, 0x1164, 0x1984, 0x1184, 0x1164, 0x1143, 0x1164, 0x1984, 0x1984, 0x1184, 0x1184,
    0x1184, 0x1164, 0x0923, 0x0923, 0x1143, 0x1164, 0x1164, 0x1184, 0x1984, 0x19A4, 0x19A4, 0x1164,
    0x0923, 0x1163, 0x1184, 0x1184, 0x1184, 0x1184, 0x0943, 0x0923, 0x1143, 0x1143, 0x1143, 0x1143,
    0x1144, 0x1964, 0x1944, 0x1122, 0x3A06, 0x94B0, 0xEF39, 0xFF9A, 0xFF9A, 0xFF99, 0xFF9A, 0xFF99,
    0xFF9A, 0xFFBA, 0xFFBA, 0xFF9A, 0xFF99, 0xFF99, 0xFF99, 0xFFBA, 0xCE96, 0x5B2A, 0x1963, 0x1964,
    0x1984, 0x1964, 0x1964, 0x1964, 0x1963, 0x1964, 0x3A47, 0x4AC9, 0x4288, 0x29C5, 0x1123, 0x1123,
    0x1143, 0x1164, 0x1143, 0x0943, 0x1164, 0x19A4, 0x19A4, 0x19C5, 0x19C5, 0x19C5, 0x19C5, 0x19C4,
    0x19C4, 0x19A4, 0x1984, 0x1164, 0x1143, 0x0923, 0x08E2, 0x08C2, 0x08C2, 0x08C2, 0x10E3, 0x1103,
    0x1924, 0x1924, 0x1924, 0x1924, 0x10E3, 0x10A2, 0x0882, 0x0882, 0x0862, 0x0862, 0x0862, 0x0862,
    0x0862, 0x0862, 0x0862, 0x0862, 0x0882, 0x0882, 0x0882, 0x0862, 0x0862, 0x0020, 0x0000, 0x0000,
    0x0000, 0x0000, 0x0000, 0x0000, 0x0000, 0x0000, 0x0000, 0x0000, 0x0000, 0x0000, 0x0000, 0x0000,
    0x0000, 0x0000, 0x0000, 0x0000, 0x0000, 0x0000, 0x0000, 0x0000, 0x0000, 0x0000, 0x0000, 0x0000,
    0x0000, 0x0000, 0x0000, 0x0000, 0x0000, 0x0000, 0x0000, 0x0000, 0x0000, 0x0000, 0x0841, 0x0862,
    0x0862, 0x0862, 0x0862, 0x0862, 0x0862, 0x0862, 0x0862, 0x0862, 0x0862, 0x0862, 0x0862, 0x0862,
    0x0862, 0x0862, 0x0882, 0x08A2, 0x1103, 0x1944, 0x1964, 0x1964, 0x1964, 0x1984, 0x1964, 0x1964,
    0x1944, 0x1103, 0x08E2, 0x08C2, 0x08A2, 0x08C2, 0x08C2, 0x08C2, 0x08E2, 0x08E2, 0x0903, 0x1143,
    0x1984, 0x1984, 0x19A4, 0x19A4, 0x19A4, 0x19A4, 0x19C4, 0x19A4, 0x1164, 0x1143, 0x1164, 0x1184,
    0x1984, 0x1164, 0x1143, 0x1143, 0x1184, 0x1184, 0x1184, 0x1184, 0x1184, 0x1164, 0x1143, 0x0923,
    0x0923, 0x1144, 0x1164, 0x1184, 0x19A4, 0x19A4, 0x19A4, 0x1164, 0x0923, 0x1163, 0x1184, 0x1184,
    0x19A4, 0x19A4, 0x1163, 0x0943, 0x1143, 0x1143, 0x1143, 0x1123, 0x1164, 0x1984, 0x1984, 0x1143,
    0x1923, 0x39E6, 0xB573, 0xE6F8, 0xF759, 0xFF99, 0xFFBA, 0xFF9A, 0xFF9A, 0xFFBA, 0xFF9A, 0xFF9A,
    0xFF9A, 0xFFBA, 0xF79A, 0xDF18, 0x7C4E, 0x29C4, 0x1963, 0x1984, 0x1984, 0x1984, 0x1984, 0x1964,
    0x29C5, 0x6BAD, 0xB5B4, 0xC657, 0xBDF6, 0x8CB0, 0x4AA8, 0x1943, 0x1143, 0x1163, 0x0943, 0x1163,
    0x19A4, 0x19A4, 0x19C5, 0x19C5, 0x19E5, 0x19C5, 0x19C5, 0x19C5, 0x19C5, 0x19A4, 0x1984, 0x1143,
    0x1123, 0x0903, 0x0903, 0x1103, 0x1124, 0x1924, 0x1944, 0x2165, 0x2165, 0x2165, 0x1944, 0x1903,
    0x10C3, 0x08A2, 0x0882, 0x0882, 0x0862, 0x0862, 0x0862, 0x0862, 0x0862, 0x0862, 0x0862, 0x0862,
    0x0882, 0x0882, 0x0882, 0x0862, 0x0862, 0x0841, 0x0000, 0x0000, 0x0000, 0x0000, 0x0000, 0x0000,
    0x0000, 0x0000, 0x0000, 0x0000, 0x0000, 0x0000, 0x0000, 0x0000, 0x0000, 0x0000, 0x0000, 0x0000,
    0x0000, 0x0000, 0x0000, 0x0000, 0x0000, 0x0000, 0x0000, 0x0000, 0x0000, 0x0000, 0x0000, 0x0000,
    0x0000, 0x0000, 0x0000, 0x0000, 0x0000, 0x0021, 0x0862, 0x0862, 0x0862, 0x0862, 0x0862, 0x0862,
    0x0862, 0x0862, 0x0862, 0x0862, 0x0862, 0x0862, 0x0862, 0x0862, 0x0862, 0x0861, 0x0881, 0x08A2,
    0x08E2, 0x1123, 0x1964, 0x1984, 0x1984, 0x1984, 0x1984, 0x1984, 0x1984, 0x1964, 0x1123, 0x0903,
    0x08C2, 0x08C2, 0x08C2, 0x08C2, 0x08C2, 0x08E2, 0x08E2, 0x0903, 0x1143, 0x1984, 0x19A4, 0x19A4,
    0x19A4, 0x19A4, 0x19A4, 0x19A4, 0x19A4, 0x1164, 0x1163, 0x1164, 0x1184, 0x1184, 0x1164, 0x1143,
    0x1164, 0x1184, 0x1184, 0x1184, 0x1984, 0x1184, 0x1164, 0x0943, 0x0923, 0x1143, 0x1164, 0x1164,
    0x19A4, 0x19A4, 0x19A4, 0x1184, 0x0943, 0x1163, 0x1184, 0x1184, 0x19A4, 0x19A5, 0x1184, 0x1143,
    0x1143, 0x1143, 0x1123, 0x1143, 0x1184, 0x19A5, 0x19A5, 0x1984, 0x1963, 0x1102, 0x4A88, 0x94B0,
    0xCE76, 0xEF59, 0xF79A, 0xFF9A, 0xFFBA, 0xFFBA, 0xFFBA, 0xFFBA, 0xF79A, 0xEF79, 0xC635, 0x7C2D,
    0x3205, 0x1984, 0x1984, 0x1984, 0x1984, 0x1984, 0x1964, 0x21A4, 0x740E, 0xCE98, 0xF79C, 0xF7BC,
    0xF79C, 0xEF7B, 0xB5D4, 0x42A8, 0x1163, 0x1163, 0x1163, 0x1184, 0x19C4, 0x19C4, 0x19C4, 0x19C5,
    0x19C5, 0x19C5, 0x19C5, 0x19C5, 0x19A5, 0x1984, 0x1164, 0x1143, 0x1123, 0x1143, 0x1144, 0x1964,
    0x1985, 0x2185, 0x2185, 0x2165, 0x1965, 0x1944, 0x10E3, 0x08A2, 0x08A2, 0x0882, 0x0882, 0x0882,
    0x0882, 0x0862, 0x0882, 0x0882, 0x0862, 0x0862, 0x0862, 0x0882, 0x0882, 0x0882, 0x0882, 0x0862,
    0x0862, 0x0862, 0x0841, 0x0000, 0x0000, 0x0000, 0x0000, 0x0000, 0x0000, 0x0000, 0x0000, 0x0000,
    0x0000, 0x0000, 0x0000, 0x0000, 0x0000, 0x0000, 0x0000, 0x0000, 0x0000, 0x0000, 0x0000, 0x0000,
    0x0000, 0x0000, 0x0000, 0x0000, 0x0000, 0x0000, 0x0000, 0x0000, 0x0000, 0x0000, 0x0000, 0x0000,
    0x0020, 0x0841, 0x0862, 0x0862, 0x0862, 0x0862, 0x0862, 0x0862, 0x0862, 0x0862, 0x0862, 0x0862,
    0x0862, 0x0862, 0x0862, 0x0862, 0x0882, 0x0882, 0x08A2, 0x08A2, 0x08C2, 0x1103, 0x1164, 0x1964,
    0x1984, 0x1984, 0x1984, 0x1984, 0x1984, 0x1984, 0x1964, 0x1143, 0x0903, 0x08E3, 0x08E2, 0x08C2,
    0x08C2, 0x08C2, 0x08E2, 0x08E2, 0x0923, 0x1164, 0x1984, 0x1984, 0x19A4, 0x19A4, 0x19A4, 0x19C4,
    0x19C4, 0x19A4, 0x1164, 0x1163, 0x1184, 0x1184, 0x1184, 0x1164, 0x1143, 0x1164, 0x1184, 0x19A4,
    0x1184, 0x1984, 0x1184, 0x1143, 0x0923, 0x0943, 0x1164, 0x1164, 0x1184, 0x19A5, 0x19A4, 0x1184,
    0x0943, 0x1163, 0x1184, 0x1184, 0x19C5, 0x19C5, 0x19A4, 0x1184, 0x1164, 0x1143, 0x0923, 0x1144,
    0x1985, 0x19C5, 0x19C5, 0x19A5, 0x1984, 0x1143, 0x1942, 0x3205, 0x6B8B, 0xAD93, 0xDED8, 0xF79A,
    0xF7BB, 0xF7BA, 0xEF9A, 0xE739, 0xC656, 0x94F0, 0x5309, 0x29E4, 0x19A4, 0x1984, 0x1984, 0x19A5,
    0x1984, 0x1984, 0x1964, 0x4268, 0xBE36, 0xEF7B, 0xF79B, 0xF79B, 0xF79B, 0xF7BB, 0xE75A, 0x7C6E,
    0x21E4, 0x1183, 0x1183, 0x11A4, 0x19C4, 0x19C4, 0x19C4, 0x19C5, 0x19C5, 0x19C5, 0x19C5, 0x19A4,
    0x1184, 0x1163, 0x1143, 0x1143, 0x1143, 0x1164, 0x1985, 0x19A5, 0x19A5, 0x1985, 0x1964, 0x1124,
    0x1103, 0x1103, 0x08C2, 0x08A2, 0x0882, 0x0882, 0x0882, 0x0882, 0x0882, 0x0882, 0x0882, 0x0882,
    0x0862, 0x0862, 0x0862, 0x0882, 0x0881, 0x0861, 0x0862, 0x0862, 0x0862, 0x0862, 0x0862, 0x0020,
    0x0000, 0x0000, 0x0000, 0x0000, 0x0000, 0x0000, 0x0000, 0x0000, 0x0000, 0x0000, 0x0000, 0x0000,
    0x0000, 0x0000, 0x0000, 0x0000, 0x0000, 0x0000, 0x0000, 0x0000, 0x0000, 0x0000, 0x0000, 0x0000,
    0x0000, 0x0000, 0x0000, 0x0000, 0x0000, 0x0000, 0x0000, 0x0000, 0x0841, 0x0862, 0x0862, 0x0862,
    0x0862, 0x0862, 0x0862, 0x0862, 0x0862, 0x0862, 0x0862, 0x0862, 0x0862, 0x0862, 0x0862, 0x0862,
    0x0882, 0x0882, 0x08A2, 0x08C2, 0x08E2, 0x1123, 0x1143, 0x1164, 0x1184, 0x1984, 0x1984, 0x1984,
    0x19A4, 0x1984, 0x1984, 0x1164, 0x1143, 0x0923, 0x0903, 0x0903, 0x08E3, 0x08C2, 0x08E2, 0x08E2,
    0x0902, 0x0923, 0x1143, 0x1184, 0x19A4, 0x19A4, 0x19A4, 0x19C4, 0x19C4, 0x19C5, 0x19A4, 0x1164,
    0x1164, 0x1184, 0x1984, 0x1164, 0x0943, 0x1163, 0x1184, 0x1184, 0x1184, 0x19A4, 0x1184, 0x1164,
    0x0943, 0x0943, 0x1164, 0x1164, 0x1184, 0x19A5, 0x19A5, 0x19A4, 0x1163, 0x1163, 0x11A4, 0x1184,
    0x19C5, 0x19E5, 0x19C5, 0x11A4, 0x1184, 0x1163, 0x0923, 0x1164, 0x19A5, 0x19E5, 0x19C5, 0x19A5,
    0x1984, 0x1984, 0x1143, 0x1122, 0x1963, 0x3A46, 0x5B4A, 0x846E, 0x8CAF, 0x8CCF, 0x846E, 0x6BCB,
    0x4AE8, 0x3226, 0x19A4, 0x19A4, 0x19A4, 0x1184, 0x1984, 0x1984, 0x1984, 0x1984, 0x19A4, 0x6BAC,
    0xDF3A, 0xEF9B, 0xF79B, 0xFF9B, 0xFF9B, 0xF7BB, 0xEF9A, 0x9531, 0x3246, 0x1183, 0x11A4, 0x19C4,
    0x19C4, 0x19C4, 0x19C5, 0x19C5, 0x19C5, 0x19A5, 0x1984, 0x1164, 0x1143, 0x1143, 0x1143, 0x1164,
    0x1184, 0x19A5, 0x19A5, 0x19A5, 0x1984, 0x1144, 0x0923, 0x0903, 0x08E2, 0x08E2, 0x08C2, 0x08A2,
    0x08A2, 0x08A2, 0x08A2, 0x0882, 0x0882, 0x0882, 0x0882, 0x0882, 0x0882, 0x0882, 0x0882, 0x0882,
    0x0882, 0x0882, 0x0882, 0x0862, 0x0862, 0x0862, 0x0862, 0x0841, 0x0000, 0x0000, 0x0000, 0x0000,
    0x0000, 0x0000, 0x0000, 0x0000, 0x0000, 0x0000, 0x0000, 0x0000, 0x0000, 0x0000, 0x0000, 0x0000,
    0x0000, 0x0000, 0x0000, 0x0000, 0x0000, 0x0000, 0x0000, 0x0000, 0x0000, 0x0000, 0x0000, 0x0000,
    0x0000, 0x0000, 0x0000, 0x0021, 0x0862, 0x0862, 0x0862, 0x0862, 0x0862, 0x0862, 0x0862, 0x0862,
    0x0862, 0x0862, 0x0862, 0x0862, 0x0862, 0x0862, 0x0862, 0x0882, 0x0882, 0x0882, 0x08A2, 0x08E2,
    0x1103, 0x1143, 0x1164, 0x1184, 0x1184, 0x19A4, 0x19A4, 0x19A4, 0x19A4, 0x19A4, 0x1984, 0x1984,
    0x1164, 0x1143, 0x1144, 0x1144, 0x1124, 0x0903, 0x08E2, 0x08E2, 0x08E2, 0x0902, 0x0923, 0x1143,
    0x1984, 0x19A4, 0x19A4, 0x19C4, 0x19C4, 0x19C5, 0x19C5, 0x11A4, 0x1164, 0x1164, 0x1184, 0x1184,
    0x1143, 0x1163, 0x1164, 0x1184, 0x1184, 0x19A4, 0x11A4, 0x1184, 0x1164, 0x1163, 0x1164, 0x1164,
    0x1164, 0x19A4, 0x19C5, 0x19A5, 0x1163, 0x1163, 0x11A4, 0x1184, 0x19C5, 0x19E5, 0x19C5, 0x19C4,
    0x1184, 0x1163, 0x0943, 0x1184, 0x19C5, 0x19E5, 0x19C5, 0x11A4, 0x11A4, 0x19A4, 0x1163, 0x1163,
    0x1183, 0x1163, 0x1983, 0x21C4, 0x29E5, 0x29E5, 0x21C4, 0x21A4, 0x19A3, 0x19A4, 0x19C4, 0x19A4,
    0x1184, 0x1184, 0x19A4, 0x1184, 0x1164, 0x19A4, 0x21C5, 0x63CC, 0xDF19, 0xEF7A, 0xF79A, 0xF79A,
    0xF79A, 0xF79A, 0xE77A, 0x8CF0, 0x2A25, 0x11A3, 0x19A4, 0x19C4, 0x19C4, 0x19C5, 0x19C5, 0x19C5,
    0x19A4, 0x1184, 0x1164, 0x0943, 0x0943, 0x1144, 0x1184, 0x1985, 0x19A5, 0x19A5, 0x1184, 0x1164,
    0x1143, 0x0923, 0x0903, 0x08E2, 0x08E2, 0x08C2, 0x08C2, 0x08C2, 0x08E2, 0x10E3, 0x08C2, 0x08A2,
    0x08A2, 0x08A2, 0x0882, 0x0882, 0x0882, 0x0882, 0x0882, 0x0882, 0x0882, 0x0882, 0x0882, 0x0882,
    0x0862, 0x0862, 0x0862, 0x0862, 0x0041, 0x0000, 0x0000, 0x0000, 0x0000, 0x0000, 0x0000, 0x0000,
    0x0000, 0x0000, 0x0000, 0x0000, 0x0000, 0x0000, 0x0000, 0x0000, 0x0000, 0x0000, 0x0000, 0x0000,
    0x0000, 0x0000, 0x0000, 0x0000, 0x0000, 0x0000, 0x0000, 0x0000, 0x0000, 0x0000, 0x0000, 0x0841,
    0x0862, 0x0862, 0x0862, 0x0862, 0x0862, 0x0862, 0x0862, 0x0862, 0x0862, 0x0862, 0x0862, 0x0862,
    0x0862, 0x0862, 0x0862, 0x0882, 0x0882, 0x0882, 0x08A2, 0x08C2, 0x1103, 0x1144, 0x19A4, 0x1984,
    0x1984, 0x19A4, 0x19A4, 0x19A4, 0x19A4, 0x19A4, 0x1984, 0x1984, 0x19A5, 0x1184, 0x1144, 0x1144,
    0x1144, 0x1144, 0x0923, 0x0902, 0x08E2, 0x08E2, 0x0903, 0x0923, 0x1163, 0x1184, 0x19A4, 0x19A4,
    0x19C4, 0x19C4, 0x19C5, 0x19C5, 0x1184, 0x0963, 0x1184, 0x19A4, 0x1164, 0x0963, 0x1184, 0x1163,
    0x1184, 0x11A4, 0x11A4, 0x11A4, 0x1184, 0x1184, 0x1184, 0x1184, 0x1163, 0x19A4, 0x19C5, 0x19C5,
    0x1184, 0x1163, 0x11A4, 0x1184, 0x19C5, 0x19E5, 0x19C5, 0x19C4, 0x11A4, 0x1163, 0x0943, 0x1184,
    0x19C5, 0x19E5, 0x19C5, 0x11A4, 0x11A4, 0x19A4, 0x1163, 0x1184, 0x19C4, 0x19C4, 0x19A4, 0x19A4,
    0x19A4, 0x19A4, 0x1184, 0x19C4, 0x21E5, 0x19E5, 0x19C4, 0x11A4, 0x1183, 0x19A4, 0x19A4, 0x1164,
    0x1184, 0x19C5, 0x19C4, 0x3A87, 0xADD4, 0xDF39, 0xEF7A, 0xEF79, 0xEF79, 0xE779, 0xD718, 0x6C2D,
    0x21E4, 0x19A4, 0x19C4, 0x19E5, 0x19E5, 0x19C5, 0x19C5, 0x19A4, 0x1184, 0x1164, 0x0943, 0x0943,
    0x1164, 0x1184, 0x19A5, 0x19A5, 0x1184, 0x1164, 0x0943, 0x0923, 0x0923, 0x0903, 0x0902, 0x08E2,
    0x08E2, 0x08E2, 0x0903, 0x1123, 0x1944, 0x1944, 0x1103, 0x1103, 0x10E3, 0x10C2, 0x08A2, 0x08A2,
    0x0882, 0x0882, 0x0882, 0x0882, 0x0882, 0x0882, 0x0882, 0x0882, 0x0882, 0x0862, 0x0862, 0x0882,
    0x0862, 0x0020, 0x0000, 0x0000, 0x0000, 0x0000, 0x0000, 0x0000, 0x0000, 0x0000, 0x0000, 0x0000,
    0x0000, 0x0000, 0x0000, 0x0000, 0x0000, 0x0000, 0x0000, 0x0000, 0x0000, 0x0000, 0x0000, 0x0000,
    0x0000, 0x0000, 0x0000, 0x0000, 0x0000, 0x0000, 0x0041, 0x0862, 0x0862, 0x0862, 0x0862, 0x0862,
    0x0862, 0x0862, 0x0862, 0x0862, 0x0862, 0x0862, 0x0862, 0x0862, 0x0862, 0x0862, 0x0862, 0x0862,
    0x0882, 0x0882, 0x0882, 0x08A2, 0x08C2, 0x0903, 0x1143, 0x1984, 0x19A4, 0x19A4, 0x19A4, 0x19A4,
    0x19C4, 0x19A5, 0x19A5, 0x19A4, 0x19A5, 0x1985, 0x1164, 0x0943, 0x0943, 0x1164, 0x1164, 0x1143,
    0x0923, 0x0902, 0x0903, 0x0902, 0x0923, 0x1143, 0x1184, 0x19A4, 0x19A4, 0x19C4, 0x19C5, 0x19C5,
    0x19C4, 0x1184, 0x1164, 0x1184, 0x1184, 0x1163, 0x1164, 0x1184, 0x1163, 0x1184, 0x19A4, 0x19A4,
    0x11A4, 0x1184, 0x1184, 0x1184, 0x1184, 0x1184, 0x19A4, 0x19C5, 0x1184, 0x1163, 0x11A4, 0x1184,
    0x11C4, 0x19E5, 0x19E5, 0x11C4, 0x11C4, 0x1183, 0x0963, 0x1184, 0x19E5, 0x19E5, 0x19C5, 0x11A4,
    0x19A4, 0x19A5, 0x1163, 0x1184, 0x19C5, 0x19E5, 0x11C4, 0x19C4, 0x19E5, 0x19C4, 0x11A4, 0x19E5,
    0x19E5, 0x19E4, 0x19C4, 0x1183, 0x11A4, 0x19C4, 0x1184, 0x1163, 0x19A4, 0x19C5, 0x19E5, 0x2205,
    0x42C8, 0x8CEF, 0xCE96, 0xD6F7, 0xD6F8, 0xBE56, 0x8CF0, 0x3286, 0x19A4, 0x19C4, 0x19E4, 0x19E5,
    0x19E5, 0x19C5, 0x11A4, 0x1184, 0x1164, 0x0963, 0x1164, 0x1184, 0x11A5, 0x11A5, 0x11A4, 0x1164,
    0x0943, 0x0923, 0x0923, 0x0902, 0x0902, 0x0902, 0x0902, 0x0902, 0x1123, 0x1144, 0x1984, 0x1985,
    0x2185, 0x2185, 0x1965, 0x1944, 0x1924, 0x1103, 0x10C3, 0x08A2, 0x0882, 0x0882, 0x0882, 0x0882,
    0x0882, 0x0882, 0x0882, 0x0882, 0x0882, 0x0882, 0x0862, 0x0882, 0x0882, 0x0841, 0x0000, 0x0000,
    0x0000, 0x0000, 0x0000, 0x0000, 0x0000, 0x0000, 0x0000, 0x0000, 0x0000, 0x0000, 0x0000, 0x0000,
    0x0000, 0x0000, 0x0000, 0x0000, 0x0000, 0x0000, 0x0000, 0x0000, 0x0000, 0x0000, 0x0000, 0x0000,
    0x0000, 0x0020, 0x0841, 0x0862, 0x0862, 0x0862, 0x0862, 0x0862, 0x0862, 0x0862, 0x0862, 0x0862,
    0x0862, 0x0862, 0x0862, 0x0862, 0x0882, 0x0882, 0x0882, 0x0882, 0x0882, 0x0882, 0x0882, 0x08A2,
    0x08C2, 0x08E2, 0x0903, 0x1984, 0x19A4, 0x19A4, 0x19A4, 0x19A4, 0x19A4, 0x19C5, 0x19C5, 0x19A5,
    0x19A5, 0x1985, 0x1184, 0x1164, 0x0943, 0x0943, 0x1164, 0x1184, 0x1164, 0x0923, 0x0903, 0x0902,
    0x0902, 0x0923, 0x1143, 0x1184, 0x19A4, 0x19C4, 0x19C4, 0x19C5, 0x19C5, 0x19A4, 0x1183, 0x1184,
    0x19A4, 0x1184, 0x0943, 0x1184, 0x1163, 0x1183, 0x19A4, 0x19A4, 0x11A4, 0x1184, 0x1184, 0x11A4,
    0x1184, 0x1163, 0x11A4, 0x19C5, 0x11A4, 0x0963, 0x11A4, 0x11A4, 0x11C4, 0x19E5, 0x19E5, 0x11C4,
    0x11C4, 0x1184, 0x0963, 0x11A4, 0x19E5, 0x19E5, 0x19C4, 0x11A4, 0x11A4, 0x19A4, 0x1164, 0x11A4,
    0x19C5, 0x19E5, 0x11C4, 0x19C4, 0x19C5, 0x11A4, 0x11A4, 0x19E5, 0x21E5, 0x19E4, 0x1184, 0x1183,
    0x19A4, 0x19A4, 0x1163, 0x1183, 0x11C4, 0x19E5, 0x2225, 0x2225, 0x2204, 0x3AA7, 0x63CB, 0x7C6E,
    0x742D, 0x4B09, 0x3246, 0x19C4, 0x19C4, 0x19E4, 0x19E5, 0x19E5, 0x19C4, 0x11A4, 0x1184, 0x1164,
    0x0964, 0x1184, 0x11A4, 0x19C5, 0x19C5, 0x11A4, 0x0964, 0x0943, 0x0923, 0x0923, 0x0922, 0x0902,
    0x0902, 0x0902, 0x1123, 0x1164, 0x1984, 0x21A5, 0x21C5, 0x21A5, 0x21A5, 0x21A5, 0x21A5, 0x2185,
    0x1944, 0x1103, 0x10C2, 0x08A2, 0x0882, 0x0882, 0x0882, 0x0882, 0x0882, 0x0882, 0x0882, 0x0862,
    0x0862, 0x0882, 0x0862, 0x0882, 0x0882, 0x0882, 0x0020, 0x0000, 0x0000, 0x0000, 0x0000, 0x0000,
    0x0000, 0x0000, 0x0000, 0x0000, 0x0000, 0x0000, 0x0000, 0x0000, 0x0000, 0x0000, 0x0000, 0x0000,
    0x0000, 0x0000, 0x0000, 0x0000, 0x0000, 0x0000, 0x0000, 0x0000, 0x0000, 0x0841, 0x0862, 0x0862,
    0x0862, 0x0862, 0x0862, 0x0862, 0x0862, 0x0862, 0x0862, 0x0862, 0x0862, 0x0882, 0x0882, 0x0882,
    0x08A2, 0x08A2, 0x10A2, 0x08A2, 0x08A2, 0x0882, 0x0882, 0x0882, 0x08A2, 0x08C2, 0x08E2, 0x1163,
    0x19A4, 0x19A4, 0x19A4, 0x19A4, 0x19A4, 0x19A4, 0x19C5, 0x19C5, 0x19A5, 0x19A5, 0x1985, 0x1164,
    0x1144, 0x1143, 0x1143, 0x1164, 0x1184, 0x1164, 0x1143, 0x0923, 0x0903, 0x0923, 0x0923, 0x1143,
    0x1184, 0x19A4, 0x19C4, 0x19C4, 0x19C5, 0x19C5, 0x11A4, 0x1183, 0x11A4, 0x1184, 0x0943, 0x1163,
    0x1184, 0x1163, 0x1184, 0x19A4, 0x11A4, 0x11A4, 0x11A4, 0x19C5, 0x11A4, 0x1163, 0x1184, 0x19C5,
    0x19C4, 0x1163, 0x1184, 0x11A4, 0x11C4, 0x19E5, 0x19E5, 0x11C4, 0x11C4, 0x1184, 0x1163, 0x11A4,
    0x19E5, 0x19E5, 0x19C4, 0x11A4, 0x11A4, 0x1184, 0x1163, 0x11A4, 0x19E5, 0x19E5, 0x19E4, 0x19E5,
    0x19C5, 0x11A4, 0x19C4, 0x2205, 0x19E5, 0x19C4, 0x1183, 0x1183, 0x19A4, 0x1184, 0x1163, 0x11A4,
    0x19E5, 0x1A05, 0x2225, 0x2246, 0x2225, 0x19C4, 0x19A3, 0x19A3, 0x19A3, 0x1183, 0x1183, 0x19C4,
    0x19E5, 0x19E5, 0x19C5, 0x19C4, 0x11A4, 0x1184, 0x1184, 0x1184, 0x11A4, 0x11C5, 0x11C5, 0x11C5,
    0x11A4, 0x0963, 0x0943, 0x0943, 0x0943, 0x0943, 0x0943, 0x0922, 0x0923, 0x1143, 0x1984, 0x21C5,
    0x21C5, 0x21E5, 0x21C5, 0x21C5, 0x21A5, 0x21A5, 0x21A5, 0x1944, 0x1103, 0x10C2, 0x08A2, 0x08A2,
    0x08A2, 0x0882, 0x0882, 0x0882, 0x0882, 0x0882, 0x0882, 0x0882, 0x0882, 0x0882, 0x0862, 0x0882,
    0x0882, 0x0882, 0x0861, 0x0000, 0x0000, 0x0000, 0x0000, 0x0000, 0x0000, 0x0000, 0x0000, 0x0000,
    0x0000, 0x0000, 0x0000, 0x0000, 0x0000, 0x0000, 0x0000, 0x0000, 0x0000, 0x0000, 0x0000, 0x0000,
    0x0000, 0x0000, 0x0000, 0x0000, 0x0020, 0x0861, 0x0862, 0x0862, 0x0862, 0x0862, 0x0862, 0x0862,
    0x0862, 0x0862, 0x0862, 0x0862, 0x0862, 0x0882, 0x0882, 0x0882, 0x08A2, 0x10C3, 0x10C3, 0x10E3,
    0x10E3, 0x10C3, 0x08A3, 0x08A2, 0x08A2, 0x08C2, 0x08E2, 0x0903, 0x1163, 0x19A4, 0x19A4, 0x19A4,
    0x19A4, 0x19A4, 0x19A5, 0x19C5, 0x19C5, 0x19A5, 0x19A5, 0x1985, 0x1184, 0x1164, 0x1143, 0x1163,
    0x1164, 0x1184, 0x1184, 0x1164, 0x0923, 0x0923, 0x0923, 0x0923, 0x1163, 0x19A4, 0x19C4, 0x19C5,
    0x19C5, 0x19E5, 0x19C4, 0x1184, 0x1184, 0x11A4, 0x1184, 0x0963, 0x1184, 0x1184, 0x1183, 0x11A4,
    0x11A4, 0x11A4, 0x19C5, 0x19C5, 0x19C4, 0x1183, 0x1184, 0x19C5, 0x19C5, 0x1183, 0x1184, 0x11A4,
    0x19C4, 0x19E5, 0x19E5, 0x11E4, 0x19C5, 0x11A4, 0x1183, 0x11C4, 0x19E5, 0x19E5, 0x19C4, 0x11A4,
    0x11A4, 0x1184, 0x1163, 0x19A4, 0x19E5, 0x19E5, 0x19E4, 0x19E5, 0x19C4, 0x11A4, 0x19E5, 0x2205,
    0x21E5, 0x19A4, 0x1183, 0x19C4, 0x19C4, 0x1183, 0x1183, 0x19C4, 0x1A05, 0x1A05, 0x2225, 0x1A05,
    0x19E4, 0x11C4, 0x19C4, 0x19C4, 0x11A4, 0x11A4, 0x11A4, 0x19E5, 0x1A05, 0x19E5, 0x19C4, 0x11A4,
    0x1184, 0x1184, 0x1184, 0x11A4, 0x11C5, 0x11C5, 0x11A4, 0x0984, 0x0963, 0x0963, 0x1184, 0x11A4,
    0x11A4, 0x1184, 0x0943, 0x0943, 0x1164, 0x19A5, 0x21E5, 0x21E5, 0x21E5, 0x21E5, 0x21C5, 0x21C5,
    0x21A5, 0x1965, 0x1124, 0x1103, 0x08C2, 0x08A2, 0x08A2, 0x08A2, 0x08A2, 0x0882, 0x0882, 0x0882,
    0x0882, 0x0882, 0x0882, 0x0882, 0x0882, 0x0882, 0x0882, 0x0882, 0x0882, 0x0882, 0x0882, 0x0041,
    0x0000, 0x0000, 0x0000, 0x0000, 0x0000, 0x0000, 0x0000, 0x0000, 0x0000, 0x0000, 0x0000, 0x0000,
    0x0000, 0x0000, 0x0000, 0x0000, 0x0000, 0x0000, 0x0000, 0x0000, 0x0000, 0x0000, 0x0000, 0x0000,
    0x0841, 0x0862, 0x0862, 0x0862, 0x0862, 0x0862, 0x0862, 0x0862, 0x0862, 0x0862, 0x0862, 0x0862,
    0x0882, 0x0862, 0x0862, 0x0882, 0x08A2, 0x08C2, 0x10C3, 0x10E3, 0x1104, 0x1104, 0x1103, 0x10E3,
    0x08C2, 0x08C2, 0x00C2, 0x08E2, 0x0923, 0x1164, 0x19A4, 0x19A4, 0x19A4, 0x19A4, 0x19A4, 0x19A5,
    0x19A5, 0x19C5, 0x19A5, 0x19A5, 0x19A5, 0x1184, 0x1164, 0x1144, 0x0943, 0x1184, 0x19A5, 0x19A5,
    0x1164, 0x0943, 0x0923, 0x0923, 0x0943, 0x1184, 0x19A4, 0x19C4, 0x19C4, 0x19C4, 0x19C5, 0x19C4,
    0x1184, 0x11A4, 0x1184, 0x0963, 0x1184, 0x11A4, 0x1163, 0x1184, 0x11A4, 0x11A4, 0x19C5, 0x19C5,
    0x19C5, 0x11A4, 0x1184, 0x19C5, 0x19E5, 0x1183, 0x0963, 0x11A4, 0x19E5, 0x19E5, 0x19E5, 0x19E4,
    0x19E5, 0x11A4, 0x1183, 0x11C4, 0x1A05, 0x19E5, 0x19C4, 0x19C4, 0x19C4, 0x1184, 0x1184, 0x19C4,
    0x19E5, 0x19E4, 0x19E5, 0x19E5, 0x19C4, 0x11A4, 0x2205, 0x2205, 0x19E5, 0x11A4, 0x11A4, 0x19C4,
    0x11A4, 0x1183, 0x11A4, 0x19E4, 0x1A05, 0x1A05, 0x1A05, 0x11C4, 0x11C4, 0x19E4, 0x1A05, 0x19C4,
    0x11A4, 0x11A4, 0x19C4, 0x19E5, 0x19E5, 0x19C4, 0x1184, 0x1183, 0x1184, 0x1184, 0x11A4, 0x11A4,
    0x11C4, 0x1184, 0x0983, 0x0963, 0x1183, 0x11A4, 0x19C4, 0x19C5, 0x11A4, 0x1163, 0x0963, 0x1184,
    0x19C5, 0x21E5, 0x21E5, 0x21E5, 0x21E5, 0x21C5, 0x21C5, 0x21A5, 0x1964, 0x1123, 0x08E3, 0x08C2,
    0x08C2, 0x08A2, 0x08A2, 0x08A2, 0x08A2, 0x0882, 0x0882, 0x0882, 0x0882, 0x0882, 0x0882, 0x0882,
    0x0882, 0x0882, 0x0882, 0x0882, 0x0882, 0x0882, 0x0882, 0x0861, 0x0000, 0x0000, 0x0000, 0x0000,
    0x0000, 0x0000, 0x0000, 0x0000, 0x0000, 0x0000, 0x0000, 0x0000, 0x0000, 0x0000, 0x0000, 0x0000,
    0x0000, 0x0000, 0x0000, 0x0000, 0x0000, 0x0000, 0x0000, 0x0020, 0x0862, 0x0862, 0x0862, 0x0862,
    0x0862, 0x0862, 0x0862, 0x0862, 0x0862, 0x0862, 0x0862, 0x0862, 0x0862, 0x0862, 0x0862, 0x0882,
    0x08A2, 0x08A2, 0x08A2, 0x08C3, 0x1103, 0x1924, 0x1944, 0x1124, 0x1123, 0x0903, 0x08E2, 0x08E2,
    0x0902, 0x0923, 0x1143, 0x1184, 0x19A4, 0x19A4, 0x19A4, 0x19C4, 0x19C5, 0x19C5, 0x19C5, 0x19C5,
    0x19C5, 0x19A5, 0x1184, 0x1164, 0x0943, 0x1164, 0x11A4, 0x19C5, 0x19A5, 0x1184, 0x1164, 0x0943,
    0x0923, 0x0943, 0x1184, 0x19A4, 0x19A4, 0x19A4, 0x19C4, 0x19E5, 0x11A4, 0x1184, 0x11A4, 0x1184,
    0x1184, 0x11A4, 0x1184, 0x0963, 0x1184, 0x11A4, 0x19C5, 0x19C5, 0x19C5, 0x11C4, 0x11A4, 0x19C4,
    0x1A05, 0x1184, 0x0963, 0x11C4, 0x19E5, 0x1A05, 0x11E4, 0x11E4, 0x19E5, 0x11C4, 0x11A4, 0x11C4,
    0x1A05, 0x19E5, 0x11C4, 0x19C4, 0x19C5, 0x1184, 0x11C4, 0x19E5, 0x19E5, 0x19E4, 0x19E4, 0x19E4,
    0x11C4, 0x19C4, 0x1A05, 0x1A05, 0x11C4, 0x11A4, 0x19C4, 0x11C4, 0x11A4, 0x11A4, 0x19C4, 0x1A05,
    0x1A05, 0x19E5, 0x11C4, 0x11A4, 0x19C4, 0x1A05, 0x19E5, 0x11A4, 0x11A4, 0x11C4, 0x19E5, 0x19E5,
    0x19C4, 0x1184, 0x1183, 0x1184, 0x11A4, 0x11A4, 0x11A4, 0x1184, 0x1183, 0x0963, 0x1163, 0x11A4,
    0x19C4, 0x19E5, 0x19C5, 0x11C4, 0x1183, 0x0963, 0x11A4, 0x19E5, 0x2205, 0x2205, 0x21E5, 0x21E5,
    0x21C5, 0x21A5, 0x1984, 0x1144, 0x1103, 0x08E2, 0x08C2, 0x08C2, 0x08A2, 0x08A2, 0x08A2, 0x08A2,
    0x08A2, 0x08A2, 0x0882, 0x0882, 0x0882, 0x0882, 0x0882, 0x0882, 0x0882, 0x0882, 0x0882, 0x0882,
    0x0882, 0x0882, 0x0882, 0x0882, 0x0041, 0x0000, 0x0000, 0x0000, 0x0000, 0x0000, 0x0000, 0x0000,
    0x0000, 0x0000, 0x0000, 0x0000, 0x0000, 0x0000, 0x0000, 0x0000, 0x0000, 0x0000, 0x0000, 0x0000,
    0x0000, 0x0000, 0x0000, 0x0841, 0x0862, 0x0862, 0x0862, 0x0862, 0x0862, 0x0862, 0x0862, 0x0862,
    0x0862, 0x0862, 0x0862, 0x0862, 0x0862, 0x0882, 0x0882, 0x0882, 0x08A2, 0x08A2, 0x08A2, 0x08A2,
    0x08E3, 0x1104, 0x1924, 0x1944, 0x1964, 0x1944, 0x1123, 0x0903, 0x08E2, 0x08E2, 0x0903, 0x0923,
    0x1164, 0x1184, 0x19A4, 0x19A4, 0x19A4, 0x19A5, 0x19C5, 0x19C5, 0x19C5, 0x19C5, 0x19A4, 0x1184,
    0x1163, 0x0943, 0x1164, 0x11A4, 0x19C5, 0x19A5, 0x19A4, 0x1164, 0x0943, 0x0943, 0x1163, 0x1184,
    0x19A4, 0x11A4, 0x11C4, 0x19E5, 0x19C4, 0x1183, 0x1184, 0x11A4, 0x1184, 0x1184, 0x11A4, 0x1184,
    0x1184, 0x11A4, 0x19C5, 0x19C5, 0x19C5, 0x19C4, 0x11A4, 0x19C4, 0x1A05, 0x11A4, 0x0983, 0x11C4,
    0x19E5, 0x1A05, 0x11E4, 0x11E4, 0x19E5, 0x11C4, 0x11A3, 0x11C4, 0x1A05, 0x19E4, 0x11C4, 0x11C4,
    0x19C5, 0x1184, 0x19E5, 0x1A05, 0x19E5, 0x19C4, 0x19C4, 0x19C4, 0x11A4, 0x19E5, 0x2205, 0x19E5,
    0x11A4, 0x19C4, 0x19E5, 0x19C4, 0x11C4, 0x11E4, 0x1A05, 0x1A05, 0x1A05, 0x11E4, 0x19C4, 0x19E5,
    0x1A05, 0x19E5, 0x11A4, 0x11A4, 0x11A4, 0x19E5, 0x19E5, 0x19C4, 0x11A4, 0x1183, 0x1184, 0x11A4,
    0x11A4, 0x11A4, 0x1184, 0x1183, 0x1183, 0x19A4, 0x19C4, 0x19E5, 0x19E5, 0x19C5, 0x19C4, 0x1183,
    0x0963, 0x11A4, 0x19E5, 0x2205, 0x2205, 0x21E5, 0x21E5, 0x21C5, 0x19A4, 0x1964, 0x1123, 0x0903,
    0x08E3, 0x08C2, 0x08C2, 0x08A2, 0x08A2, 0x08A2, 0x08A2, 0x08A2, 0x0882, 0x0882, 0x08A2, 0x08A2,
    0x08A2, 0x0882, 0x0882, 0x0882, 0x0882, 0x0882, 0x0882, 0x0882, 0x0882, 0x0882, 0x0882, 0x0882,
    0x0862, 0x0020, 0x0000, 0x0000, 0x0000, 0x0000, 0x0000, 0x0000, 0x0000, 0x0000, 0x0000, 0x0000,
    0x0000, 0x0000, 0x0000, 0x0000, 0x0000, 0x0000, 0x0000, 0x0000, 0x0000, 0x0000, 0x0020, 0x0862,
    0x0862, 0x0862, 0x0862, 0x0862, 0x0862, 0x0862, 0x0862, 0x0862, 0x0862, 0x0862, 0x0862, 0x0862,
    0x0882, 0x0882, 0x0882, 0x0882, 0x0882, 0x08A2, 0x08A2, 0x08A2, 0x08A2, 0x08C3, 0x1103, 0x1124,
    0x1965, 0x1985, 0x1984, 0x1144, 0x0923, 0x0903, 0x08E2, 0x0902, 0x0923, 0x0943, 0x1164, 0x1184,
    0x19A4, 0x19A4, 0x19A4, 0x19C5, 0x19C5, 0x19C4, 0x19C4, 0x19C4, 0x1184, 0x1163, 0x0943, 0x1164,
    0x11A4, 0x19C5, 0x19C5, 0x19A4, 0x1184, 0x0943, 0x0943, 0x1183, 0x19A4, 0x19A4, 0x11A4, 0x19C5,
    0x19E5, 0x11A4, 0x1183, 0x11A4, 0x11A4, 0x1184, 0x11A4, 0x11A4, 0x1184, 0x1184, 0x19C5, 0x19C5,
    0x19C4, 0x19C4, 0x11C4, 0x19C4, 0x1A05, 0x11C4, 0x1183, 0x11C4, 0x11E4, 0x1A05, 0x11E4, 0x11E4,
    0x19E5, 0x11C4, 0x11A3, 0x11C4, 0x1A05, 0x11C4, 0x11A4, 0x11C4, 0x11C4, 0x11A4, 0x19E5, 0x1A05,
    0x19E5, 0x19C4, 0x11A4, 0x11A4, 0x11A4, 0x1A05, 0x1A05, 0x19C4, 0x11A4, 0x19C4, 0x19C4, 0x11C4,
    0x11C4, 0x1A05, 0x1A05, 0x1A05, 0x1A05, 0x19E4, 0x1A05, 0x2225, 0x1A05, 0x19C4, 0x11A4, 0x11A4,
    0x19E5, 0x19E5, 0x19E5, 0x11A4, 0x11A4, 0x11A4, 0x11A4, 0x11A4, 0x1184, 0x1183, 0x1184, 0x19A4,
    0x19E5, 0x2205, 0x2205, 0x19E5, 0x19E5, 0x19C4, 0x1184, 0x1183, 0x11A4, 0x19E5, 0x1A05, 0x2205,
    0x21E5, 0x21E5, 0x19A4, 0x1164, 0x1143, 0x0903, 0x08E3, 0x08E3, 0x08E2, 0x08C2, 0x08C2, 0x08A2,
    0x08A2, 0x08A2, 0x08A2, 0x08A2, 0x08A2, 0x08A2, 0x08A2, 0x08A2, 0x08A2, 0x08A2, 0x0882, 0x0882,
    0x0882, 0x0882, 0x0882, 0x0882, 0x0882, 0x0882, 0x0882, 0x0882, 0x0882, 0x0041, 0x0000, 0x0000,
    0x0000, 0x0000, 0x0000, 0x0000, 0x0000, 0x0000, 0x0000, 0x0000, 0x0000, 0x0000, 0x0000, 0x0000,
    0x0000, 0x0000, 0x0000, 0x0000, 0x0000, 0x0000, 0x0841, 0x0862, 0x0862, 0x0862, 0x0862, 0x0862,
    0x0862, 0x0862, 0x0862, 0x0862, 0x0862, 0x0882, 0x0882, 0x08A2, 0x10C3, 0x10C3, 0x08C2, 0x08C2,
    0x08C2, 0x08C2, 0x08A2, 0x08A2, 0x08A2, 0x08A2, 0x08C2, 0x10E3, 0x1144, 0x1964, 0x1985, 0x1984,
    0x1164, 0x1143, 0x0923, 0x0903, 0x0903, 0x0923, 0x0923, 0x0943, 0x1184, 0x19A5, 0x19A5, 0x19C5,
    0x19C5, 0x19C5, 0x19C5, 0x19C5, 0x19A4, 0x11A4, 0x0963, 0x0963, 0x1164, 0x19C4, 0x19C5, 0x19C5,
    0x19A4, 0x1164, 0x0943, 0x0963, 0x11A4, 0x19C4, 0x19C4, 0x19C4, 0x19E5, 0x19E5, 0x11A4, 0x11A4,
    0x11A4, 0x1184, 0x11A4, 0x11A4, 0x1184, 0x1184, 0x19C4, 0x19C5, 0x19C4, 0x11C4, 0x11C4, 0x19C4,
    0x1A05, 0x11C4, 0x11A3, 0x11A4, 0x11C4, 0x1A05, 0x11C4, 0x11C4, 0x19E5, 0x11C4, 0x11A3, 0x11C4,
    0x1A05, 0x11C4, 0x11A4, 0x11C4, 0x11C4, 0x11A4, 0x19E4, 0x19E5, 0x19E5, 0x11C4, 0x11A4, 0x11A4,
    0x11A4, 0x19E5, 0x19E5, 0x11C4, 0x19C4, 0x19C4, 0x11C4, 0x11A4, 0x11E4, 0x1A05, 0x1A25, 0x1A05,
    0x1A05, 0x1A05, 0x1A25, 0x1A25, 0x19E5, 0x11C4, 0x11C4, 0x19C4, 0x19E5, 0x19E5, 0x19C4, 0x11C4,
    0x19C4, 0x11A4, 0x11A4, 0x1183, 0x1183, 0x11A4, 0x19E5, 0x19E5, 0x19E5, 0x19E5, 0x19E5, 0x19E5,
    0x19C4, 0x11A4, 0x1183, 0x11C4, 0x19E5, 0x1A05, 0x1A05, 0x19E5, 0x19C5, 0x19A4, 0x1164, 0x0923,
    0x0903, 0x0903, 0x08E2, 0x08E2, 0x08E2, 0x08C2, 0x08C2, 0x08C2, 0x08C2, 0x08C2, 0x08C2, 0x08C2,
    0x08A2, 0x08A2, 0x08A2, 0x0882, 0x0882, 0x0882, 0x0882, 0x0882, 0x0882, 0x0882, 0x0882, 0x0882,
    0x0882, 0x0882, 0x0882, 0x0882, 0x0882, 0x0862, 0x0000, 0x0000, 0x0000, 0x0000, 0x0000, 0x0000,
    0x0000, 0x0000, 0x0000, 0x0000, 0x0000, 0x0000, 0x0000, 0x0000, 0x0000, 0x0000, 0x0000, 0x0000,
    0x0000, 0x0020, 0x0862, 0x0862, 0x0862, 0x0862, 0x0862, 0x0862, 0x0862, 0x0862, 0x0862, 0x0862,
    0x0862, 0x0882, 0x08A2, 0x10C3, 0x1924, 0x1924, 0x1924, 0x1123, 0x1123, 0x1103, 0x08E3, 0x08C2,
    0x08C2, 0x08C2, 0x08C2, 0x08C2, 0x0903, 0x1123, 0x1964, 0x1984, 0x19A4, 0x1984, 0x1164, 0x1164,
    0x0943, 0x0923, 0x0923, 0x0923, 0x1144, 0x1184, 0x1184, 0x19A5, 0x19A5, 0x19C5, 0x19C5, 0x19C5,
    0x19C4, 0x19C4, 0x11A4, 0x0963, 0x0963, 0x1183, 0x11A4, 0x19E5, 0x19E5, 0x19C4, 0x11A4, 0x0963,
    0x1183, 0x11C4, 0x19C5, 0x19C4, 0x19E5, 0x19E5, 0x11C4, 0x11A4, 0x11A4, 0x11A4, 0x1184, 0x11A4,
    0x1184, 0x1184, 0x11A4, 0x19C5, 0x19C4, 0x11C4, 0x11C4, 0x11C4, 0x19E5, 0x11A4, 0x1184, 0x11A4,
    0x11A4, 0x19C4, 0x11C4, 0x11A4, 0x19C4, 0x11C4, 0x11A4, 0x11C4, 0x1A05, 0x11C4, 0x11A4, 0x11C4,
    0x11C4, 0x11C4, 0x11C4, 0x11E4, 0x19E5, 0x11C4, 0x11A4, 0x11A4, 0x11C4, 0x19E4, 0x11C4, 0x11C4,
    0x19E4, 0x19C4, 0x11A4, 0x11C4, 0x1A05, 0x1A25, 0x1A05, 0x1A05, 0x1A25, 0x1A25, 0x1A25, 0x19E5,
    0x11C4, 0x11C4, 0x19C4, 0x19E4, 0x19C4, 0x11C4, 0x11C4, 0x11C4, 0x11A4, 0x1183, 0x1183, 0x11A4,
    0x19C4, 0x19E5, 0x1A05, 0x1A05, 0x1A05, 0x1A05, 0x1A05, 0x19C4, 0x11A4, 0x1183, 0x11A4, 0x19E5,
    0x1A05, 0x1A05, 0x19E5, 0x19C5, 0x1184, 0x1163, 0x0943, 0x0923, 0x0902, 0x0902, 0x08E2, 0x0902,
    0x0902, 0x0902, 0x0903, 0x1103, 0x1123, 0x1123, 0x1144, 0x1124, 0x1103, 0x08C2, 0x08A2, 0x08A2,
    0x0882, 0x0882, 0x0882, 0x0882, 0x0882, 0x0882, 0x0882, 0x0882, 0x0882, 0x0882, 0x0882, 0x08A2,
    0x08A2, 0x08A2, 0x0041, 0x0000, 0x0000, 0x0000, 0x0000, 0x0000, 0x0000, 0x0000, 0x0000, 0x0000,
    0x0000, 0x0000, 0x0000, 0x0000, 0x0000, 0x0000, 0x0000, 0x0000, 0x0000, 0x0841, 0x0862, 0x0862,
    0x0862, 0x0862, 0x0862, 0x0862, 0x0862, 0x0862, 0x0862, 0x0862, 0x0882, 0x0882, 0x10C3, 0x1103,
    0x1944, 0x1964, 0x1984, 0x1984, 0x1984, 0x1964, 0x1144, 0x1123, 0x0903, 0x08E2, 0x08E2, 0x08C2,
    0x08E2, 0x0903, 0x1123, 0x1143, 0x1984, 0x19A5, 0x19C5, 0x19A4, 0x1184, 0x1164, 0x0943, 0x0923,
    0x0923, 0x0923, 0x0943, 0x1164, 0x1184, 0x19A5, 0x19C5, 0x19C5, 0x19C5, 0x19C4, 0x11C4, 0x11A4,
    0x0963, 0x0963, 0x0983, 0x19E5, 0x2205, 0x2205, 0x1A05, 0x11A4, 0x0963, 0x11A4, 0x19E5, 0x19E5,
    0x19E5, 0x19E5, 0x19E5, 0x11C4, 0x11A4, 0x11A4, 0x11A4, 0x11A4, 0x11A4, 0x1184, 0x11A4, 0x19C4,
    0x11C4, 0x11C4, 0x11A4, 0x11C4, 0x19E5, 0x11A4, 0x11A4, 0x1184, 0x1184, 0x11C4, 0x11A4, 0x11A4,
    0x11A4, 0x11A4, 0x11A4, 0x11C4, 0x1A05, 0x11C4, 0x11A4, 0x11C4, 0x11C4, 0x11C4, 0x11C4, 0x11C4,
    0x19E5, 0x11C4, 0x19C4, 0x19C4, 0x11C4, 0x11C4, 0x11C4, 0x19E4, 0x19E5, 0x11C4, 0x11A3, 0x11E4,
    0x1A05, 0x1A25, 0x1A25, 0x1A25, 0x1A25, 0x1A05, 0x19E4, 0x11C4, 0x11C4, 0x11C4, 0x11C4, 0x19E4,
    0x11C4, 0x11A4, 0x11A4, 0x11A4, 0x11A4, 0x11A4, 0x11C4, 0x19E5, 0x1A05, 0x1A05, 0x1A05, 0x1A05,
    0x1A05, 0x1A05, 0x19E4, 0x11A4, 0x11A4, 0x11C4, 0x19E5, 0x19E5, 0x19E5, 0x19E5, 0x19E5, 0x1184,
    0x0963, 0x0943, 0x0923, 0x0922, 0x0922, 0x0922, 0x0923, 0x1143, 0x1163, 0x1184, 0x1984, 0x19A4,
    0x19C5, 0x19C5, 0x21C5, 0x21C5, 0x1984, 0x1103, 0x08C2, 0x08A2, 0x08A2, 0x0882, 0x0882, 0x0882,
    0x0882, 0x0882, 0x0882, 0x0882, 0x0882, 0x0882, 0x0882, 0x08A2, 0x08A2, 0x10A2, 0x0862, 0x0000,
    0x0000, 0x0000, 0x0000, 0x0000, 0x0000, 0x0000, 0x0000, 0x0000, 0x0000, 0x0000, 0x0000, 0x0000,
    0x0000, 0x0000, 0x0000, 0x0000, 0x0000, 0x0861, 0x0862, 0x0862, 0x0862, 0x0862, 0x0862, 0x0862,
    0x0862, 0x0862, 0x0862, 0x0862, 0x0882, 0x0882, 0x10C2, 0x1103, 0x1944, 0x1984, 0x19A5, 0x21A5,
    0x21A5, 0x19A5, 0x19A4, 0x1984, 0x1964, 0x1144, 0x1123, 0x0903, 0x0902, 0x0902, 0x0903, 0x0923,
    0x1143, 0x1164, 0x19A4, 0x19C5, 0x19C5, 0x19A4, 0x1184, 0x1144, 0x0923, 0x0903, 0x0903, 0x0923,
    0x1143, 0x1184, 0x19A4, 0x19C5, 0x19C5, 0x19C5, 0x19C4, 0x11C4, 0x1184, 0x0963, 0x0963, 0x11A4,
    0x19E5, 0x2226, 0x2226, 0x19E5, 0x0983, 0x0983, 0x19E5, 0x19E5, 0x19E4, 0x19E5, 0x19E5, 0x19C4,
    0x11A4, 0x11A4, 0x11A4, 0x11A4, 0x11A4, 0x11A4, 0x11A4, 0x11A4, 0x11A4, 0x11A4, 0x11A4, 0x11C4,
    0x11C4, 0x11C4, 0x11A4, 0x11A4, 0x11A4, 0x11A4, 0x11C4, 0x11A4, 0x11A4, 0x11A4, 0x11A4, 0x11C4,
    0x19E5, 0x11A4, 0x11A4, 0x11C4, 0x11C4, 0x11C4, 0x11C4, 0x11C4, 0x11C4, 0x11C4, 0x19E5, 0x19C4,
    0x11C4, 0x11C4, 0x11C4, 0x19E4, 0x19E4, 0x11A4, 0x11C4, 0x1A05, 0x1A25, 0x1A25, 0x1A25, 0x1A25,
    0x1A25, 0x11E4, 0x11C4, 0x11C4, 0x11C4, 0x11C4, 0x11E4, 0x19E4, 0x11C4, 0x11A4, 0x11A4, 0x11C4,
    0x19E4, 0x19E4, 0x1A05, 0x1A05, 0x1A25, 0x1A25, 0x1A25, 0x1A05, 0x1A05, 0x11C4, 0x11A4, 0x11A4,
    0x11C4, 0x11C4, 0x19E5, 0x1A05, 0x19E5, 0x19E5, 0x11A4, 0x1183, 0x0963, 0x0943, 0x0922, 0x0943,
    0x0963, 0x11A4, 0x19C4, 0x19C4, 0x19E5, 0x2205, 0x2205, 0x2205, 0x2205, 0x2205, 0x2205, 0x21E5,
    0x19A5, 0x1143, 0x0903, 0x08C2, 0x08A2, 0x08A2, 0x08A2, 0x0882, 0x0882, 0x0882, 0x0882, 0x0882,
    0x0882, 0x0882, 0x0882, 0x08A2, 0x08A2, 0x08A2, 0x0882, 0x0020, 0x0000, 0x0000, 0x0000, 0x0000,
    0x0000, 0x0000, 0x0000, 0x0000, 0x0000, 0x0000, 0x0000, 0x0000, 0x0000, 0x0000, 0x0000, 0x0000,
    0x0041, 0x0862, 0x0862, 0x0862, 0x0862, 0x0862, 0x0862, 0x0862, 0x0862, 0x0862, 0x0862, 0x0882,
    0x0882, 0x0882, 0x08A2, 0x1103, 0x1944, 0x1984, 0x19A4, 0x19A4, 0x19A5, 0x19C5, 0x19C5, 0x19C5,
    0x19C5, 0x19A5, 0x19A4, 0x1984, 0x1184, 0x1164, 0x1163, 0x0943, 0x0923, 0x0923, 0x1163, 0x1184,
    0x19A4, 0x19C4, 0x19C4, 0x19A4, 0x1184, 0x1164, 0x0943, 0x0923, 0x0923, 0x0923, 0x1164, 0x1184,
    0x19C5, 0x19C5, 0x19E5, 0x19C4, 0x11C4, 0x11A4, 0x0983, 0x0963, 0x1183, 0x1A05, 0x2246, 0x2226,
    0x11A4, 0x0963, 0x11A4, 0x19E5, 0x19E4, 0x11C4, 0x19E4, 0x19E5, 0x11C4, 0x1184, 0x11A4, 0x11A4,
    0x11A4, 0x11A4, 0x11A4, 0x11A4, 0x11A4, 0x11A4, 0x11A4, 0x11A4, 0x11C4, 0x11C4, 0x11A4, 0x11A4,
    0x11A4, 0x11A4, 0x11A4, 0x11A4, 0x11C4, 0x11A4, 0x11A4, 0x11A4, 0x11C4, 0x11A4, 0x11A4, 0x11C5,
    0x11C4, 0x11C4, 0x11C4, 0x11A4, 0x11C4, 0x11C4, 0x19E5, 0x11C4, 0x11C4, 0x11C4, 0x11C4, 0x1A05,
    0x11E4, 0x11C4, 0x1A05, 0x1A25, 0x1A25, 0x1A25, 0x1A45, 0x1A25, 0x1204, 0x11C4, 0x11C4, 0x11C4,
    0x11E4, 0x11E4, 0x11E4, 0x11C4, 0x11C4, 0x11E4, 0x11E4, 0x1A05, 0x1A05, 0x1A05, 0x1A25, 0x1A25,
    0x1A25, 0x1A25, 0x1A05, 0x19E5, 0x11C4, 0x09A3, 0x09A3, 0x11A4, 0x11C4, 0x11E4, 0x19E5, 0x19E5,
    0x11E4, 0x11C4, 0x0983, 0x0963, 0x0963, 0x0983, 0x11A4, 0x19E4, 0x1A05, 0x1A25, 0x1A25, 0x2225,
    0x2225, 0x2225, 0x2225, 0x2225, 0x2225, 0x2225, 0x2226, 0x2205, 0x21E5, 0x19A4, 0x1143, 0x1103,
    0x08C2, 0x08A2, 0x08A2, 0x08A2, 0x0882, 0x0882, 0x0882, 0x0882, 0x0882, 0x0882, 0x0882, 0x08A2,
    0x08A2, 0x08A2, 0x08A2, 0x0861, 0x0000, 0x0000, 0x0000, 0x0000, 0x0000, 0x0000, 0x0000, 0x0000,
    0x0000, 0x0000, 0x0000, 0x0000, 0x0000, 0x0000, 0x0000, 0x0000, 0x0841, 0x0882, 0x0862, 0x0862,
    0x0862, 0x0862, 0x0862, 0x0862, 0x0862, 0x0862, 0x0862, 0x0882, 0x0882, 0x0882, 0x08A2, 0x10E3,
    0x1944, 0x1964, 0x1984, 0x19A4, 0x19A4, 0x19C4, 0x19C4, 0x19C5, 0x19C5, 0x19C5, 0x19C5, 0x19C5,
    0x19C5, 0x19C4, 0x11A4, 0x1184, 0x1184, 0x0943, 0x0943, 0x0963, 0x1184, 0x11A4, 0x19C4, 0x19C4,
    0x19C4, 0x19A4, 0x1184, 0x1164, 0x0943, 0x0923, 0x0923, 0x1143, 0x1184, 0x11A4, 0x19C4, 0x19E5,
    0x19C4, 0x11C4, 0x11A4, 0x0963, 0x0942, 0x11A4, 0x2205, 0x2226, 0x19E5, 0x0983, 0x0983, 0x19E5,
    0x19E5, 0x11C4, 0x11C4, 0x19E4, 0x19E4, 0x11A4, 0x11A4, 0x11A4, 0x11A4, 0x11A4, 0x11A4, 0x11A4,
    0x11A4, 0x11A4, 0x11A4, 0x11A4, 0x11C4, 0x11C4, 0x11A4, 0x11A4, 0x11A4, 0x11A4, 0x11A4, 0x11A4,
    0x11C4, 0x11A4, 0x11A4, 0x11A4, 0x11A4, 0x1184, 0x11A4, 0x11C5, 0x11C4, 0x11C4, 0x11C4, 0x11C4,
    0x11C4, 0x11C4, 0x19E5, 0x11C4, 0x11C4, 0x11C4, 0x11E4, 0x1A05, 0x11C4, 0x11E4, 0x1A25, 0x1A45,
    0x1A45, 0x1A45, 0x1A45, 0x1A25, 0x11E4, 0x11C4, 0x11E4, 0x11E4, 0x11E4, 0x11E4, 0x11C4, 0x11C4,
    0x1204, 0x1A05, 0x1A05, 0x1A25, 0x1A25, 0x1A25, 0x1A25, 0x1A25, 0x1A05, 0x11E5, 0x11E4, 0x11C4,
    0x09A3, 0x09A3, 0x09A3, 0x11C4, 0x11C4, 0x11E5, 0x11E4, 0x11E4, 0x11C4, 0x09A3, 0x0983, 0x11A3,
    0x11C4, 0x19E5, 0x1A05, 0x1A25, 0x1A25, 0x1A25, 0x1A45, 0x1A45, 0x2245, 0x2245, 0x2245, 0x2246,
    0x2246, 0x2246, 0x2246, 0x2226, 0x2206, 0x21E5, 0x1984, 0x1944, 0x10E3, 0x08C2, 0x08A2, 0x08A2,
    0x08A2, 0x0882, 0x0882, 0x0882, 0x08A2, 0x08A2, 0x08A2, 0x08A2, 0x08A2, 0x08A2, 0x10A2, 0x0882,
    0x0020, 0x0000, 0x0000, 0x0000, 0x0000, 0x0000, 0x0000, 0x0000, 0x0000, 0x0000, 0x0000, 0x0000,
    0x0000, 0x0000, 0x0000, 0x0021, 0x0862, 0x0862, 0x0862, 0x0862, 0x0862, 0x0862, 0x0862, 0x0862,
    0x0862, 0x0862, 0x0882, 0x0882, 0x0882, 0x0882, 0x0882, 0x08A2, 0x10E3, 0x1123, 0x1964, 0x1984,
    0x19A4, 0x19A4, 0x19C4, 0x19C5, 0x19C5, 0x19E5, 0x19E5, 0x19E5, 0x19E5, 0x19E5, 0x19E5, 0x19E5,
    0x19C5, 0x11C4, 0x11A4, 0x0963, 0x0963, 0x0963, 0x1183, 0x11A4, 0x19C4, 0x19C4, 0x19C5, 0x19C5,
    0x19A4, 0x1163, 0x0943, 0x0943, 0x0943, 0x0963, 0x11A4, 0x19C4, 0x19C5, 0x19C4, 0x11C4, 0x1183,
    0x0963, 0x0963, 0x11A4, 0x19E5, 0x1A05, 0x11E4, 0x11A4, 0x11E4, 0x1A05, 0x19E4, 0x11C4, 0x11C4,
    0x19E4, 0x11C4, 0x11A4, 0x11A4, 0x11C4, 0x11A4, 0x11A4, 0x11A4, 0x11A4, 0x11A4, 0x11A4, 0x11A4,
    0x11A4, 0x11A4, 0x11A4, 0x11A4, 0x11A4, 0x11A4, 0x11A4, 0x11A4, 0x11A4, 0x11A4, 0x11A4, 0x11A4,
    0x11A4, 0x1184, 0x11A4, 0x11C4, 0x11C4, 0x11C4, 0x11C4, 0x11C4, 0x11C4, 0x11C4, 0x11C4, 0x11C4,
    0x11C4, 0x11C4, 0x1A05, 0x1204, 0x11C4, 0x1204, 0x1A45, 0x1A45, 0x1A45, 0x1A65, 0x1A45, 0x1204,
    0x11E4, 0x11E4, 0x11E4, 0x19E4, 0x11C4, 0x11C4, 0x11E4, 0x1A05, 0x1A25, 0x1A25, 0x1A25, 0x1A25,
    0x1A45, 0x1A25, 0x1A05, 0x1205, 0x11E4, 0x11E4, 0x11C4, 0x09A3, 0x0983, 0x0983, 0x11A4, 0x11E4,
    0x11E4, 0x11E4, 0x11E4, 0x11C4, 0x11C4, 0x11E4, 0x11E4, 0x1A25, 0x1A25, 0x1A25, 0x1A25, 0x1A45,
    0x1A45, 0x1A45, 0x2265, 0x2265, 0x2266, 0x2266, 0x2266, 0x2266, 0x2266, 0x2266, 0x2246, 0x2246,
    0x2226, 0x21E5, 0x1984, 0x1123, 0x08E2, 0x08C2, 0x08C2, 0x08A2, 0x08A2, 0x0882, 0x0882, 0x0882,
    0x08A2, 0x08A2, 0x08A2, 0x08A2, 0x0882, 0x08A2, 0x08A2, 0x08A2, 0x0041, 0x0000, 0x0000, 0x0000,
    0x0000, 0x0000, 0x0000, 0x0000, 0x0000, 0x0000, 0x0000, 0x0000, 0x0000, 0x0000, 0x0000, 0x0841,
    0x0862, 0x0862, 0x0862, 0x0862, 0x0862, 0x0862, 0x0862, 0x0862, 0x0862, 0x0862, 0x0882, 0x0882,
    0x0882, 0x0882, 0x0882, 0x08A2, 0x08C2, 0x08E2, 0x1123, 0x1143, 0x1164, 0x19A4, 0x19A4, 0x19C4,
    0x19C5, 0x19C5, 0x19E5, 0x19E5, 0x19E5, 0x19E5, 0x19E5, 0x1A05, 0x1A05, 0x1A05, 0x19C5, 0x11A4,
    0x1183, 0x0963, 0x0963, 0x0963, 0x1183, 0x11A4, 0x19C4, 0x19E5, 0x19E5, 0x19C5, 0x1184, 0x0963,
    0x0943, 0x0943, 0x0963, 0x11A4, 0x11C4, 0x19C5, 0x19C4, 0x11C4, 0x1184, 0x0983, 0x0983, 0x11A4,
    0x19E5, 0x1A05, 0x19E5, 0x19E5, 0x1A05, 0x11C4, 0x11C4, 0x11C4, 0x11E4, 0x11E4, 0x11C4, 0x11C4,
    0x11C4, 0x11C4, 0x11C4, 0x11A4, 0x11A4, 0x11A4, 0x11A4, 0x11A4, 0x11A4, 0x11A4, 0x11A4, 0x11A4,
    0x11A4, 0x11A4, 0x1184, 0x1184, 0x1184, 0x1184, 0x11A4, 0x11A4, 0x11A4, 0x1184, 0x11A4, 0x11A4,
    0x11A4, 0x11A4, 0x11C4, 0x11C4, 0x11C4, 0x11C4, 0x11C4, 0x11C4, 0x11C4, 0x11E4, 0x1A05, 0x11E4,
    0x11E4, 0x1A25, 0x1A45, 0x1A45, 0x1A65, 0x1A66, 0x1224, 0x11E4, 0x11E4, 0x11E4, 0x11E4, 0x11E4,
    0x11E4, 0x1204, 0x1A25, 0x1A25, 0x1A25, 0x1A45, 0x1A45, 0x1A25, 0x1A25, 0x1A05, 0x11E4, 0x11E4,
    0x11E4, 0x11C4, 0x0983, 0x0983, 0x0983, 0x09A4, 0x11C4, 0x11E4, 0x11E4, 0x11E4, 0x11E4, 0x1A04,
    0x1A25, 0x1A25, 0x1A45, 0x2245, 0x2245, 0x2245, 0x2245, 0x2265, 0x2266, 0x2266, 0x2286, 0x2286,
    0x2286, 0x2286, 0x2286, 0x2266, 0x2266, 0x2266, 0x2266, 0x2246, 0x2226, 0x21E5, 0x1984, 0x1143,
    0x1103, 0x10E3, 0x10E3, 0x10C2, 0x08A2, 0x0882, 0x08A2, 0x08A2, 0x0882, 0x0882, 0x08A2, 0x08A2,
    0x0882, 0x08A2, 0x08A2, 0x08A2, 0x0882, 0x0000, 0x0000, 0x0000, 0x0000, 0x0000, 0x0000, 0x0000,
    0x0000, 0x0000, 0x0000, 0x0000, 0x0000, 0x0000, 0x0000, 0x0862, 0x0862, 0x0862, 0x0862, 0x0862,
    0x0862, 0x0862, 0x0862, 0x0862, 0x0862, 0x0862, 0x0882, 0x0882, 0x0882, 0x0882, 0x08A2, 0x08A2,
    0x08A2, 0x08C2, 0x08E2, 0x0903, 0x0923, 0x1144, 0x1164, 0x1984, 0x19A4, 0x19C4, 0x19C5, 0x19E5,
    0x19E5, 0x19E5, 0x19E5, 0x1A05, 0x1A05, 0x19E5, 0x19E5, 0x19E5, 0x19C5, 0x19C4, 0x1184, 0x0963,
    0x0963, 0x0963, 0x1184, 0x19C5, 0x19E5, 0x19E5, 0x19E5, 0x11C4, 0x1184, 0x0963, 0x0963, 0x0963,
    0x1183, 0x11A4, 0x19C4, 0x19C5, 0x11C4, 0x11A4, 0x11A4, 0x11A4, 0x11C4, 0x19E5, 0x1A05, 0x1A05,
    0x1A05, 0x11C4, 0x11C4, 0x11E4, 0x11E4, 0x11E4, 0x11E4, 0x11C4, 0x11C4, 0x11C4, 0x11C4, 0x11A4,
    0x11A4, 0x11A4, 0x11A4, 0x1184, 0x1184, 0x1184, 0x1184, 0x1164, 0x1164, 0x1164, 0x1164, 0x1164,
    0x1164, 0x1164, 0x1184, 0x1984, 0x1984, 0x1184, 0x1184, 0x11A4, 0x11A4, 0x11A4, 0x11C4, 0x11A4,
    0x11C4, 0x11C4, 0x11C4, 0x11C4, 0x11C4, 0x11E4, 0x1A05, 0x1204, 0x1A25, 0x1A25, 0x1A45, 0x1A65,
    0x2266, 0x1A25, 0x11E4, 0x11E4, 0x1204, 0x1204, 0x11E4, 0x11E4, 0x1A05, 0x1A25, 0x1A45, 0x1A45,
    0x1A45, 0x1A45, 0x1A25, 0x1A05, 0x11E4, 0x11E4, 0x11E4, 0x11C4, 0x09A3, 0x0983, 0x0963, 0x0983,
    0x11A4, 0x11C4, 0x11C4, 0x11E4, 0x11E4, 0x1A05, 0x1A25, 0x1A25, 0x1A45, 0x1A45, 0x2265, 0x2265,
    0x2266, 0x2266, 0x2286, 0x2286, 0x2286, 0x2286, 0x2286, 0x2286, 0x2286, 0x2286, 0x2286, 0x2286,
    0x2266, 0x2266, 0x2246, 0x2226, 0x2226, 0x21E5, 0x19A5, 0x1964, 0x1123, 0x1103, 0x10E3, 0x08A2,
    0x0882, 0x0882, 0x0882, 0x0882, 0x0882, 0x0882, 0x08A2, 0x08A2, 0x08A2, 0x08A2, 0x08A2, 0x08A2,
    0x08A2, 0x0020, 0x0000, 0x0000, 0x0000, 0x0000, 0x0000, 0x0000, 0x0000, 0x0000, 0x0000, 0x0000,
    0x0000, 0x0000, 0x0020, 0x0862, 0x0862, 0x0862, 0x0862, 0x0862, 0x0862, 0x0862, 0x0862, 0x0862,
    0x0862, 0x0882, 0x0882, 0x0882, 0x0882, 0x08A2, 0x08A2, 0x08A2, 0x08C2, 0x08C2, 0x08E2, 0x08E3,
    0x0903, 0x1123, 0x1123, 0x1164, 0x1164, 0x1184, 0x19A4, 0x19C5, 0x19C5, 0x19E5, 0x19E5, 0x19E5,
    0x1A05, 0x19E5, 0x1A05, 0x1A05, 0x1A05, 0x2206, 0x19E5, 0x11A4, 0x1163, 0x0963, 0x0963, 0x1184,
    0x11A4, 0x19C5, 0x19E5, 0x1A05, 0x19E5, 0x11A4, 0x1183, 0x0963, 0x0963, 0x0983, 0x11A4, 0x19C4,
    0x11C4, 0x11C4, 0x11C4, 0x11C4, 0x11C4, 0x11C4, 0x19E5, 0x1A05, 0x1A05, 0x1A05, 0x11C4, 0x11C4,
    0x11E4, 0x11E4, 0x11E4, 0x11E4, 0x11C4, 0x11C4, 0x11A4, 0x11A4, 0x11A4, 0x1184, 0x1184, 0x1164,
    0x1164, 0x1143, 0x0923, 0x0923, 0x0923, 0x0923, 0x0923, 0x0903, 0x0903, 0x0903, 0x1123, 0x1143,
    0x1143, 0x1143, 0x1163, 0x1184, 0x1184, 0x11A4, 0x11A4, 0x11A4, 0x11A4, 0x11A4, 0x11C4, 0x11C4,
    0x11E4, 0x11E4, 0x11E4, 0x1205, 0x1A25, 0x1A45, 0x1A45, 0x1A66, 0x1A45, 0x11E4, 0x09C3, 0x11E4,
    0x1204, 0x1204, 0x1204, 0x1A25, 0x1A25, 0x1A45, 0x1A65, 0x1A66, 0x1A66, 0x1A45, 0x1204, 0x11E4,
    0x11E4, 0x1204, 0x11E4, 0x09C3, 0x09A3, 0x11C4, 0x19E5, 0x1A05, 0x1A05, 0x1A05, 0x1A05, 0x11E4,
    0x1A05, 0x1A05, 0x1A04, 0x1A04, 0x1A25, 0x1A65, 0x2265, 0x2286, 0x2286, 0x2286, 0x2286, 0x2286,
    0x2286, 0x2286, 0x2286, 0x2286, 0x2286, 0x2286, 0x2286, 0x2286, 0x2266, 0x2266, 0x2246, 0x2205,
    0x19E5, 0x19A4, 0x1164, 0x1143, 0x1123, 0x1103, 0x08E2, 0x08A2, 0x0882, 0x0882, 0x0882, 0x0882,
    0x0882, 0x0882, 0x08A2, 0x08A2, 0x08A2, 0x08A2, 0x08A2, 0x08A2, 0x10A2, 0x0841, 0x0000, 0x0000,
    0x0000, 0x0000, 0x0000, 0x0000, 0x0000, 0x0000, 0x0000, 0x0000, 0x0000, 0x0000, 0x0841, 0x0862,
    0x0862, 0x0862, 0x0862, 0x0862, 0x0862, 0x0862, 0x0862, 0x0862, 0x0862, 0x0882, 0x0882, 0x08A2,
    0x08C2, 0x10E3, 0x1103, 0x1123, 0x1124, 0x1144, 0x1144, 0x1143, 0x1123, 0x0923, 0x0923, 0x1123,
    0x1143, 0x1164, 0x1184, 0x19A4, 0x19C5, 0x19C5, 0x19E5, 0x19E5, 0x19E5, 0x1A05, 0x1A05, 0x1A05,
    0x1A05, 0x1A25, 0x1A25, 0x1A05, 0x11C4, 0x1184, 0x0963, 0x0963, 0x1184, 0x11A4, 0x19E5, 0x1A05,
    0x1A05, 0x19E5, 0x19E5, 0x11A4, 0x0983, 0x0963, 0x0983, 0x11A4, 0x11C4, 0x11C4, 0x11C4, 0x11E4,
    0x11C4, 0x11C4, 0x11C4, 0x11E5, 0x1A25, 0x1A25, 0x11E4, 0x11C4, 0x11E4, 0x11E4, 0x11C4, 0x11C4,
    0x11C4, 0x11C4, 0x11A4, 0x11A4, 0x1184, 0x1164, 0x1143, 0x1123, 0x0903, 0x0903, 0x08E2, 0x08E2,
    0x08E2, 0x08E2, 0x08E2, 0x08E2, 0x08E2, 0x08E2, 0x08E2, 0x08E2, 0x08E2, 0x0902, 0x0903, 0x0923,
    0x1143, 0x1164, 0x1184, 0x19A4, 0x11A4, 0x11A4, 0x11A4, 0x11C4, 0x11E4, 0x11E4, 0x1204, 0x1A25,
    0x1A25, 0x1A45, 0x1A66, 0x1A45, 0x1204, 0x09E3, 0x09E3, 0x0A03, 0x1224, 0x1224, 0x1A45, 0x1A45,
    0x1A45, 0x1A45, 0x1A65, 0x1A65, 0x1A45, 0x1204, 0x11E4, 0x1204, 0x1A25, 0x1A25, 0x11C4, 0x09C3,
    0x11E4, 0x1A25, 0x2245, 0x2246, 0x1A45, 0x1A25, 0x1A05, 0x1A05, 0x1A04, 0x1204, 0x1204, 0x1204,
    0x1A45, 0x1A65, 0x2286, 0x2286, 0x2286, 0x2286, 0x22A6, 0x2286, 0x22A6, 0x2286, 0x2286, 0x2286,
    0x2286, 0x2286, 0x2286, 0x2266, 0x2246, 0x2246, 0x1A05, 0x11A4, 0x1183, 0x1143, 0x1143, 0x1143,
    0x1143, 0x1123, 0x10E3, 0x08C2, 0x08A2, 0x08A2, 0x0882, 0x0882, 0x0882, 0x0882, 0x0882, 0x08A2,
    0x08A2, 0x08A2, 0x08A2, 0x08A2, 0x10A3, 0x0882, 0x0000, 0x0000, 0x0000, 0x0000, 0x0000, 0x0000,
    0x0000, 0x0000, 0x0000, 0x0000, 0x0000, 0x0020, 0x0861, 0x0882, 0x0862, 0x0862, 0x0862, 0x0862,
    0x0862, 0x0862, 0x0862, 0x0882, 0x0882, 0x08A2, 0x10E3, 0x1924, 0x1944, 0x1964, 0x1964, 0x1984,
    0x1984, 0x1984, 0x1985, 0x19A5, 0x19A5, 0x19A5, 0x1984, 0x1164, 0x1143, 0x1143, 0x0963, 0x1163,
    0x1184, 0x11A4, 0x19C5, 0x19E5, 0x19E5, 0x2205, 0x2205, 0x1A05, 0x1A05, 0x1A05, 0x1A25, 0x1A25,
    0x1A05, 0x19E5, 0x11A4, 0x1183, 0x1184, 0x11A4, 0x11A4, 0x19C5, 0x19E5, 0x1A05, 0x1A05, 0x1A05,
    0x19E5, 0x11C4, 0x0983, 0x09A3, 0x11C4, 0x11C4, 0x11C4, 0x11E4, 0x11E4, 0x11C4, 0x11C4, 0x11C4,
    0x11E4, 0x11E5, 0x11E4, 0x11E4, 0x11E4, 0x11C4, 0x11C4, 0x11C4, 0x11C4, 0x11A4, 0x1184, 0x1164,
    0x1143, 0x1103, 0x1103, 0x08E2, 0x08C2, 0x08C2, 0x08C2, 0x08A2, 0x08A2, 0x0882, 0x0881, 0x0881,
    0x0882, 0x0882, 0x08A2, 0x08A2, 0x08A2, 0x08C2, 0x08C2, 0x08C2, 0x08E2, 0x0903, 0x1123, 0x1164,
    0x1184, 0x1184, 0x11A4, 0x11A4, 0x11C4, 0x11E4, 0x19E4, 0x1A25, 0x1A45, 0x1A45, 0x1A45, 0x1204,
    0x09E4, 0x1204, 0x1204, 0x1224, 0x1224, 0x1244, 0x1A45, 0x1A45, 0x1A25, 0x1A25, 0x1A25, 0x1225,
    0x1204, 0x1204, 0x1A25, 0x2266, 0x1A45, 0x11E4, 0x09C3, 0x11E4, 0x1A45, 0x2265, 0x1A45, 0x1A25,
    0x1204, 0x1204, 0x1204, 0x1A25, 0x1A25, 0x1A25, 0x1A25, 0x1A45, 0x2265, 0x2285, 0x2286, 0x2286,
    0x22A6, 0x22A6, 0x22A6, 0x22A6, 0x22A6, 0x22A6, 0x2286, 0x2286, 0x2286, 0x2286, 0x2266, 0x1A45,
    0x19E5, 0x11A4, 0x0983, 0x0963, 0x0963, 0x1163, 0x1143, 0x1143, 0x1143, 0x1123, 0x1103, 0x08E3,
    0x08C2, 0x08A2, 0x08A2, 0x0882, 0x08A2, 0x0882, 0x0882, 0x08A2, 0x08A2, 0x08A2, 0x08A2, 0x08A2,
    0x10A2, 0x08A2, 0x0021, 0x0000, 0x0000, 0x0000, 0x0000, 0x0000, 0x0000, 0x0000, 0x0000, 0x0000,
    0x0000, 0x0021, 0x0862, 0x0882, 0x0862, 0x0862, 0x0882, 0x0862, 0x0862, 0x0862, 0x0862, 0x0882,
    0x0882, 0x10C2, 0x1103, 0x1944, 0x2185, 0x2185, 0x1985, 0x1985, 0x1985, 0x19A5, 0x19A5, 0x19A5,
    0x19A5, 0x21C5, 0x19C5, 0x19C5, 0x19A5, 0x19A4, 0x19A4, 0x1184, 0x1184, 0x1184, 0x11A4, 0x19A4,
    0x19C5, 0x19E5, 0x19E5, 0x2205, 0x1A05, 0x1A05, 0x1A25, 0x1A25, 0x1A25, 0x1A25, 0x1A05, 0x11C4,
    0x11A4, 0x1184, 0x11A4, 0x11A4, 0x11C4, 0x19E5, 0x1A05, 0x1A05, 0x1A05, 0x1A05, 0x11C4, 0x11C4,
    0x11E4, 0x11E4, 0x11E4, 0x11C4, 0x11C4, 0x11C4, 0x11C4, 0x11C4, 0x11C4, 0x11C4, 0x11E4, 0x11E4,
    0x11C4, 0x11C4, 0x11C4, 0x11C4, 0x11A4, 0x1184, 0x1143, 0x1123, 0x0903, 0x08E2, 0x08C2, 0x08A2,
    0x08A2, 0x0882, 0x0882, 0x0881, 0x0881, 0x0881, 0x0861, 0x0861, 0x0861, 0x0861, 0x0881, 0x0881,
    0x0881, 0x0881, 0x0881, 0x08A2, 0x08A2, 0x08C2, 0x08E2, 0x0903, 0x1143, 0x1164, 0x1184, 0x11A4,
    0x11A4, 0x11C4, 0x11E4, 0x1A05, 0x1A25, 0x1205, 0x11E4, 0x11E4, 0x1204, 0x1204, 0x1224, 0x1224,
    0x1224, 0x1224, 0x1224, 0x1224, 0x1204, 0x1204, 0x1204, 0x1204, 0x1204, 0x1A45, 0x2266, 0x1A65,
    0x1204, 0x09C3, 0x1204, 0x2286, 0x2AA7, 0x2286, 0x1204, 0x11E4, 0x11E4, 0x1204, 0x1A25, 0x1A25,
    0x1A25, 0x1A25, 0x1A45, 0x2265, 0x2286, 0x2286, 0x22A6, 0x22A6, 0x22A6, 0x22A6, 0x22A6, 0x22A6,
    0x22A6, 0x2286, 0x2286, 0x2286, 0x2266, 0x1A45, 0x1204, 0x11C4, 0x09A4, 0x0983, 0x0963, 0x0963,
    0x0963, 0x1143, 0x1143, 0x1163, 0x1164, 0x1964, 0x1944, 0x1123, 0x08E3, 0x08C2, 0x08A2, 0x08A2,
    0x08A2, 0x08A2, 0x0882, 0x08A2, 0x08A2, 0x08A2, 0x08A2, 0x08A2, 0x10A2, 0x10A3, 0x0861, 0x0000,
    0x0000, 0x0000, 0x0000, 0x0000, 0x0000, 0x0000, 0x0000, 0x0000, 0x0000, 0x0841, 0x0862, 0x0882,
    0x0882, 0x0862, 0x0882, 0x0862, 0x0862, 0x0862, 0x0862, 0x0882, 0x0882, 0x10E3, 0x1924, 0x2165,
    0x2185, 0x2185, 0x1985, 0x1984, 0x1984, 0x1984, 0x1984, 0x1984, 0x19A4, 0x19A5, 0x19A5, 0x19C5,
    0x19C5, 0x19C5, 0x19C5, 0x19C5, 0x19C5, 0x19A4, 0x19A4, 0x1184, 0x11A4, 0x19A4, 0x19A4, 0x19C4,
    0x19C5, 0x19E5, 0x1A05, 0x1A25, 0x1A25, 0x1A25, 0x1A25, 0x1A05, 0x19E5, 0x11C4, 0x11C4, 0x19C4,
    0x11C4, 0x11C4, 0x11C4, 0x19E4, 0x1A05, 0x1A25, 0x1A05, 0x11E4, 0x11E4, 0x1204, 0x11E4, 0x11C4,
    0x11C4, 0x11C4, 0x11C4, 0x11C4, 0x11C4, 0x11C4, 0x11C4, 0x11C4, 0x11C4, 0x11C4, 0x11A4, 0x11A4,
    0x1163, 0x1123, 0x08E2, 0x08C2, 0x08A2, 0x08A2, 0x0882, 0x0881, 0x0861, 0x0861, 0x0861, 0x0861,
    0x0861, 0x0861, 0x0862, 0x0882, 0x0882, 0x0861, 0x0861, 0x0881, 0x0881, 0x0881, 0x0881, 0x0882,
    0x0882, 0x08A2, 0x08A2, 0x08C2, 0x08E2, 0x1123, 0x1164, 0x1184, 0x11A4, 0x11C4, 0x11C4, 0x11C4,
    0x11C4, 0x11E4, 0x11E4, 0x11E4, 0x1204, 0x1204, 0x1224, 0x1224, 0x1224, 0x1224, 0x1224, 0x1A24,
    0x1A04, 0x1204, 0x1204, 0x1204, 0x1A45, 0x2286, 0x2286, 0x1224, 0x0A04, 0x1224, 0x2AC6, 0x3308,
    0x22A6, 0x1224, 0x11E3, 0x11E4, 0x1A24, 0x1A24, 0x1A24, 0x1204, 0x1A25, 0x1A65, 0x2286, 0x2286,
    0x2286, 0x2286, 0x2286, 0x1A85, 0x1A85, 0x1A85, 0x1A85, 0x1A85, 0x1A85, 0x1A85, 0x1A65, 0x1A45,
    0x1A25, 0x11E4, 0x09A3, 0x0983, 0x0983, 0x0983, 0x0963, 0x0963, 0x1163, 0x1164, 0x1184, 0x19A5,
    0x21C5, 0x21E6, 0x21A5, 0x1965, 0x1123, 0x08C2, 0x08A2, 0x08A2, 0x08A2, 0x08A2, 0x0882, 0x08A2,
    0x08A2, 0x08A2, 0x08A2, 0x08A2, 0x10A2, 0x10A3, 0x0882, 0x0000, 0x0000, 0x0000, 0x0000, 0x0000,
    0x0000, 0x0000, 0x0000, 0x0000, 0x0000, 0x0862, 0x0882, 0x0882, 0x0882, 0x0882, 0x0882, 0x0862,
    0x0862, 0x0862, 0x0882, 0x0882, 0x08A2, 0x10E3, 0x1904, 0x1924, 0x1944, 0x1944, 0x1144, 0x1123,
    0x1123, 0x1123, 0x0923, 0x1123, 0x1143, 0x1144, 0x1164, 0x1184, 0x11A4, 0x19A4, 0x19C5, 0x19C5,
    0x19E5, 0x19E5, 0x19E5, 0x19C5, 0x19C4, 0x11A4, 0x1184, 0x1184, 0x1184, 0x11A4, 0x19E4, 0x1A05,
    0x1A25, 0x1A25, 0x1A25, 0x2225, 0x1A25, 0x19E5, 0x11C4, 0x19A4, 0x19C4, 0x19E5, 0x11C4, 0x11C4,
    0x11E4, 0x1A05, 0x1205, 0x1204, 0x1204, 0x1204, 0x11E4, 0x11E4, 0x11C4, 0x11C4, 0x11C4, 0x11C4,
    0x11C4, 0x11C4, 0x11C4, 0x11C4, 0x11C4, 0x11A4, 0x1184, 0x1143, 0x0903, 0x08C2, 0x08A2, 0x0882,
    0x0881, 0x0861, 0x0861, 0x0861, 0x0861, 0x0861, 0x0861, 0x0861, 0x0861, 0x0861, 0x0861, 0x0862,
    0x0862, 0x0862, 0x0862, 0x0861, 0x0881, 0x0881, 0x0881, 0x0881, 0x0881, 0x0881, 0x0882, 0x08A2,
    0x08C2, 0x08E2, 0x1103, 0x1164, 0x1184, 0x11A4, 0x11A4, 0x11C4, 0x11C4, 0x11C4, 0x11E4, 0x1204,
    0x1204, 0x1204, 0x1204, 0x1224, 0x1224, 0x1224, 0x1204, 0x1A04, 0x1204, 0x1204, 0x1204, 0x1A65,
    0x22C6, 0x22C7, 0x1A86, 0x1A45, 0x1A85, 0x2AE7, 0x2AE7, 0x2286, 0x1224, 0x1204, 0x1224, 0x1A24,
    0x1A25, 0x1A24, 0x1224, 0x1A45, 0x1A65, 0x2286, 0x2286, 0x2286, 0x2286, 0x2286, 0x1A85, 0x1A65,
    0x1A65, 0x1A65, 0x1A65, 0x1A65, 0x1A45, 0x1A25, 0x1204, 0x11E4, 0x09C4, 0x09A3, 0x0983, 0x0983,
    0x0983, 0x1184, 0x11A4, 0x19A4, 0x19E5, 0x2205, 0x2226, 0x2226, 0x2206, 0x2206, 0x21C5, 0x1964,
    0x1123, 0x08C2, 0x08A2, 0x08A2, 0x08A2, 0x08A2, 0x08A2, 0x08A2, 0x08A2, 0x08A2, 0x08A2, 0x08A2,
    0x08A2, 0x08A2, 0x08A2, 0x0020, 0x0000, 0x0000, 0x0000, 0x0000, 0x0000, 0x0000, 0x0000, 0x0000,
    0x0020, 0x0862, 0x0882, 0x0882, 0x0862, 0x0882, 0x0882, 0x0862, 0x0862, 0x0882, 0x0882, 0x0882,
    0x0882, 0x08A2, 0x10C3, 0x08C2, 0x08C3, 0x08E3, 0x08E3, 0x08E3, 0x08E3, 0x08E3, 0x0902, 0x0903,
    0x0903, 0x0903, 0x0923, 0x0943, 0x0943, 0x1164, 0x1184, 0x11A4, 0x19C5, 0x19C5, 0x19C5, 0x19E5,
    0x19E5, 0x19C5, 0x19C4, 0x11A4, 0x11A4, 0x11A4, 0x11C4, 0x19E4, 0x1A05, 0x1A25, 0x2225, 0x2225,
    0x2225, 0x2205, 0x19E4, 0x11A4, 0x11A4, 0x19C4, 0x1A05, 0x19E5, 0x11E4, 0x11E4, 0x1204, 0x1204,
    0x11E4, 0x1204, 0x1204, 0x11E4, 0x11E4, 0x11C4, 0x11C4, 0x11C4, 0x11C4, 0x11C4, 0x11A4, 0x11C4,
    0x11C4, 0x1184, 0x0943, 0x08E2, 0x08A2, 0x0882, 0x0882, 0x0862, 0x0861, 0x0861, 0x0862, 0x0862,
    0x0861, 0x0861, 0x0861, 0x0861, 0x0861, 0x0861, 0x0861, 0x0861, 0x0862, 0x0862, 0x0861, 0x0861,
    0x0861, 0x0861, 0x0861, 0x0861, 0x0861, 0x0861, 0x0861, 0x0882, 0x08A2, 0x08A2, 0x08E2, 0x0923,
    0x1164, 0x1184, 0x11A4, 0x11A4, 0x11C4, 0x11C4, 0x11E4, 0x11E4, 0x1204, 0x1204, 0x1204, 0x1204,
    0x0A04, 0x1204, 0x11E4, 0x11E4, 0x11E4, 0x1204, 0x2286, 0x2AC7, 0x2AE7, 0x22A6, 0x1A65, 0x1A85,
    0x22A6, 0x22A6, 0x1A65, 0x1224, 0x1224, 0x1A45, 0x1A45, 0x1A45, 0x1A45, 0x1A45, 0x1A45, 0x1A66,
    0x2286, 0x2286, 0x2286, 0x22A6, 0x2286, 0x2286, 0x2286, 0x1A65, 0x1A65, 0x1A45, 0x1A45, 0x1A25,
    0x1204, 0x11E4, 0x11C4, 0x11A4, 0x09A3, 0x09A3, 0x11A3, 0x11C4, 0x19E4, 0x1A05, 0x2225, 0x2226,
    0x2246, 0x2246, 0x2A46, 0x2A46, 0x2226, 0x21E5, 0x1984, 0x1143, 0x08E3, 0x08C2, 0x08A2, 0x08A2,
    0x08A2, 0x08A2, 0x0882, 0x08A2, 0x08A2, 0x08A2, 0x10A2, 0x10A2, 0x08A2, 0x08C3, 0x08C3, 0x0041,
    0x0000, 0x0000, 0x0000, 0x0000, 0x0000, 0x0000, 0x0000, 0x0000, 0x0041, 0x0862, 0x0862, 0x0882,
    0x0862, 0x0862, 0x0882, 0x0882, 0x0882, 0x0882, 0x0882, 0x0882, 0x0882, 0x08A2, 0x08A2, 0x08A2,
    0x08C2, 0x08C2, 0x08E2, 0x08E2, 0x08E2, 0x08E2, 0x08E2, 0x08E2, 0x08E2, 0x0902, 0x0903, 0x0903,
    0x0903, 0x0923, 0x0923, 0x0943, 0x1164, 0x1184, 0x19A4, 0x19C4, 0x19C5, 0x19E5, 0x19E5, 0x19E5,
    0x19C4, 0x11C4, 0x11A4, 0x11A4, 0x11C4, 0x19E4, 0x1A05, 0x1A05, 0x2225, 0x2225, 0x2205, 0x19E5,
    0x11A4, 0x11A4, 0x11C4, 0x1A05, 0x1A05, 0x11E4, 0x11E4, 0x11E4, 0x11E4, 0x11E4, 0x1204, 0x11E4,
    0x11E4, 0x11E4, 0x11E4, 0x11C4, 0x11C4, 0x11C4, 0x11A4, 0x11A4, 0x1184, 0x0923, 0x08E2, 0x08A2,
    0x0882, 0x0882, 0x0862, 0x0862, 0x0862, 0x0862, 0x0862, 0x0862, 0x0862, 0x0862, 0x0862, 0x0861,
    0x0862, 0x0862, 0x0861, 0x0861, 0x0862, 0x0862, 0x0862, 0x0862, 0x0862, 0x0861, 0x0861, 0x0861,
    0x0861, 0x0861, 0x0861, 0x0862, 0x0882, 0x0882, 0x08A2, 0x08E2, 0x0923, 0x1164, 0x1184, 0x11A4,
    0x11A4, 0x11C4, 0x11C4, 0x11E4, 0x11E4, 0x1204, 0x1204, 0x0A04, 0x0A04, 0x1204, 0x11E4, 0x11E4,
    0x1A25, 0x2286, 0x2AC7, 0x2AC7, 0x2286, 0x1224, 0x0A03, 0x1244, 0x1A65, 0x1A65, 0x1A44, 0x1224,
    0x1A45, 0x1A65, 0x1A45, 0x1A45, 0x1A45, 0x1A65, 0x1A66, 0x2286, 0x2286, 0x2286, 0x2286, 0x1A86,
    0x1A65, 0x1A65, 0x1A45, 0x1A25, 0x1205, 0x1204, 0x11E4, 0x11C4, 0x11C4, 0x11A4, 0x11C4, 0x11C4,
    0x11E4, 0x1A05, 0x2225, 0x2246, 0x2266, 0x2266, 0x2266, 0x2266, 0x2266, 0x2266, 0x2A46, 0x2226,
    0x21E5, 0x19A4, 0x1143, 0x0903, 0x08C2, 0x08A2, 0x08A2, 0x08A2, 0x08A2, 0x08A2, 0x08A2, 0x08A2,
    0x08A2, 0x08A2, 0x08A2, 0x10A3, 0x10A3, 0x10C3, 0x10C3, 0x0882, 0x0000, 0x0000, 0x0000, 0x0000,
    0x0000, 0x0000, 0x0000, 0x0000, 0x0841, 0x0882, 0x0862, 0x0862, 0x0862, 0x0862, 0x0882, 0x0882,
    0x0862, 0x0862, 0x0882, 0x0882, 0x0882, 0x0882, 0x08A2, 0x08A2, 0x08C2, 0x08C2, 0x08C2, 0x08C2,
    0x08E2, 0x08E2, 0x08E2, 0x08E2, 0x0902, 0x0902, 0x0902, 0x0902, 0x0902, 0x0902, 0x0922, 0x0923,
    0x0923, 0x0943, 0x1163, 0x1184, 0x11A4, 0x11C4, 0x19C4, 0x19E5, 0x19E5, 0x19E5, 0x11C4, 0x11A4,
    0x11A3, 0x11A3, 0x11A3, 0x11A4, 0x11C4, 0x19C4, 0x1A05, 0x2205, 0x2205, 0x19E4, 0x11C4, 0x11C4,
    0x19E4, 0x1A05, 0x1204, 0x11E4, 0x11E4, 0x11E4, 0x11E4, 0x1204, 0x11E4, 0x11E4, 0x11E4, 0x11C4,
    0x11C4, 0x11A4, 0x11A4, 0x1164, 0x1123, 0x08E3, 0x08A2, 0x0882, 0x0882, 0x0882, 0x0862, 0x0862,
    0x0862, 0x0862, 0x0862, 0x0862, 0x0862, 0x0862, 0x0862, 0x0861, 0x0861, 0x0862, 0x0862, 0x0862,
    0x0862, 0x0861, 0x0861, 0x0862, 0x0862, 0x0862, 0x0861, 0x0861, 0x0861, 0x0861, 0x0861, 0x0862,
    0x0862, 0x0882, 0x0882, 0x08C2, 0x08E2, 0x0943, 0x1184, 0x11A4, 0x11A4, 0x11C4, 0x11C4, 0x11C4,
    0x11E4, 0x1204, 0x1204, 0x1204, 0x1224, 0x1224, 0x1245, 0x2265, 0x2286, 0x2AC6, 0x2AC6, 0x1A85,
    0x1224, 0x1204, 0x1A65, 0x2285, 0x1A65, 0x1224, 0x1204, 0x1204, 0x1225, 0x1204, 0x1204, 0x1A25,
    0x1A45, 0x1A66, 0x2266, 0x2286, 0x1A66, 0x1A45, 0x1A45, 0x1224, 0x1204, 0x11E4, 0x11E4, 0x11C4,
    0x11C4, 0x11C4, 0x11C4, 0x11E4, 0x11E4, 0x1204, 0x1A25, 0x1A45, 0x2266, 0x2266, 0x2286, 0x2286,
    0x2266, 0x2266, 0x2266, 0x2246, 0x2246, 0x2226, 0x2205, 0x19E5, 0x1984, 0x1143, 0x0902, 0x08C2,
    0x08C2, 0x08A2, 0x08A2, 0x08A2, 0x08A2, 0x08A2, 0x08A2, 0x08A2, 0x08A2, 0x08A2, 0x08A2, 0x08A3,
    0x08A3, 0x10C3, 0x10C3, 0x08A2, 0x0020, 0x0000, 0x0000, 0x0000, 0x0000, 0x0000, 0x0000, 0x0020,
    0x0862, 0x0882, 0x0862, 0x0862, 0x0862, 0x0862, 0x0882, 0x0862, 0x0862, 0x0862, 0x0882, 0x0882,
    0x0882, 0x0882, 0x08A2, 0x08E2, 0x08E2, 0x08E2, 0x08E2, 0x0902, 0x0902, 0x0922, 0x0922, 0x0922,
    0x0922, 0x0922, 0x0922, 0x0902, 0x0902, 0x0902, 0x0902, 0x0902, 0x0922, 0x0922, 0x0923, 0x0943,
    0x0963, 0x0984, 0x11A4, 0x11C4, 0x19E5, 0x19E5, 0x19E5, 0x19E5, 0x11E4, 0x11C4, 0x11A4, 0x0983,
    0x0983, 0x0983, 0x11A3, 0x11C4, 0x19E5, 0x19E5, 0x19C4, 0x11C4, 0x11C4, 0x11E4, 0x1204, 0x1204,
    0x11E4, 0x11E4, 0x11E4, 0x1204, 0x11E4, 0x11E4, 0x11E4, 0x11C4, 0x11C4, 0x19A5, 0x1184, 0x1123,
    0x08E3, 0x08A2, 0x0882, 0x0882, 0x0862, 0x0861, 0x0861, 0x0862, 0x0862, 0x0862, 0x0862, 0x0861,
    0x0862, 0x0862, 0x0861, 0x0861, 0x0861, 0x0862, 0x0862, 0x0862, 0x0861, 0x0861, 0x0861, 0x0862,
    0x0862, 0x0862, 0x0861, 0x0861, 0x0861, 0x0861, 0x0861, 0x0861, 0x0862, 0x0882, 0x0882, 0x00A2,
    0x00C2, 0x0903, 0x1143, 0x1184, 0x11A4, 0x11A4, 0x11C4, 0x11C4, 0x11E4, 0x1204, 0x1204, 0x1224,
    0x1224, 0x1244, 0x1A65, 0x22A6, 0x2AE7, 0x2AE7, 0x22A6, 0x1A65, 0x1A85, 0x2285, 0x1A65, 0x1224,
    0x1203, 0x1204, 0x1A25, 0x1A25, 0x11E4, 0x11E4, 0x1205, 0x1A45, 0x1A66, 0x1A66, 0x1A65, 0x1A25,
    0x1224, 0x11E4, 0x09C3, 0x09C3, 0x09C3, 0x09C3, 0x11C3, 0x11E4, 0x11E4, 0x1204, 0x1204, 0x1A25,
    0x1A45, 0x1A65, 0x2286, 0x2286, 0x2286, 0x2286, 0x2286, 0x2266, 0x2246, 0x2225, 0x1A05, 0x19E5,
    0x19C4, 0x11A4, 0x1163, 0x1143, 0x0923, 0x0902, 0x08E2, 0x08C2, 0x08C2, 0x08C2, 0x08C2, 0x08A2,
    0x08A2, 0x08A2, 0x08A2, 0x08A2, 0x0882, 0x08A2, 0x08A2, 0x08A2, 0x08A2, 0x08C3, 0x08C3, 0x08C3,
    0x0020, 0x0000, 0x0000, 0x0000, 0x0000, 0x0000, 0x0000, 0x0021, 0x0862, 0x0882, 0x0862, 0x0862,
    0x0862, 0x0862, 0x0882, 0x0862, 0x0862, 0x0862, 0x0882, 0x0882, 0x0882, 0x08A2, 0x08E3, 0x1123,
    0x1144, 0x1964, 0x1164, 0x1164, 0x1184, 0x1184, 0x1184, 0x1184, 0x1184, 0x1184, 0x1183, 0x1163,
    0x0963, 0x0943, 0x0943, 0x0923, 0x0923, 0x0923, 0x0923, 0x0923, 0x0943, 0x0943, 0x0963, 0x0984,
    0x09A4, 0x11A4, 0x11C4, 0x11E4, 0x19E5, 0x1A05, 0x19E5, 0x11E4, 0x11C4, 0x11A3, 0x09A3, 0x11A3,
    0x11A4, 0x11C4, 0x11C4, 0x11C4, 0x11E4, 0x11E4, 0x11E4, 0x1204, 0x1204, 0x1204, 0x1204, 0x1204,
    0x11E4, 0x11E4, 0x11E4, 0x11E4, 0x11C4, 0x1184, 0x1144, 0x08E3, 0x08A2, 0x0882, 0x0862, 0x0862,
    0x0861, 0x0861, 0x0861, 0x0861, 0x0862, 0x0862, 0x0861, 0x0861, 0x0861, 0x0861, 0x0861, 0x0861,
    0x0861, 0x0861, 0x0861, 0x0861, 0x0861, 0x0861, 0x0861, 0x0862, 0x0862, 0x0862, 0x0861, 0x0861,
    0x0861, 0x0861, 0x0861, 0x0861, 0x0861, 0x0882, 0x0882, 0x0882, 0x08A2, 0x08C2, 0x0903, 0x1164,
    0x1184, 0x11A4, 0x11C4, 0x11C4, 0x11E4, 0x1204, 0x1204, 0x1224, 0x1224, 0x1224, 0x1264, 0x22A5,
    0x2B07, 0x2B07, 0x22C6, 0x1AA6, 0x22A6, 0x1A65, 0x1224, 0x1204, 0x1224, 0x1A65, 0x1A65, 0x1A24,
    0x1204, 0x1224, 0x1A25, 0x1A45, 0x1A45, 0x1225, 0x1204, 0x09E4, 0x09C3, 0x09C3, 0x09C3, 0x09E4,
    0x1204, 0x1204, 0x1224, 0x1225, 0x1A45, 0x1A45, 0x1A65, 0x1A66, 0x2286, 0x2286, 0x2286, 0x2286,
    0x2286, 0x2266, 0x1A45, 0x1A25, 0x11E4, 0x11C4, 0x11A3, 0x0983, 0x0963, 0x0943, 0x0923, 0x0922,
    0x0902, 0x0902, 0x08E2, 0x08E2, 0x08E2, 0x08C2, 0x08C2, 0x08C2, 0x08A2, 0x08A2, 0x08A2, 0x08A2,
    0x08A2, 0x08A2, 0x08A2, 0x08A2, 0x08A2, 0x08C3, 0x08C3, 0x08C3, 0x0061, 0x0000, 0x0000, 0x0000,
    0x0000, 0x0000, 0x0000, 0x0841, 0x0882, 0x0882, 0x0862, 0x0882, 0x0862, 0x0862, 0x0862, 0x0882,
    0x0882, 0x0882, 0x0882, 0x08A2, 0x08C2, 0x10E3, 0x1924, 0x2185, 0x21C5, 0x21E6, 0x2206, 0x2206,
    0x2205, 0x2205, 0x2205, 0x1A05, 0x1A05, 0x1A05, 0x1A05, 0x19E5, 0x19E5, 0x19C4, 0x11C4, 0x11A4,
    0x11A4, 0x11A4, 0x1184, 0x0984, 0x0963, 0x0963, 0x0963, 0x0963, 0x0963, 0x0963, 0x0983, 0x11A4,
    0x11C4, 0x19E5, 0x1A05, 0x1A25, 0x1A25, 0x1A05, 0x1A05, 0x1A04, 0x11E4, 0x11E4, 0x11C4, 0x11C4,
    0x11C4, 0x11E4, 0x11E4, 0x11E4, 0x11E4, 0x1204, 0x1204, 0x1204, 0x11E4, 0x11E4, 0x11E4, 0x11C4,
    0x11A4, 0x1164, 0x0903, 0x08A2, 0x0882, 0x0862, 0x0862, 0x0862, 0x0862, 0x0861, 0x0861, 0x0861,
    0x0862, 0x0862, 0x0862, 0x0862, 0x0861, 0x0861, 0x0861, 0x0861, 0x0861, 0x0861, 0x0861, 0x0861,
    0x0861, 0x0861, 0x0861, 0x0862, 0x0862, 0x0862, 0x0862, 0x0862, 0x0861, 0x0861, 0x0861, 0x0861,
    0x0861, 0x0861, 0x0881, 0x0882, 0x0882, 0x08A2, 0x08E2, 0x1123, 0x1184, 0x11A4, 0x11C4, 0x11E4,
    0x1204, 0x1204, 0x1204, 0x1224, 0x1224, 0x1224, 0x1244, 0x22A5, 0x2AE6, 0x22C6, 0x1A85, 0x1265,
    0x1244, 0x1244, 0x1244, 0x1245, 0x1A65, 0x1A45, 0x1245, 0x1224, 0x1224, 0x1224, 0x1224, 0x1224,
    0x1204, 0x1204, 0x1204, 0x1204, 0x1224, 0x1245, 0x1A65, 0x1A65, 0x2286, 0x2286, 0x22A6, 0x22A6,
    0x22A6, 0x22A6, 0x2286, 0x1A86, 0x1A66, 0x1A45, 0x1A25, 0x1224, 0x11E4, 0x11E4, 0x09C4, 0x09A3,
    0x09A3, 0x0983, 0x0963, 0x0963, 0x0943, 0x0943, 0x0943, 0x0943, 0x0923, 0x0923, 0x0923, 0x0902,
    0x0902, 0x0902, 0x08E2, 0x08E2, 0x08E2, 0x08C2, 0x08C2, 0x08A2, 0x08A2, 0x08A2, 0x08A2, 0x08A2,
    0x08C2, 0x08C3, 0x08C3, 0x08E3, 0x0882, 0x0000, 0x0000, 0x0000, 0x0000, 0x0000, 0x0000, 0x0861,
    0x0882, 0x0882, 0x0862, 0x0862, 0x0862, 0x0862, 0x0862, 0x0882, 0x0882, 0x0882, 0x0882, 0x08A2,
    0x10C2, 0x10E3, 0x1944, 0x21A5, 0x21E6, 0x2A06, 0x2A26, 0x2226, 0x2246, 0x2246, 0x2246, 0x2245,
    0x2245, 0x2245, 0x2225, 0x2225, 0x1A25, 0x1A25, 0x1A25, 0x1A25, 0x1A25, 0x1A25, 0x1A05, 0x1A05,
    0x19E5, 0x11C4, 0x11C4, 0x11A4, 0x11A4, 0x0984, 0x0983, 0x0983, 0x09A3, 0x11C4, 0x11E4, 0x1A05,
    0x1A25, 0x1A45, 0x1A45, 0x1A45, 0x2245, 0x1A45, 0x1A25, 0x1A04, 0x11E4, 0x1204, 0x1204, 0x11E4,
    0x11E4, 0x1204, 0x1204, 0x1205, 0x1205, 0x11E4, 0x11E4, 0x11C4, 0x1184, 0x0903, 0x08A2, 0x0882,
    0x0862, 0x0862, 0x0862, 0x0862, 0x0862, 0x0861, 0x0861, 0x0861, 0x0861, 0x0862, 0x0862, 0x0862,
    0x0862, 0x0861, 0x0861, 0x0861, 0x0861, 0x0861, 0x0861, 0x0861, 0x0861, 0x0861, 0x0861, 0x0862,
    0x0862, 0x0862, 0x0862, 0x0862, 0x0862, 0x0861, 0x0861, 0x0861, 0x0861, 0x0881, 0x10C2, 0x10C2,
    0x10A2, 0x08A2, 0x08C2, 0x0902, 0x1143, 0x1184, 0x11C4, 0x11C4, 0x11E4, 0x1204, 0x1204, 0x1224,
    0x1224, 0x1224, 0x1244, 0x1A65, 0x1A65, 0x1244, 0x0A24, 0x1244, 0x1265, 0x1A65, 0x1A65, 0x1A65,
    0x1A65, 0x1A65, 0x1A85, 0x1A86, 0x1A65, 0x1A45, 0x1244, 0x1224, 0x1224, 0x1244, 0x1A45, 0x1A86,
    0x22A6, 0x22A6, 0x22C7, 0x22C7, 0x22C7, 0x22C7, 0x22C6, 0x22C6, 0x22A6, 0x1A86, 0x1A45, 0x1225,
    0x1204, 0x11E4, 0x09C3, 0x09A3, 0x0983, 0x0983, 0x0983, 0x0983, 0x0983, 0x0983, 0x0983, 0x0983,
    0x0984, 0x11A4, 0x11A4, 0x11A4, 0x11A4, 0x19A4, 0x19A4, 0x19A4, 0x19A4, 0x19A4, 0x1984, 0x1964,
    0x1944, 0x1123, 0x1103, 0x10C3, 0x08A2, 0x08A2, 0x08A2, 0x08C2, 0x08C3, 0x08C3, 0x08C3, 0x08C3,
    0x08A2, 0x0000, 0x0000, 0x0000, 0x0000, 0x0000, 0x0000, 0x0862, 0x0882, 0x0882, 0x0882, 0x0882,
    0x0882, 0x0882, 0x0882, 0x0882, 0x0882, 0x0882, 0x0882, 0x0882, 0x08A2, 0x08C2, 0x10E3, 0x1123,
    0x1964, 0x1984, 0x19C5, 0x1A05, 0x2225, 0x2226, 0x2245, 0x2245, 0x2245, 0x2245, 0x2245, 0x2245,
    0x2245, 0x2245, 0x2245, 0x2245, 0x2246, 0x2246, 0x2246, 0x1A45, 0x1A25, 0x1A05, 0x1A05, 0x1A05,
    0x1A04, 0x11E4, 0x11C4, 0x11C4, 0x11A4, 0x11C4, 0x11C4, 0x11E4, 0x1205, 0x1A25, 0x1A45, 0x2266,
    0x2286, 0x2286, 0x2266, 0x1A45, 0x1A24, 0x1204, 0x1204, 0x1204, 0x1204, 0x1204, 0x1204, 0x1205,
    0x1205, 0x11E5, 0x11C5, 0x11C4, 0x1164, 0x08E2, 0x0082, 0x0862, 0x0862, 0x0861, 0x0862, 0x0862,
    0x0862, 0x0861, 0x0861, 0x0861, 0x0861, 0x0861, 0x0861, 0x0861, 0x0861, 0x0861, 0x0861, 0x0861,
    0x0861, 0x0861, 0x0861, 0x0861, 0x0861, 0x0861, 0x0861, 0x0861, 0x0862, 0x0862, 0x0862, 0x0862,
    0x0862, 0x0862, 0x0862, 0x0861, 0x10A2, 0x10C2, 0x1903, 0x2144, 0x2123, 0x10E2, 0x08A2, 0x08E2,
    0x0923, 0x1163, 0x11A4, 0x11C4, 0x11E4, 0x1204, 0x1224, 0x1224, 0x1224, 0x1244, 0x1244, 0x1244,
    0x1224, 0x0A24, 0x1244, 0x1265, 0x1A85, 0x1265, 0x1A65, 0x1AA6, 0x22C6, 0x22E7, 0x22C6, 0x1AA6,
    0x1A65, 0x1A65, 0x1A65, 0x1A65, 0x1A85, 0x22A6, 0x22A6, 0x22C6, 0x22C6, 0x22C7, 0x22C7, 0x22A6,
    0x22A6, 0x1A86, 0x1A65, 0x1A45, 0x1225, 0x1204, 0x11E4, 0x09C3, 0x09A3, 0x09A3, 0x0983, 0x0983,
    0x0983, 0x0983, 0x0983, 0x0983, 0x0983, 0x09A3, 0x09A3, 0x11A4, 0x11C4, 0x11E5, 0x11E5, 0x19E5,
    0x19E5, 0x19E5, 0x21E5, 0x2205, 0x2206, 0x2A06, 0x2A06, 0x21E6, 0x21C5, 0x1985, 0x1924, 0x10E3,
    0x10C2, 0x08A2, 0x08A2, 0x08A2, 0x08C2, 0x08C3, 0x08C3, 0x08E3, 0x08C2, 0x0020, 0x0000, 0x0000,
    0x0000, 0x0000, 0x0020, 0x0882, 0x0882, 0x0882, 0x0882, 0x0882, 0x0882, 0x0882, 0x0882, 0x0882,
    0x0882, 0x0882, 0x0882, 0x0882, 0x0882, 0x08A2, 0x08A2, 0x08C2, 0x08E2, 0x0902, 0x0923, 0x0963,
    0x1183, 0x11C4, 0x11E4, 0x19E4, 0x1A05, 0x1A25, 0x1A25, 0x1A25, 0x1A25, 0x1A45, 0x1A45, 0x1A45,
    0x2245, 0x2245, 0x2246, 0x2245, 0x1A45, 0x1A45, 0x1A45, 0x1A45, 0x1A45, 0x1A45, 0x1A45, 0x1A25,
    0x1A25, 0x1A05, 0x1A04, 0x1204, 0x1204, 0x1204, 0x1A04, 0x1A45, 0x2265, 0x2266, 0x2286, 0x2266,
    0x1A45, 0x1224, 0x1204, 0x1204, 0x1204, 0x1225, 0x1205, 0x1205, 0x1205, 0x11E5, 0x11C5, 0x1184,
    0x0923, 0x08A2, 0x0082, 0x0862, 0x0861, 0x0861, 0x0861, 0x0861, 0x0861, 0x0861, 0x0861, 0x0861,
    0x0861, 0x0861, 0x0861, 0x0861, 0x0861, 0x0861, 0x0861, 0x0861, 0x0861, 0x0861, 0x0861, 0x0861,
    0x0861, 0x0861, 0x0861, 0x0861, 0x0862, 0x0862, 0x0862, 0x0862, 0x0862, 0x0862, 0x0862, 0x10A2,
    0x2124, 0x3A07, 0x5AEA, 0x6B8C, 0x6B8C, 0x4A88, 0x2143, 0x08C2, 0x08E2, 0x0923, 0x1184, 0x11A4,
    0x11E4, 0x1204, 0x1204, 0x1224, 0x1224, 0x1244, 0x1245, 0x1244, 0x1264, 0x1265, 0x1285, 0x1A85,
    0x1AA6, 0x22C6, 0x22E6, 0x22C6, 0x22C6, 0x1AA5, 0x1A85, 0x1264, 0x1264, 0x1A85, 0x1AA5, 0x22C6,
    0x22C6, 0x22C6, 0x22C6, 0x22C6, 0x22A6, 0x1A65, 0x1A45, 0x1245, 0x1224, 0x1204, 0x11E4, 0x09E3,
    0x09E3, 0x09C3, 0x11C3, 0x11C3, 0x11C3, 0x11E3, 0x11E3, 0x11E4, 0x1204, 0x1204, 0x1204, 0x1204,
    0x1204, 0x1204, 0x1204, 0x1205, 0x1A25, 0x1A25, 0x1A05, 0x19E5, 0x19E5, 0x19C4, 0x19E5, 0x21E5,
    0x21E5, 0x2205, 0x2206, 0x21E6, 0x21C5, 0x2185, 0x1944, 0x1103, 0x10C2, 0x08A3, 0x08A2, 0x08A2,
    0x08C2, 0x08C3, 0x08E3, 0x10E3, 0x08E3, 0x0041, 0x0000, 0x0000, 0x0000, 0x0000, 0x0021, 0x1082,
    0x0882, 0x0882, 0x0882, 0x0882, 0x0882, 0x0882, 0x0882, 0x0882, 0x0882, 0x0882, 0x0882, 0x08A2,
    0x08A2, 0x08C2, 0x08C2, 0x08C2, 0x08E2, 0x08E2, 0x0922, 0x0922, 0x0942, 0x0963, 0x0983, 0x09A3,
    0x11C4, 0x11E4, 0x11E4, 0x1204, 0x1A04, 0x1A04, 0x1A04, 0x1A04, 0x1A05, 0x1A25, 0x1A25, 0x1A45,
    0x1A45, 0x2245, 0x2266, 0x2266, 0x2266, 0x2266, 0x2266, 0x2266, 0x2265, 0x2245, 0x2245, 0x1A45,
    0x1A45, 0x1204, 0x11E4, 0x11E4, 0x1A04, 0x1A45, 0x2266, 0x2266, 0x1A45, 0x1224, 0x1204, 0x1204,
    0x1225, 0x1225, 0x1205, 0x1204, 0x1205, 0x11E5, 0x11A4, 0x1164, 0x08E2, 0x08A2, 0x0882, 0x0861,
    0x0862, 0x0861, 0x0861, 0x0861, 0x0861, 0x0861, 0x0861, 0x0861, 0x0861, 0x0861, 0x0861, 0x0861,
    0x0861, 0x0861, 0x0861, 0x0861, 0x0861, 0x0861, 0x0861, 0x0861, 0x0861, 0x0861, 0x0861, 0x0861,
    0x0862, 0x0862, 0x0862, 0x0862, 0x0862, 0x0862, 0x0882, 0x10C3, 0x4A69, 0x7BEE, 0x9D12, 0xADB4,
    0xAD93, 0x8C6F, 0x4A88, 0x10E2, 0x08A2, 0x08E2, 0x1143, 0x11A4, 0x11C4, 0x11E4, 0x1204, 0x1224,
    0x1224, 0x1245, 0x1244, 0x1265, 0x1265, 0x1285, 0x1AA5, 0x1AC6, 0x22C6, 0x22C6, 0x1AA5, 0x1284,
    0x1264, 0x1264, 0x1264, 0x1A85, 0x1AA5, 0x22C6, 0x22E6, 0x22E6, 0x2B07, 0x2AE6, 0x22A6, 0x1A65,
    0x1244, 0x1204, 0x1204, 0x1204, 0x11E3, 0x11E3, 0x11E4, 0x1204, 0x1204, 0x1A24, 0x1A45, 0x1A65,
    0x1A85, 0x2285, 0x22A6, 0x22C6, 0x22C6, 0x22C6, 0x22C6, 0x22C6, 0x22C6, 0x22A6, 0x22A6, 0x22A6,
    0x2286, 0x2286, 0x1A45, 0x1A05, 0x19E5, 0x19C5, 0x19C5, 0x21C5, 0x19C5, 0x19A5, 0x19A4, 0x1984,
    0x1985, 0x1964, 0x1924, 0x1103, 0x08C3, 0x08A2, 0x08A2, 0x08A2, 0x08C2, 0x08C3, 0x08E3, 0x10E3,
    0x10E3, 0x0061, 0x0000, 0x0000, 0x0000, 0x0000, 0x0841, 0x08A2, 0x0882, 0x0882, 0x0882, 0x0882,
    0x0882, 0x0882, 0x0882, 0x08A2, 0x08A2, 0x0882, 0x08A2, 0x08E3, 0x1103, 0x1124, 0x1144, 0x1164,
    0x1164, 0x1184, 0x1184, 0x11A4, 0x11A4, 0x11C4, 0x11C4, 0x11E4, 0x11E5, 0x1205, 0x1204, 0x11E4,
    0x11E4, 0x11E4, 0x11C4, 0x11C4, 0x09C3, 0x11C4, 0x11E4, 0x1204, 0x1A04, 0x1A25, 0x1A25, 0x1A45,
    0x1A45, 0x1A45, 0x1A45, 0x2245, 0x2245, 0x2245, 0x2265, 0x2266, 0x2266, 0x1A45, 0x1A45, 0x1A25,
    0x1204, 0x1204, 0x1A04, 0x1A25, 0x1A45, 0x1A25, 0x1225, 0x1225, 0x1225, 0x1225, 0x1204, 0x1205,
    0x1205, 0x19E5, 0x1184, 0x1123, 0x08C2, 0x0882, 0x0862, 0x0862, 0x0862, 0x0862, 0x0861, 0x0861,
    0x0861, 0x0861, 0x0861, 0x0861, 0x0861, 0x0861, 0x0861, 0x0861, 0x0861, 0x0861, 0x0861, 0x0861,
    0x0861, 0x0861, 0x0861, 0x0861, 0x0861, 0x0861, 0x0861, 0x0861, 0x0862, 0x0862, 0x0862, 0x0862,
    0x0862, 0x0862, 0x08A2, 0x2986, 0x6B8D, 0xA553, 0xBE15, 0xC656, 0xBE35, 0xADB4, 0x73ED, 0x2185,
    0x00A2, 0x08C2, 0x0903, 0x1164, 0x11C4, 0x11E4, 0x1204, 0x1224, 0x1245, 0x1245, 0x1265, 0x1285,
    0x1AA5, 0x1AC6, 0x1AC6, 0x1AA5, 0x1265, 0x1264, 0x1264, 0x1264, 0x1284, 0x1284, 0x1AA5, 0x1AC5,
    0x1AC5, 0x1AC5, 0x22E6, 0x22C6, 0x1AA5, 0x1A64, 0x1A64, 0x1A44, 0x1A44, 0x1244, 0x1224, 0x1244,
    0x1A65, 0x1A85, 0x22A5, 0x22C6, 0x22E6, 0x22E6, 0x2306, 0x2B06, 0x2B07, 0x2B06, 0x2306, 0x2306,
    0x2306, 0x2306, 0x2306, 0x2306, 0x2306, 0x22E6, 0x22E6, 0x22C6, 0x22C6, 0x22C6, 0x22A6, 0x2286,
    0x2246, 0x2205, 0x19A4, 0x1164, 0x1143, 0x0922, 0x0902, 0x0902, 0x0903, 0x1103, 0x10E3, 0x10E3,
    0x08C2, 0x08A3, 0x08A3, 0x08C3, 0x08C3, 0x08C3, 0x10E3, 0x10E3, 0x1103, 0x0882, 0x0000, 0x0000,
    0x0000, 0x0000, 0x0861, 0x08A2, 0x0882, 0x0882, 0x0882, 0x0882, 0x0882, 0x0882, 0x08A2, 0x08A2,
    0x08C2, 0x08C3, 0x1103, 0x1944, 0x1985, 0x21A5, 0x21C5, 0x21E5, 0x21E5, 0x19E5, 0x19E5, 0x19E5,
    0x19E5, 0x19E5, 0x11E5, 0x1205, 0x1A05, 0x1A25, 0x1A25, 0x1A25, 0x1A25, 0x1A25, 0x1A05, 0x1A05,
    0x11E4, 0x11E4, 0x11E4, 0x11E4, 0x11E4, 0x11E4, 0x11E4, 0x11E4, 0x11E4, 0x11E4, 0x11E4, 0x1204,
    0x1A04, 0x1A25, 0x1A45, 0x1A45, 0x2266, 0x2266, 0x2266, 0x2266, 0x1A45, 0x1A25, 0x1204, 0x1204,
    0x1A25, 0x1A45, 0x1225, 0x1225, 0x1225, 0x1225, 0x1225, 0x1225, 0x1205, 0x19E5, 0x1164, 0x0903,
    0x08A2, 0x0882, 0x0862, 0x0862, 0x0862, 0x0861, 0x0861, 0x0861, 0x0861, 0x0861, 0x0861, 0x0861,
    0x0861, 0x0861, 0x0861, 0x0861, 0x0861, 0x0861, 0x0861, 0x0861, 0x0861, 0x0861, 0x0861, 0x0861,
    0x0861, 0x0861, 0x0861, 0x0861, 0x0862, 0x0862, 0x0862, 0x0862, 0x0862, 0x0862, 0x10A3, 0x31E7,
    0x6BAD, 0xAD94, 0xBE56, 0xBE56, 0xBE35, 0xB5F4, 0x7C6F, 0x29C6, 0x0082, 0x08A2, 0x08E3, 0x1143,
    0x11A4, 0x11E4, 0x1204, 0x1224, 0x1245, 0x1265, 0x1A85, 0x1AA6, 0x1AC6, 0x1AC6, 0x1AA5, 0x1285,
    0x1285, 0x1284, 0x1284, 0x1284, 0x1AA5, 0x1AC5, 0x1AE5, 0x1AE6, 0x22E6, 0x22E6, 0x1AC6, 0x1AA5,
    0x1A64, 0x1244, 0x1A64, 0x1A85, 0x1A85, 0x1A85, 0x1A85, 0x1AA5, 0x22C6, 0x22E6, 0x2B06, 0x2B06,
    0x2326, 0x2326, 0x2326, 0x2306, 0x2306, 0x2306, 0x2306, 0x2306, 0x2306, 0x2326, 0x2306, 0x2306,
    0x2306, 0x2306, 0x2306, 0x2306, 0x2B06, 0x2AE6, 0x2AE7, 0x2AC6, 0x2A86, 0x2246, 0x21E5, 0x19A4,
    0x1143, 0x0903, 0x08E2, 0x08C2, 0x08C2, 0x08C2, 0x08C2, 0x08C2, 0x08C2, 0x08C3, 0x10C3, 0x08C3,
    0x08C3, 0x08C3, 0x10E3, 0x10E3, 0x1103, 0x08C2, 0x0000, 0x0000, 0x0000, 0x0000, 0x0882, 0x10A3,
    0x0882, 0x0882, 0x0882, 0x0882, 0x0882, 0x08A2, 0x08A3, 0x08C3, 0x1103, 0x1944, 0x1985, 0x21A5,
    0x21C6, 0x21E6, 0x21E6, 0x2206, 0x2226, 0x2226, 0x2226, 0x1A05, 0x1A05, 0x1A25, 0x1A25, 0x1A25,
    0x1A25, 0x1A45, 0x1A45, 0x1A45, 0x1A45, 0x1A46, 0x2246, 0x2246, 0x1A46, 0x1A25, 0x1A25, 0x1A05,
    0x1204, 0x11E4, 0x11C4, 0x09C3, 0x09C3, 0x09C3, 0x11C3, 0x11C3, 0x11C4, 0x11E4, 0x1204, 0x1A25,
    0x1A45, 0x2266, 0x2266, 0x2286, 0x1A66, 0x1A65, 0x1A45, 0x1225, 0x1224, 0x1224, 0x1224, 0x1224,
    0x1225, 0x1225, 0x1225, 0x1225, 0x1A25, 0x19E5, 0x1143, 0x08C2, 0x0881, 0x0861, 0x0861, 0x0862,
    0x0861, 0x0861, 0x0861, 0x0861, 0x0861, 0x0861, 0x0861, 0x0861, 0x0861, 0x0861, 0x0861, 0x0861,
    0x0861, 0x0861, 0x0861, 0x0861, 0x0861, 0x0861, 0x0861, 0x0861, 0x0861, 0x0861, 0x0862, 0x0862,
    0x0862, 0x0862, 0x0862, 0x0862, 0x0862, 0x0862, 0x10A2, 0x2986, 0x530B, 0x94D1, 0xADD3, 0xB635,
    0xB615, 0xA5D3, 0x740E, 0x2185, 0x0882, 0x08A2, 0x08C3, 0x0903, 0x1163, 0x11C4, 0x1204, 0x1225,
    0x1265, 0x1A85, 0x1AA5, 0x1AA5, 0x12A5, 0x1285, 0x1285, 0x12A5, 0x1AC5, 0x1AC5, 0x1AC5, 0x1AE6,
    0x2306, 0x2306, 0x2306, 0x2306, 0x2306, 0x2306, 0x2306, 0x22E6, 0x1AA5, 0x1A85, 0x1A85, 0x22A5,
    0x22C6, 0x22E6, 0x22E6, 0x22E6, 0x2306, 0x2306, 0x2306, 0x2326, 0x2326, 0x2326, 0x2326, 0x2326,
    0x2326, 0x2B26, 0x2B26, 0x2B26, 0x2B26, 0x2B26, 0x2B26, 0x2B26, 0x2B26, 0x2B26, 0x2B26, 0x2B27,
    0x2B27, 0x2B07, 0x2B07, 0x2AE7, 0x2AA7, 0x2A86, 0x2A46, 0x2205, 0x19A5, 0x1143, 0x08E2, 0x08C2,
    0x08C2, 0x08C2, 0x08C2, 0x08C2, 0x08A2, 0x08A3, 0x08A2, 0x08C2, 0x08C2, 0x08C3, 0x08E3, 0x10E3,
    0x1103, 0x08E3, 0x0020, 0x0000, 0x0000, 0x0000, 0x0882, 0x10A3, 0x1082, 0x0882, 0x0882, 0x0882,
    0x08A2, 0x10A3, 0x10C3, 0x10E3, 0x1944, 0x1965, 0x21A5, 0x21C6, 0x21E6, 0x2206, 0x2206, 0x2206,
    0x2226, 0x2226, 0x2226, 0x2226, 0x2246, 0x2246, 0x2266, 0x2266, 0x2266, 0x2246, 0x2266, 0x2266,
    0x2266, 0x2266, 0x2266, 0x2266, 0x2266, 0x2266, 0x1A45, 0x1A45, 0x1A25, 0x1A25, 0x1A25, 0x1205,
    0x1A05, 0x1A05, 0x1A25, 0x1A25, 0x1225, 0x1204, 0x1204, 0x1204, 0x1204, 0x1224, 0x1A25, 0x1A45,
    0x1A65, 0x1A86, 0x1A86, 0x1A66, 0x1A45, 0x1245, 0x1245, 0x1245, 0x1245, 0x1245, 0x1245, 0x1A45,
    0x1A25, 0x19C4, 0x1123, 0x08A2, 0x0881, 0x0861, 0x0862, 0x0862, 0x0862, 0x0861, 0x0861, 0x0861,
    0x0861, 0x0861, 0x0861, 0x0861, 0x0861, 0x0861, 0x0861, 0x0861, 0x0861, 0x0861, 0x0861, 0x0861,
    0x0861, 0x0861, 0x0861, 0x0861, 0x0861, 0x0862, 0x0862, 0x0862, 0x0862, 0x0862, 0x0862, 0x0862,
    0x0862, 0x0862, 0x0882, 0x2124, 0x4248, 0x638C, 0x848F, 0x9551, 0x9551, 0x7C8F, 0x42C8, 0x10E2,
    0x0882, 0x08A2, 0x08C2, 0x08E2, 0x1143, 0x11C4, 0x1204, 0x1225, 0x1245, 0x1A85, 0x1A85, 0x1285,
    0x1285, 0x12A5, 0x12A5, 0x1AC5, 0x1AC5, 0x1AE6, 0x2306, 0x2326, 0x2326, 0x2326, 0x2326, 0x2326,
    0x2326, 0x2306, 0x1AC5, 0x1AA5, 0x1A85, 0x1AA5, 0x22E6, 0x2B06, 0x2B06, 0x22E6, 0x22C5, 0x1AC5,
    0x2306, 0x2326, 0x2B26, 0x2B46, 0x2B46, 0x2B46, 0x2B46, 0x2B46, 0x2B46, 0x2B46, 0x2B46, 0x2B46,
    0x2B46, 0x2B46, 0x2B46, 0x2B47, 0x2B47, 0x2B27, 0x2B27, 0x2B27, 0x2B27, 0x2B27, 0x3327, 0x3307,
    0x32E7, 0x2AA7, 0x2A66, 0x2226, 0x21C5, 0x1984, 0x1123, 0x08E2, 0x08C2, 0x08C2, 0x08C2, 0x08A2,
    0x08A2, 0x08C2, 0x08A2, 0x08A3, 0x08C3, 0x08C3, 0x10E3, 0x10E3, 0x1104, 0x1103, 0x0020, 0x0000,
    0x0000, 0x0020, 0x0882, 0x10A3, 0x10A2, 0x0882, 0x0882, 0x0882, 0x0882, 0x10A3, 0x10E3, 0x1924,
    0x1944, 0x1965, 0x21A5, 0x21C5, 0x21E6, 0x2206, 0x2206, 0x2206, 0x2226, 0x2225, 0x2225, 0x2225,
    0x2245, 0x2245, 0x2266, 0x2265, 0x2265, 0x2265, 0x2265, 0x2266, 0x2266, 0x2266, 0x2266, 0x2286,
    0x2286, 0x2286, 0x2266, 0x2266, 0x2266, 0x1A65, 0x1A45, 0x1A25, 0x1A25, 0x1225, 0x1A25, 0x1A25,
    0x1A25, 0x1A25, 0x1A25, 0x1A25, 0x1225, 0x1224, 0x1204, 0x11E4, 0x1204, 0x1225, 0x1A45, 0x1A45,
    0x1245, 0x1245, 0x1245, 0x1245, 0x1245, 0x1245, 0x1A45, 0x1A45, 0x1A25, 0x19A4, 0x0902, 0x08A2,
    0x0881, 0x0862, 0x0862, 0x0862, 0x0861, 0x0861, 0x0861, 0x0861, 0x0861, 0x0861, 0x0861, 0x0861,
    0x0861, 0x0861, 0x0861, 0x0861, 0x0861, 0x0861, 0x0861, 0x0861, 0x0861, 0x0861, 0x0861, 0x0861,
    0x0861, 0x0862, 0x0862, 0x0862, 0x0862, 0x0862, 0x0862, 0x0862, 0x0862, 0x0862, 0x0862, 0x10A2,
    0x29A5, 0x4AA9, 0x5B4A, 0x6BEC, 0x63CC, 0x42A8, 0x1943, 0x0881, 0x0082, 0x0882, 0x08C2, 0x08C2,
    0x0923, 0x11A4, 0x11E4, 0x1225, 0x1225, 0x1265, 0x1285, 0x1285, 0x12A5, 0x12A5, 0x12A5, 0x1AC5,
    0x1AE5, 0x1AE5, 0x2306, 0x2326, 0x2326, 0x2326, 0x2326, 0x1B06, 0x1AC5, 0x12A5, 0x12A5, 0x1AA5,
    0x22E6, 0x22E6, 0x2B06, 0x2306, 0x2306, 0x22E6, 0x2306, 0x2326, 0x2B47, 0x2B47, 0x2B47, 0x2B47,
    0x2B47, 0x2B46, 0x2B46, 0x2B46, 0x2B46, 0x2B47, 0x2B47, 0x2B47, 0x2B47, 0x2B47, 0x2B47, 0x2B47,
    0x2B47, 0x2B47, 0x2B47, 0x2B47, 0x2B47, 0x3327, 0x3327, 0x3307, 0x32E7, 0x32C7, 0x2A87, 0x2A67,
    0x2206, 0x19A5, 0x1143, 0x08E2, 0x08C2, 0x08C2, 0x08C2, 0x08A2, 0x08A2, 0x08C3, 0x08C3, 0x08C3,
    0x08C3, 0x08C3, 0x10C3, 0x10E3, 0x1104, 0x1104, 0x0041, 0x0000, 0x0000, 0x0020, 0x08A2, 0x10A3,
    0x10A2, 0x0882, 0x0882, 0x0882, 0x0882, 0x08A2, 0x10E3, 0x1924, 0x1965, 0x1985, 0x21A5, 0x21C5,
    0x21E6, 0x21E5, 0x2206, 0x2206, 0x2225, 0x2225, 0x2225, 0x2225, 0x2245, 0x2245, 0x2245, 0x2245,
    0x2245, 0x2265, 0x2265, 0x2265, 0x2265, 0x2266, 0x2266, 0x2266, 0x2286, 0x2286, 0x2286, 0x2286,
    0x2286, 0x2286, 0x2286, 0x2266, 0x1A45, 0x1A45, 0x1A25, 0x1A25, 0x1A25, 0x1A25, 0x1A25, 0x1A45,
    0x1A45, 0x1A45, 0x1225, 0x1204, 0x1204, 0x1204, 0x1204, 0x1204, 0x1204, 0x1224, 0x1224, 0x1224,
    0x1224, 0x1225, 0x1245, 0x1A45, 0x1A05, 0x1184, 0x08E2, 0x08A1, 0x0881, 0x0862, 0x0862, 0x0862,
    0x0861, 0x0861, 0x0861, 0x0861, 0x0861, 0x0861, 0x0861, 0x0861, 0x0861, 0x0861, 0x0861, 0x0861,
    0x0861, 0x0861, 0x0861, 0x0861, 0x0861, 0x0861, 0x0861, 0x0862, 0x0862, 0x0862, 0x0862, 0x0862,
    0x0862, 0x0862, 0x0862, 0x0862, 0x0862, 0x0862, 0x0861, 0x0862, 0x0882, 0x1903, 0x2184, 0x29C5,
    0x1963, 0x08C1, 0x0081, 0x0061, 0x0862, 0x0882, 0x08A2, 0x08C2, 0x0903, 0x1163, 0x11C4, 0x1204,
    0x1224, 0x1245, 0x1A85, 0x1AA5, 0x1AA5, 0x12A5, 0x12C5, 0x1AE5, 0x2306, 0x2326, 0x2B47, 0x2347,
    0x2326, 0x1B06, 0x1AC5, 0x12A5, 0x12A5, 0x1AE5, 0x22E6, 0x2306, 0x2306, 0x22E6, 0x1AE5, 0x1AC5,
    0x1AE5, 0x2B26, 0x2B67, 0x2B67, 0x2B67, 0x2B67, 0x2B47, 0x2B47, 0x2B46, 0x2B47, 0x2B67, 0x2B67,
    0x2B67, 0x2B67, 0x2B67, 0x2B67, 0x2B67, 0x3367, 0x3367, 0x3367, 0x3367, 0x3367, 0x3347, 0x3347,
    0x3347, 0x3347, 0x3327, 0x3327, 0x3307, 0x32E7, 0x3287, 0x2A46, 0x2205, 0x1984, 0x1123, 0x08E2,
    0x08C2, 0x08C2, 0x08C2, 0x08C2, 0x08C2, 0x08C3, 0x08C3, 0x08C3, 0x10C3, 0x10C3, 0x10E3, 0x10E3,
    0x1104, 0x1124, 0x0061, 0x0000, 0x0000, 0x0021, 0x10A2, 0x10A3, 0x10A2, 0x0882, 0x0882, 0x0882,
    0x0882, 0x08A2, 0x10C3, 0x1103, 0x1924, 0x1964, 0x2185, 0x21A5, 0x21C5, 0x21C5, 0x21E5, 0x2205,
    0x2205, 0x2225, 0x2225, 0x2225, 0x1A25, 0x1A25, 0x1A45, 0x1A45, 0x1A45, 0x1A45, 0x1A45, 0x2245,
    0x2265, 0x2265, 0x2266, 0x2286, 0x2286, 0x2286, 0x2286, 0x2286, 0x2286, 0x2286, 0x2286, 0x2286,
    0x2286, 0x2286, 0x2286, 0x2266, 0x1A65, 0x1A45, 0x1A45, 0x1A65, 0x1A65, 0x1A65, 0x1A65, 0x1A65,
    0x1A45, 0x1A45, 0x1245, 0x1245, 0x1224, 0x1224, 0x1224, 0x1224, 0x1224, 0x1225, 0x1245, 0x1A45,
    0x1A05, 0x1164, 0x08C2, 0x0881, 0x0882, 0x0862, 0x0862, 0x0862, 0x0862, 0x0861, 0x0861, 0x0861,
    0x0861, 0x0861, 0x0861, 0x0861, 0x0861, 0x0861, 0x0861, 0x0861, 0x0861, 0x0861, 0x0861, 0x0861,
    0x0861, 0x0861, 0x0861, 0x0861, 0x0861, 0x0862, 0x0862, 0x0862, 0x0862, 0x0862, 0x0862, 0x0862,
    0x0862, 0x0862, 0x0862, 0x0862, 0x0861, 0x0881, 0x0881, 0x0881, 0x08A1, 0x0881, 0x0881, 0x0861,
    0x0862, 0x0062, 0x0882, 0x08C2, 0x08E3, 0x1143, 0x11A4, 0x1204, 0x1224, 0x1244, 0x1285, 0x1285,
    0x1285, 0x12A5, 0x12C5, 0x1AE5, 0x1B06, 0x1AE5, 0x1AE5, 0x1AE5, 0x1AE5, 0x1AE5, 0x1B06, 0x1B06,
    0x1B06, 0x1B06, 0x1AE5, 0x1AE5, 0x1AC5, 0x12C5, 0x1AE5, 0x2306, 0x2326, 0x2B67, 0x2B67, 0x2B67,
    0x2B67, 0x2B47, 0x2B46, 0x2346, 0x2B46, 0x2B47, 0x2B47, 0x2B67, 0x2B47, 0x2B47, 0x2B47, 0x2B67,
    0x2B67, 0x2B67, 0x2B67, 0x2B67, 0x2B47, 0x2B27, 0x2B27, 0x2B27, 0x2B27, 0x2B07, 0x3307, 0x32E7,
    0x32C7, 0x2A87, 0x2226, 0x19C5, 0x1163, 0x0923, 0x0902, 0x08E2, 0x08C2, 0x08C2, 0x08C2, 0x08C2,
    0x10C3, 0x10C3, 0x10C3, 0x10C3, 0x10C3, 0x10E3, 0x10E3, 0x1104, 0x1124, 0x1124, 0x0881, 0x0000,
    0x0000, 0x0041, 0x10A3, 0x10A3, 0x10A3, 0x10A2, 0x0882, 0x0882, 0x0882, 0x08A2, 0x08A2, 0x08C2,
    0x10E3, 0x1103, 0x1123, 0x1144, 0x1964, 0x1984, 0x1984, 0x19A4, 0x19A4, 0x19C4, 0x11C4, 0x11C4,
    0x11C4, 0x11E4, 0x11E4, 0x11E4, 0x1204, 0x1204, 0x1A04, 0x1A04, 0x1A05, 0x1A25, 0x1A25, 0x1A25,
    0x1A25, 0x1A25, 0x1A25, 0x1A25, 0x1A25, 0x1A25, 0x1A25, 0x1A25, 0x1A25, 0x1A45, 0x1A65, 0x1A66,
    0x1A65, 0x1A65, 0x1A65, 0x1A65, 0x1A85, 0x22A6, 0x22C7, 0x2AE7, 0x2AE7, 0x22A6, 0x1A65, 0x1245,
    0x1245, 0x1245, 0x1245, 0x1245, 0x1245, 0x1225, 0x1245, 0x1A25, 0x19E5, 0x1144, 0x08C2, 0x0882,
    0x0882, 0x0862, 0x0862, 0x0862, 0x0862, 0x0862, 0x0861, 0x0861, 0x0861, 0x0861, 0x0861, 0x0861,
    0x0861, 0x0861, 0x0861, 0x0861, 0x0861, 0x0861, 0x0861, 0x0861, 0x0861, 0x0861, 0x0861, 0x0861,
    0x0861, 0x0862, 0x0862, 0x0862, 0x0862, 0x0862, 0x0862, 0x0862, 0x0862, 0x0862, 0x0862, 0x0862,
    0x0862, 0x0861, 0x0861, 0x0861, 0x0861, 0x0881, 0x0861, 0x0861, 0x0862, 0x0062, 0x0882, 0x08A2,
    0x08E3, 0x1123, 0x11A4, 0x1204, 0x1225, 0x1245, 0x1265, 0x1285, 0x1285, 0x12A5, 0x12C5, 0x12C5,
    0x12C5, 0x1AE5, 0x1B06, 0x1B26, 0x2326, 0x2326, 0x1B26, 0x1B06, 0x1AE5, 0x1AE5, 0x1AE5, 0x1AE5,
    0x1B05, 0x1B06, 0x2326, 0x2326, 0x2326, 0x2346, 0x2346, 0x2346, 0x2346, 0x2326, 0x2326, 0x2326,
    0x2326, 0x2326, 0x2326, 0x2326, 0x2326, 0x2B26, 0x2B26, 0x2B26, 0x2B26, 0x2B26, 0x2B27, 0x2B27,
    0x2B06, 0x22E6, 0x22C6, 0x22C6, 0x22A6, 0x2285, 0x2245, 0x1A25, 0x1A05, 0x11C4, 0x1183, 0x0943,
    0x0923, 0x0902, 0x08E2, 0x08E2, 0x08E2, 0x08E2, 0x10E3, 0x10E3, 0x10E3, 0x10E3, 0x10E3, 0x10E3,
    0x10E3, 0x10E3, 0x10E3, 0x1104, 0x1124, 0x1124, 0x08A2, 0x0000, 0x0000, 0x0841, 0x10A3, 0x10A3,
    0x10A3, 0x10A2, 0x0882, 0x0882, 0x0882, 0x08A2, 0x08A2, 0x08A2, 0x08C2, 0x08C2, 0x08E2, 0x0903,
    0x0903, 0x0903, 0x0923, 0x0923, 0x0923, 0x0943, 0x0943, 0x0942, 0x0943, 0x0963, 0x0963, 0x0983,
    0x0983, 0x0983, 0x0983, 0x0983, 0x0983, 0x0983, 0x09A3, 0x09A3, 0x09A3, 0x09A3, 0x09A3, 0x09A3,
    0x09C3, 0x09C3, 0x09C3, 0x09C4, 0x11E4, 0x11E4, 0x1204, 0x1204, 0x1204, 0x1224, 0x1224, 0x1245,
    0x1A65, 0x1A85, 0x22A6, 0x2B08, 0x2B28, 0x22E7, 0x1A85, 0x1265, 0x1265, 0x1265, 0x1265, 0x1265,
    0x1245, 0x1245, 0x1245, 0x1A25, 0x19E5, 0x1143, 0x08A2, 0x0882, 0x0862, 0x0862, 0x0862, 0x0862,
    0x0862, 0x0861, 0x0861, 0x0861, 0x0861, 0x0861, 0x0861, 0x0861, 0x0861, 0x0861, 0x0861, 0x0861,
    0x0861, 0x0861, 0x0861, 0x0861, 0x0861, 0x0861, 0x0861, 0x0861, 0x0862, 0x0862, 0x0862, 0x0862,
    0x0862, 0x0862, 0x0861, 0x0862, 0x0862, 0x0862, 0x0862, 0x0862, 0x0862, 0x0862, 0x0862, 0x0861,
    0x0861, 0x0861, 0x0861, 0x0861, 0x0862, 0x0062, 0x0882, 0x08A2, 0x08C2, 0x1103, 0x1184, 0x11E5,
    0x1225, 0x1244, 0x1265, 0x12A5, 0x12A5, 0x12C5, 0x12C5, 0x12E5, 0x1AE5, 0x1B06, 0x2326, 0x2326,
    0x1B26, 0x1B06, 0x1B06, 0x1B06, 0x1B06, 0x1B26, 0x1B26, 0x2326, 0x2346, 0x2346, 0x2346, 0x2346,
    0x2346, 0x2346, 0x2326, 0x2326, 0x2306, 0x2306, 0x1AE6, 0x1AE6, 0x1AE6, 0x1AC6, 0x1AC5, 0x1AC5,
    0x1AC5, 0x1AC5, 0x1AA5, 0x1AA5, 0x1AA5, 0x1A85, 0x1A85, 0x1A85, 0x1264, 0x1244, 0x1224, 0x1204,
    0x11E4, 0x09C3, 0x09A3, 0x0963, 0x0963, 0x0943, 0x0943, 0x0923, 0x0902, 0x0902, 0x08E2, 0x08E2,
    0x08E2, 0x08E3, 0x1103, 0x1103, 0x10E3, 0x10E3, 0x10E3, 0x10E3, 0x10E3, 0x10E3, 0x10E3, 0x1104,
    0x1124, 0x1124, 0x08A2, 0x0000, 0x0000, 0x0861, 0x10A3, 0x10A3, 0x10A3, 0x10A2, 0x0882, 0x08A2,
    0x08A2, 0x08A2, 0x08A2, 0x08A2, 0x08A2, 0x08A2, 0x08C2, 0x08E2, 0x08E2, 0x08E2, 0x0903, 0x0903,
    0x0923, 0x0923, 0x0923, 0x0923, 0x0943, 0x0943, 0x0943, 0x0963, 0x0963, 0x0963, 0x0963, 0x0983,
    0x0983, 0x0983, 0x0983, 0x0983, 0x09A3, 0x09A3, 0x09C3, 0x11C4, 0x11E4, 0x11E4, 0x11E4, 0x1204,
    0x1204, 0x1224, 0x1224, 0x1224, 0x1224, 0x1224, 0x1244, 0x1245, 0x1A65, 0x1A85, 0x1A65, 0x1A85,
    0x1AA6, 0x1AA6, 0x1A85, 0x1265, 0x1244, 0x1265, 0x1265, 0x1265, 0x1265, 0x1265, 0x1A45, 0x1A25,
    0x19E5, 0x1123, 0x08A2, 0x0882, 0x0862, 0x0862, 0x0862, 0x0862, 0x0862, 0x0861, 0x0861, 0x0861,
    0x0861, 0x0861, 0x0861, 0x0861, 0x0861, 0x0861, 0x0861, 0x0861, 0x0861, 0x0861, 0x0861, 0x0861,
    0x0861, 0x0861, 0x0861, 0x0862, 0x0862, 0x0861, 0x0861, 0x0861, 0x0861, 0x0861, 0x0861, 0x0862,
    0x0862, 0x0862, 0x0862, 0x0862, 0x0862, 0x0862, 0x0862, 0x0861, 0x0861, 0x0861, 0x0861, 0x0861,
    0x0861, 0x0082, 0x0882, 0x0882, 0x08C2, 0x1103, 0x1164, 0x11E5, 0x1225, 0x1245, 0x1265, 0x1285,
    0x12A5, 0x12C5, 0x12E5, 0x12E5, 0x12E5, 0x1B06, 0x1B26, 0x1B26, 0x1B05, 0x1AE5, 0x1AE5, 0x1B05,
    0x1B26, 0x2346, 0x2B87, 0x2B87, 0x2BA7, 0x2BA8, 0x2B87, 0x2B67, 0x2346, 0x2326, 0x1B06, 0x1AC5,
    0x1AA5, 0x12A5, 0x1285, 0x1285, 0x1264, 0x1264, 0x1264, 0x1244, 0x1244, 0x1244, 0x1244, 0x1244,
    0x1224, 0x0A24, 0x0A24, 0x0A04, 0x0A03, 0x09E3, 0x09E3, 0x09C3, 0x09C3, 0x09A3, 0x0983, 0x0963,
    0x0963, 0x0943, 0x0943, 0x0923, 0x0903, 0x0903, 0x0903, 0x0903, 0x0903, 0x1103, 0x10E3, 0x10E3,
    0x10E3, 0x08E3, 0x10E3, 0x10E3, 0x10E3, 0x10E3, 0x10E3, 0x1104, 0x1124, 0x1144, 0x08C2, 0x0020,
    0x0000, 0x0861, 0x08A3, 0x10A3, 0x10A3, 0x10A3, 0x08A2, 0x08A2, 0x08A2, 0x08A2, 0x08A2, 0x08A2,
    0x08A2, 0x08A2, 0x08A2, 0x08C2, 0x08E2, 0x08E3, 0x0903, 0x0903, 0x0903, 0x0923, 0x0923, 0x0923,
    0x0943, 0x0943, 0x0143, 0x0963, 0x0983, 0x09A3, 0x09A3, 0x09C4, 0x11E4, 0x1204, 0x1204, 0x1A25,
    0x1A45, 0x1A45, 0x1A45, 0x1A45, 0x1A65, 0x1A66, 0x1A66, 0x2286, 0x2286, 0x2286, 0x2286, 0x1A85,
    0x1A85, 0x1A85, 0x1A85, 0x1A85, 0x1AA5, 0x1A85, 0x1A85, 0x1AA5, 0x1AA6, 0x1AA6, 0x1A85, 0x1265,
    0x1264, 0x1265, 0x1265, 0x1265, 0x1265, 0x1A65, 0x1A65, 0x1A45, 0x19C5, 0x0923, 0x08A2, 0x0882,
    0x0862, 0x0862, 0x0862, 0x0862, 0x0862, 0x0861, 0x0861, 0x0861, 0x0861, 0x0861, 0x0861, 0x0861,
    0x0861, 0x0861, 0x0861, 0x0861, 0x0861, 0x0861, 0x0861, 0x0861, 0x0861, 0x0861, 0x0861, 0x0861,
    0x0862, 0x0861, 0x0861, 0x0861, 0x0861, 0x0861, 0x0861, 0x0861, 0x0862, 0x0862, 0x0862, 0x0862,
    0x0862, 0x0862, 0x0862, 0x0862, 0x0861, 0x0861, 0x0861, 0x0861, 0x0861, 0x0862, 0x0882, 0x0882,
    0x08A2, 0x08E3, 0x0943, 0x11C4, 0x1225, 0x1265, 0x1285, 0x12A5, 0x12C5, 0x1AE6, 0x1B06, 0x1B06,
    0x1B06, 0x1B06, 0x1305, 0x1305, 0x1305, 0x1B05, 0x1B26, 0x2367, 0x2B87, 0x2BC8, 0x33C8, 0x33C8,
    0x2BC8, 0x2B87, 0x2346, 0x1B05, 0x1AC5, 0x12A5, 0x1284, 0x1284, 0x1264, 0x1264, 0x1264, 0x1264,
    0x1244, 0x1244, 0x1244, 0x1244, 0x1244, 0x1244, 0x1244, 0x1224, 0x0A24, 0x0A24, 0x0A24, 0x0A04,
    0x0A04, 0x09E4, 0x09E4, 0x09E4, 0x09C4, 0x09C4, 0x09A3, 0x0983, 0x0963, 0x0963, 0x0943, 0x0923,
    0x0903, 0x0903, 0x0903, 0x0903, 0x0903, 0x08E3, 0x08E3, 0x08E3, 0x08E3, 0x08E3, 0x08E3, 0x10E3,
    0x10E3, 0x10E3, 0x1103, 0x1104, 0x1124, 0x1144, 0x08E3, 0x0020, 0x0000, 0x0862, 0x10A3, 0x10A3,
    0x10A3, 0x10A3, 0x08A2, 0x08A2, 0x08A2, 0x08A2, 0x08A2, 0x08A2, 0x08A2, 0x08A2, 0x08C2, 0x08C3,
    0x08E3, 0x08E3, 0x0903, 0x0903, 0x0923, 0x0923, 0x0943, 0x0963, 0x0983, 0x09A3, 0x11C4, 0x11E4,
    0x1A05, 0x1A25, 0x1A45, 0x1A65, 0x1A85, 0x2286, 0x22A6, 0x22A6, 0x22A6, 0x22A6, 0x22A6, 0x22A6,
    0x22A6, 0x2286, 0x2286, 0x2286, 0x1A85, 0x1A85, 0x1A85, 0x1A85, 0x1A85, 0x1A85, 0x1A85, 0x1A85,
    0x1285, 0x1265, 0x1264, 0x1264, 0x1265, 0x1285, 0x1285, 0x1285, 0x1285, 0x1285, 0x1285, 0x1285,
    0x1265, 0x1A65, 0x1A65, 0x1A45, 0x11C4, 0x0923, 0x08A2, 0x0882, 0x0862, 0x0862, 0x0861, 0x0861,
    0x0861, 0x0861, 0x0861, 0x0861, 0x0861, 0x0861, 0x0861, 0x0861, 0x0861, 0x0861, 0x0861, 0x0861,
    0x0861, 0x0861, 0x0861, 0x0861, 0x0861, 0x0861, 0x0862, 0x0862, 0x0862, 0x0862, 0x0862, 0x0861,
    0x0861, 0x0861, 0x0861, 0x0861, 0x0861, 0x0862, 0x0862, 0x0862, 0x0862, 0x0862, 0x0862, 0x0862,
    0x0861, 0x0861, 0x0861, 0x0861, 0x0861, 0x0882, 0x0882, 0x0882, 0x08A2, 0x08C2, 0x0923, 0x11C4,
    0x1225, 0x1265, 0x1285, 0x12A5, 0x12E5, 0x1AE5, 0x1B06, 0x1B06, 0x1B26, 0x1B26, 0x1B26, 0x1B26,
    0x1B26, 0x2366, 0x2387, 0x2B87, 0x2BA7, 0x2BA7, 0x2387, 0x2366, 0x2346, 0x1B25, 0x1AE5, 0x12C4,
    0x12C4, 0x12C5, 0x12A5, 0x12A5, 0x12A5, 0x12A5, 0x1285, 0x1285, 0x1285, 0x1264, 0x1264, 0x1264,
    0x1244, 0x1244, 0x1244, 0x1244, 0x1224, 0x0A24, 0x0A24, 0x0A24, 0x0A04, 0x0A04, 0x09E4, 0x09E4,
    0x09E4, 0x09C4, 0x09C4, 0x09A3, 0x0983, 0x0963, 0x0943, 0x0943, 0x0923, 0x0903, 0x0903, 0x0903,
    0x08E3, 0x08E3, 0x08E3, 0x08E3, 0x08E3, 0x08E3, 0x08E3, 0x10E3, 0x10E3, 0x10E3, 0x1103, 0x1104,
    0x1144, 0x1144, 0x0903, 0x0020, 0x0000, 0x0882, 0x10C3, 0x10C3, 0x10A3, 0x08A3, 0x08A2, 0x08A2,
    0x08A2, 0x08A2, 0x08A2, 0x08A2, 0x08A2, 0x08C3, 0x08C3, 0x08E3, 0x08E3, 0x0903, 0x0923, 0x0943,
    0x1164, 0x11A4, 0x19C4, 0x1A05, 0x1A25, 0x2245, 0x2266, 0x2286, 0x22A6, 0x22A6, 0x22C6, 0x22C6,
    0x22C6, 0x22C6, 0x22C6, 0x22C6, 0x22C6, 0x22A6, 0x22A6, 0x1A85, 0x1A65, 0x1A65, 0x1A45, 0x1A45,
    0x1244, 0x1244, 0x1264, 0x1264, 0x1A85, 0x1AA5, 0x1AA5, 0x1AA5, 0x1AA5, 0x1AC5, 0x1AC5, 0x1AC5,
    0x1AA5, 0x1AA5, 0x1AA5, 0x12A5, 0x12A5, 0x12A5, 0x1285, 0x1285, 0x1285, 0x1A85, 0x1A85, 0x1A45,
    0x11C4, 0x0923, 0x08A2, 0x0882, 0x0882, 0x0862, 0x0861, 0x0861, 0x0861, 0x0861, 0x0861, 0x0861,
    0x0861, 0x0861, 0x0861, 0x0861, 0x0861, 0x0861, 0x0861, 0x0861, 0x0861, 0x0861, 0x0861, 0x0861,
    0x0861, 0x0861, 0x0861, 0x0861, 0x0862, 0x0861, 0x0861, 0x0861, 0x0861, 0x0861, 0x0861, 0x0861,
    0x0861, 0x0861, 0x0861, 0x0861, 0x0861, 0x0861, 0x0861, 0x0861, 0x0861, 0x0861, 0x0861, 0x0861,
    0x0861, 0x0862, 0x0882, 0x0882, 0x0882, 0x08C2, 0x0903, 0x11C4, 0x1245, 0x1265, 0x12A5, 0x12C5,
    0x12E5, 0x1B05, 0x1B05, 0x1B26, 0x1B26, 0x1B46, 0x1B46, 0x1B46, 0x2387, 0x2BA7, 0x2BA7, 0x2BA7,
    0x2387, 0x2366, 0x1B25, 0x1B25, 0x1B05, 0x1B05, 0x1B05, 0x1B05, 0x1B05, 0x1B06, 0x1B06, 0x2306,
    0x2306, 0x2306, 0x22E6, 0x1AE6, 0x1AE6, 0x1AE5, 0x1AC5, 0x1AC5, 0x1AA5, 0x1AA5, 0x1A85, 0x1285,
    0x1264, 0x1264, 0x1244, 0x1244, 0x0A24, 0x0A24, 0x0A04, 0x0A04, 0x09E4, 0x09E4, 0x09C3, 0x09A3,
    0x0983, 0x0983, 0x0963, 0x0963, 0x0943, 0x1123, 0x0923, 0x0903, 0x0903, 0x08E3, 0x08E3, 0x10E3,
    0x08E3, 0x10E3, 0x10E3, 0x10E3, 0x10E3, 0x10E3, 0x1103, 0x1124, 0x1144, 0x1164, 0x1123, 0x0020,
    0x0000, 0x0882, 0x08C3, 0x08C3, 0x08C3, 0x08A2, 0x08A2, 0x08A2, 0x08A2, 0x08A2, 0x08A2, 0x08A2,
    0x08C3, 0x08C3, 0x08E3, 0x0903, 0x0923, 0x1164, 0x11A4, 0x19E5, 0x2205, 0x2246, 0x2266, 0x2286,
    0x2A86, 0x2AA6, 0x2AC6, 0x2AC6, 0x22C6, 0x22C6, 0x22E6, 0x22E6, 0x22C6, 0x22C6, 0x22C6, 0x22C6,
    0x22A5, 0x1A85, 0x1A65, 0x1A44, 0x1244, 0x1244, 0x1244, 0x1244, 0x1244, 0x1264, 0x1A85, 0x1AA5,
    0x1AC5, 0x22E6, 0x22E6, 0x2306, 0x2306, 0x2326, 0x2327, 0x2326, 0x2306, 0x1AE6, 0x1AC5, 0x1AC5,
    0x1AC5, 0x12C5, 0x12A5, 0x12A5, 0x1285, 0x1A85, 0x1A85, 0x1A45, 0x11C4, 0x0903, 0x08A2, 0x0882,
    0x0862, 0x0862, 0x0861, 0x0862, 0x0861, 0x0861, 0x0861, 0x0861, 0x0861, 0x0861, 0x0861, 0x0861,
    0x0861, 0x0861, 0x0861, 0x0861, 0x0861, 0x0861, 0x0861, 0x0861, 0x0861, 0x0861, 0x0861, 0x0861,
    0x0861, 0x0861, 0x0861, 0x0861, 0x0861, 0x0861, 0x0861, 0x0861, 0x0861, 0x0861, 0x0861, 0x0861,
    0x0861, 0x0861, 0x0861, 0x0861, 0x0861, 0x0861, 0x0861, 0x0861, 0x0861, 0x0862, 0x0882, 0x0882,
    0x0882, 0x08C2, 0x0903, 0x11C4, 0x1225, 0x1285, 0x12A5, 0x12C5, 0x12E5, 0x1B05, 0x1B25, 0x1B25,
    0x1B26, 0x1B46, 0x1B46, 0x2387, 0x2BC7, 0x2BC7, 0x2BA7, 0x2387, 0x1B46, 0x1B25, 0x1305, 0x1B05,
    0x1B05, 0x1B05, 0x1B25, 0x1B25, 0x2346, 0x2366, 0x2B67, 0x2B67, 0x2B87, 0x2B87, 0x2B87, 0x2B87,
    0x3387, 0x3387, 0x3387, 0x2B87, 0x2B67, 0x2B67, 0x2B67, 0x2B46, 0x2B26, 0x2306, 0x22E6, 0x1AC5,
    0x1AA5, 0x1284, 0x1264, 0x1244, 0x0A24, 0x0A03, 0x09E3, 0x09C3, 0x09A3, 0x11A3, 0x0984, 0x1184,
    0x1163, 0x1143, 0x0923, 0x0903, 0x0903, 0x08E3, 0x08E3, 0x08C3, 0x10E3, 0x10E3, 0x10E3, 0x10E3,
    0x10E3, 0x1103, 0x1103, 0x1124, 0x1144, 0x1164, 0x1123, 0x0040, 0x0000, 0x0882, 0x08C2, 0x08C2,
    0x08C2, 0x08A2, 0x08A2, 0x08A2, 0x08A2, 0x08A2, 0x08C2, 0x08C2, 0x08E3, 0x1103, 0x1123, 0x1164,
    0x19A4, 0x19E5, 0x2225, 0x2246, 0x2A86, 0x2AA6, 0x2AA6, 0x2AC6, 0x2AC6, 0x2AC6, 0x2AC6, 0x2AE6,
    0x2AE6, 0x22E6, 0x22E6, 0x22E6, 0x22C6, 0x22C6, 0x22A5, 0x1A85, 0x1A65, 0x1A44, 0x1A65, 0x1A65,
    0x1A85, 0x22A5, 0x22A6, 0x22A6, 0x22C6, 0x22C6, 0x22C6, 0x22E6, 0x22E6, 0x2306, 0x2306, 0x2306,
    0x2306, 0x2326, 0x2326, 0x2326, 0x2306, 0x1AE6, 0x1AE6, 0x1AE6, 0x1AE6, 0x1AC5, 0x12A5, 0x12A5,
    0x1AA5, 0x1A85, 0x1A85, 0x1A45, 0x11C4, 0x0903, 0x08A2, 0x0882, 0x0862, 0x0862, 0x0861, 0x0861,
    0x0861, 0x0861, 0x0861, 0x0861, 0x0861, 0x0861, 0x0861, 0x0861, 0x0861, 0x0861, 0x0861, 0x0861,
    0x0861, 0x0861, 0x0861, 0x0861, 0x0861, 0x0861, 0x0861, 0x0861, 0x0862, 0x0862, 0x0862, 0x0861,
    0x0861, 0x0861, 0x0861, 0x0861, 0x0861, 0x0861, 0x0861, 0x0861, 0x0861, 0x0861, 0x0861, 0x0861,
    0x0861, 0x0861, 0x0862, 0x0861, 0x0861, 0x0861, 0x0882, 0x0882, 0x0882, 0x08A2, 0x0903, 0x11A4,
    0x1A25, 0x1285, 0x12A5, 0x12C5, 0x1B05, 0x1B25, 0x1B26, 0x1B45, 0x1B46, 0x1B46, 0x1B46, 0x1B66,
    0x23A7, 0x23A7, 0x23A7, 0x2387, 0x2386, 0x2386, 0x2386, 0x2387, 0x2BA7, 0x2BA7, 0x2B87, 0x2BA7,
    0x2BA7, 0x2B87, 0x2B86, 0x2B86, 0x2B86, 0x2B86, 0x2BA7, 0x2BA7, 0x33C7, 0x33C7, 0x33C7, 0x33C7,
    0x33C7, 0x33C7, 0x33C7, 0x33C7, 0x33C8, 0x33C8, 0x33A7, 0x3387, 0x2B87, 0x2B67, 0x2B46, 0x2B26,
    0x2306, 0x22E6, 0x22A5, 0x1A85, 0x1A65, 0x1A45, 0x1A25, 0x1A05, 0x19C4, 0x1184, 0x1163, 0x1123,
    0x0903, 0x08E3, 0x08E3, 0x08E3, 0x10E3, 0x10E3, 0x10E3, 0x10E3, 0x1103, 0x1103, 0x1103, 0x1124,
    0x1144, 0x1184, 0x1144, 0x0040, 0x0000, 0x0882, 0x08C2, 0x08C2, 0x08C2, 0x08A2, 0x08A2, 0x08A2,
    0x08A2, 0x08C2, 0x10E3, 0x1103, 0x1124, 0x1964, 0x19A5, 0x21E5, 0x2225, 0x2246, 0x2A66, 0x2A86,
    0x2AA6, 0x2AA6, 0x2AC6, 0x2AC6, 0x2AE6, 0x2AE6, 0x2AE6, 0x2AE6, 0x2AE6, 0x22E6, 0x22E6, 0x22E6,
    0x22C6, 0x22A5, 0x1A85, 0x1A65, 0x1A65, 0x1A65, 0x22A6, 0x22C6, 0x2AE7, 0x2B07, 0x2B07, 0x2B07,
    0x2307, 0x2306, 0x2306, 0x2306, 0x2306, 0x2306, 0x2306, 0x2306, 0x2306, 0x2326, 0x2327, 0x2326,
    0x2326, 0x1B06, 0x1AE6, 0x1AE6, 0x1AE5, 0x12C5, 0x12A5, 0x12A5, 0x1AA5, 0x1AA5, 0x1AA5, 0x1A65,
    0x11E4, 0x0923, 0x08A2, 0x0882, 0x0862, 0x0862, 0x0861, 0x0861, 0x0861, 0x0861, 0x0861, 0x0861,
    0x0861, 0x0861, 0x0861, 0x0861, 0x0861, 0x0861, 0x0861, 0x0861, 0x0861, 0x0861, 0x0861, 0x0861,
    0x0861, 0x0861, 0x0861, 0x0861, 0x0862, 0x0862, 0x0862, 0x0861, 0x0861, 0x0861, 0x0861, 0x0861,
    0x0861, 0x0861, 0x0861, 0x0861, 0x0861, 0x0861, 0x0861, 0x0861, 0x0861, 0x0861, 0x0862, 0x0862,
    0x0862, 0x0861, 0x0862, 0x0882, 0x0882, 0x08A2, 0x08E3, 0x1184, 0x1A25, 0x1A85, 0x1AC5, 0x1AE5,
    0x1B26, 0x1B46, 0x1B46, 0x1345, 0x1B65, 0x1B66, 0x1B66, 0x2386, 0x23A7, 0x23C7, 0x2BC7, 0x2BC7,
    0x2BC7, 0x2BC7, 0x2BC7, 0x2BC7, 0x2BC7, 0x2BA6, 0x23A6, 0x2386, 0x2366, 0x2345, 0x2345, 0x2345,
    0x2366, 0x2386, 0x2386, 0x2386, 0x2386, 0x2386, 0x2B86, 0x2B87, 0x2B86, 0x2B86, 0x2B87, 0x2BA7,
    0x2BA7, 0x33A7, 0x33A7, 0x33A7, 0x33A7, 0x33A7, 0x33A7, 0x33A8, 0x33A8, 0x3387, 0x3367, 0x3347,
    0x3327, 0x3327, 0x3307, 0x2AC7, 0x2A86, 0x2246, 0x2205, 0x19A4, 0x1164, 0x0923, 0x0903, 0x0903,
    0x10E3, 0x10E3, 0x10E3, 0x10E3, 0x1103, 0x1103, 0x1103, 0x1124, 0x1144, 0x1164, 0x1144, 0x0041,
    0x0000, 0x0882, 0x08C2, 0x08C2, 0x08C2, 0x08A2, 0x08C2, 0x08A2, 0x08A2, 0x08C3, 0x1103, 0x1144,
    0x1985, 0x21C5, 0x21E5, 0x2205, 0x2225, 0x2266, 0x2286, 0x2AA6, 0x2AA6, 0x2AC6, 0x2AC6, 0x2AE6,
    0x2AE6, 0x2AE6, 0x2AE6, 0x2AE6, 0x22E6, 0x22E6, 0x22E6, 0x22E6, 0x22C6, 0x22A5, 0x1A85, 0x1A85,
    0x1A85, 0x22A6, 0x2AC6, 0x2AC6, 0x2AE6, 0x2AE7, 0x2B07, 0x2307, 0x2306, 0x2306, 0x2306, 0x2306,
    0x2306, 0x2306, 0x2306, 0x2306, 0x2306, 0x2326, 0x2326, 0x2327, 0x2326, 0x1B06, 0x1AE5, 0x12C5,
    0x12A5, 0x12A5, 0x12A5, 0x12A5, 0x12A5, 0x1AA5, 0x1AA6, 0x1A65, 0x11E4, 0x0923, 0x08A2, 0x0882,
    0x0882, 0x0862, 0x0861, 0x0861, 0x0861, 0x0861, 0x0861, 0x0861, 0x0861, 0x0861, 0x0861, 0x0861,
    0x0861, 0x0861, 0x0861, 0x0861, 0x0861, 0x0861, 0x0861, 0x0861, 0x0861, 0x0861, 0x0861, 0x0862,
    0x0862, 0x0862, 0x0862, 0x0861, 0x0861, 0x0861, 0x0861, 0x0861, 0x0861, 0x0861, 0x0861, 0x0861,
    0x0861, 0x0861, 0x0861, 0x0862, 0x0862, 0x0862, 0x0862, 0x0862, 0x0862, 0x0861, 0x0861, 0x0882,
    0x0882, 0x08A2, 0x08E2, 0x1164, 0x1A05, 0x1A85, 0x1AC5, 0x1B05, 0x1B46, 0x1B66, 0x1B66, 0x1366,
    0x1B86, 0x1B86, 0x23A6, 0x23E7, 0x2BE7, 0x2BE7, 0x23C7, 0x23C7, 0x23A7, 0x23A6, 0x1B86, 0x1B66,
    0x1B65, 0x1B65, 0x1B45, 0x1B45, 0x1B45, 0x1B45, 0x2366, 0x2386, 0x2386, 0x2386, 0x2386, 0x2366,
    0x2366, 0x2366, 0x2366, 0x2366, 0x2346, 0x2346, 0x2346, 0x2346, 0x2346, 0x2366, 0x2366, 0x2B86,
    0x2B87, 0x2BA7, 0x33A7, 0x33A7, 0x33A7, 0x33A8, 0x33A8, 0x3387, 0x3387, 0x3368, 0x3368, 0x3328,
    0x3308, 0x32E7, 0x2AC7, 0x2A46, 0x21E5, 0x1164, 0x1123, 0x1103, 0x1103, 0x10E3, 0x10E3, 0x10E3,
    0x1103, 0x1103, 0x1103, 0x1124, 0x1144, 0x1164, 0x1144, 0x0041, 0x0000, 0x08A2, 0x08C2, 0x10C2,
    0x10C2, 0x08C2, 0x10C2, 0x10C3, 0x08A3, 0x08C3, 0x1123, 0x1944, 0x21A5, 0x21E6, 0x2206, 0x2205,
    0x2225, 0x2246, 0x2266, 0x2286, 0x2286, 0x2286, 0x22A6, 0x22A6, 0x22C6, 0x22C6, 0x22C6, 0x22C6,
    0x22C6, 0x22E6, 0x22E6, 0x22C6, 0x22C6, 0x1AA5, 0x1A85, 0x1A85, 0x1A65, 0x1A65, 0x1A65, 0x1A65,
    0x1A65, 0x1A85, 0x1A85, 0x1AC5, 0x22E6, 0x22E6, 0x2306, 0x2306, 0x2326, 0x2326, 0x2306, 0x2306,
    0x2306, 0x2306, 0x1B06, 0x2326, 0x2306, 0x1B06, 0x12C5, 0x12A4, 0x12A4, 0x12A4, 0x12A5, 0x12A5,
    0x12A5, 0x1AA5, 0x1AA6, 0x1A65, 0x11E4, 0x0923, 0x08C2, 0x08A2, 0x0882, 0x0862, 0x0861, 0x0862,
    0x0861, 0x0861, 0x0861, 0x0861, 0x0861, 0x0861, 0x0861, 0x0861, 0x0861, 0x0861, 0x0861, 0x0861,
    0x0861, 0x0861, 0x0861, 0x0861, 0x0861, 0x0861, 0x0862, 0x0862, 0x0862, 0x0862, 0x0862, 0x0862,
    0x0861, 0x0861, 0x0861, 0x0861, 0x0861, 0x0861, 0x0861, 0x0861, 0x0861, 0x0861, 0x0861, 0x0862,
    0x0862, 0x0862, 0x0862, 0x0862, 0x0862, 0x0862, 0x0882, 0x0882, 0x0882, 0x08A2, 0x08E3, 0x1164,
    0x1A05, 0x1A85, 0x1AC6, 0x1B26, 0x1B66, 0x1B66, 0x1B86, 0x1B86, 0x1B86, 0x1B86, 0x1B86, 0x1BA6,
    0x23A6, 0x23C7, 0x23C7, 0x23A7, 0x23C7, 0x23C7, 0x23C7, 0x23C7, 0x2BC7, 0x2BC6, 0x23C6, 0x23A6,
    0x2386, 0x23A6, 0x2BA7, 0x2BC7, 0x23A7, 0x2386, 0x2366, 0x1B45, 0x1B25, 0x1B25, 0x1B25, 0x1B25,
    0x1B05, 0x1B05, 0x1B05, 0x1B05, 0x1B25, 0x1B25, 0x1B25, 0x1B25, 0x2346, 0x2366, 0x2B86, 0x2B86,
    0x2BA7, 0x33A7, 0x33A7, 0x33A7, 0x33A7, 0x3387, 0x3388, 0x3368, 0x3348, 0x3348, 0x3328, 0x32C8,
    0x2246, 0x11A4, 0x0943, 0x1123, 0x1103, 0x1103, 0x10E3, 0x1103, 0x1103, 0x1103, 0x1103, 0x1124,
    0x1144, 0x1164, 0x1144, 0x0041, 0x0000, 0x08A2, 0x10C3, 0x10C2, 0x10C2, 0x08C2, 0x10C3, 0x10C3,
    0x08C3, 0x10E3, 0x1944, 0x1964, 0x21A5, 0x21E6, 0x2206, 0x2206, 0x2226, 0x2225, 0x1A25, 0x1A25,
    0x1A45, 0x2265, 0x2286, 0x2286, 0x22A6, 0x22A6, 0x22C6, 0x22C6, 0x22E6, 0x22E6, 0x22E6, 0x22E6,
    0x22E6, 0x22E6, 0x22E6, 0x22C6, 0x22C6, 0x22A6, 0x1AA5, 0x1A85, 0x1A85, 0x1A85, 0x1AA5, 0x1AA5,
    0x1AC6, 0x22C6, 0x22E6, 0x2306, 0x2306, 0x2306, 0x2306, 0x2306, 0x1AE6, 0x1AE5, 0x1AC5, 0x1AE5,
    0x1AE5, 0x1AE5, 0x1AE5, 0x1AE5, 0x1AE5, 0x1AE5, 0x1AE5, 0x1AC5, 0x1AC5, 0x1AC5, 0x1AC6, 0x1A85,
    0x11E4, 0x0923, 0x08C3, 0x08A2, 0x0882, 0x0862, 0x0861, 0x0862, 0x0861, 0x0861, 0x0861, 0x0861,
    0x0861, 0x0861, 0x0861, 0x0861, 0x0861, 0x0861, 0x0861, 0x0861, 0x0861, 0x0861, 0x0861, 0x0861,
    0x0861, 0x0861, 0x0861, 0x0862, 0x0862, 0x0862, 0x0862, 0x0862, 0x0862, 0x0862, 0x0861, 0x0861,
    0x0861, 0x0861, 0x0861, 0x0861, 0x0861, 0x0861, 0x0861, 0x0862, 0x0862, 0x0862, 0x0862, 0x0862,
    0x0862, 0x0862, 0x0882, 0x0882, 0x08A2, 0x08A2, 0x08E3, 0x1164, 0x1A05, 0x1A85, 0x1AE6, 0x1B26,
    0x2366, 0x1B86, 0x1B85, 0x1385, 0x1B86, 0x1BA6, 0x1BA6, 0x1BA6, 0x1BA6, 0x23A6, 0x23A6, 0x1BA6,
    0x1BA6, 0x23A6, 0x23C6, 0x23C6, 0x2BE7, 0x2BE7, 0x2BE7, 0x2BE6, 0x23C6, 0x23C6, 0x23C6, 0x23A6,
    0x1B86, 0x1B85, 0x1B65, 0x1B65, 0x1B65, 0x2386, 0x23A6, 0x2BA6, 0x2BC7, 0x2BC7, 0x2BC7, 0x2BC7,
    0x2BC7, 0x2BC6, 0x2BA6, 0x2BA6, 0x2BA6, 0x2B86, 0x2B86, 0x2B86, 0x2B86, 0x2B86, 0x2B86, 0x2B86,
    0x2B86, 0x2B67, 0x2B67, 0x2B47, 0x3348, 0x3348, 0x3328, 0x2AC8, 0x2226, 0x11A4, 0x0943, 0x1123,
    0x1103, 0x1103, 0x1103, 0x1103, 0x1103, 0x1123, 0x1123, 0x1124, 0x1144, 0x1164, 0x1164, 0x0041,
    0x0000, 0x08A2, 0x10C3, 0x10C3, 0x10C2, 0x08A2, 0x08A2, 0x08A2, 0x08C3, 0x10E3, 0x1944, 0x1964,
    0x1985, 0x19A5, 0x19A5, 0x19C5, 0x19C5, 0x19C5, 0x19C5, 0x11E5, 0x1205, 0x1205, 0x1A25, 0x1A65,
    0x1A85, 0x22C6, 0x22E6, 0x22E6, 0x2B06, 0x2B26, 0x2326, 0x2326, 0x2B26, 0x2B26, 0x2B26, 0x2B27,
    0x2B27, 0x2B06, 0x2B06, 0x22E6, 0x22C6, 0x22A6, 0x1AA6, 0x1AA5, 0x1A85, 0x1A85, 0x1285, 0x1285,
    0x12A4, 0x1AA5, 0x1AC5, 0x1AE5, 0x1B06, 0x2326, 0x2347, 0x2B47, 0x2347, 0x2326, 0x2347, 0x2367,
    0x2367, 0x2367, 0x2326, 0x1AE6, 0x1AC5, 0x1AC6, 0x1AC6, 0x1A86, 0x11E5, 0x1123, 0x10E3, 0x08A2,
    0x0882, 0x0862, 0x0861, 0x0862, 0x0861, 0x0861, 0x0861, 0x0861, 0x0861, 0x0862, 0x0862, 0x0861,
    0x0861, 0x0861, 0x0861, 0x0861, 0x0861, 0x0861, 0x0861, 0x0861, 0x0861, 0x0861, 0x0861, 0x0862,
    0x0862, 0x0862, 0x0862, 0x0862, 0x0862, 0x0862, 0x0861, 0x0861, 0x0861, 0x0861, 0x0861, 0x0861,
    0x0861, 0x0861, 0x0862, 0x0862, 0x0862, 0x0862, 0x0862, 0x0861, 0x0862, 0x0862, 0x0882, 0x0882,
    0x08A2, 0x08A2, 0x08E3, 0x1164, 0x1A05, 0x1A85, 0x1AE6, 0x2346, 0x2386, 0x1BA6, 0x13A5, 0x1BA6,
    0x1BC6, 0x2407, 0x2407, 0x2C07, 0x2C07, 0x2C07, 0x2C07, 0x2C07, 0x23E7, 0x23E7, 0x23E6, 0x23E6,
    0x23E6, 0x23E6, 0x23E6, 0x23C6, 0x1BA5, 0x1BA5, 0x1BA5, 0x1BA5, 0x1BC5, 0x23C6, 0x2C06, 0x3447,
    0x3C68, 0x3CA9, 0x44C9, 0x44C9, 0x44C9, 0x44C9, 0x4CC9, 0x4CC9, 0x44C9, 0x44A9, 0x44A9, 0x44A9,
    0x4489, 0x4488, 0x3C68, 0x3C48, 0x3C28, 0x3C28, 0x33E7, 0x33C7, 0x2B86, 0x2366, 0x2326, 0x2306,
    0x2306, 0x2B07, 0x2AE7, 0x2266, 0x11C5, 0x1184, 0x0943, 0x1123, 0x1123, 0x1103, 0x1103, 0x1123,
    0x1123, 0x1124, 0x1124, 0x1144, 0x1144, 0x1185, 0x1144, 0x0041, 0x0000, 0x08A2, 0x10C3, 0x10C3,
    0x10C3, 0x10C2, 0x08A2, 0x08A2, 0x08A2, 0x08C3, 0x10E3, 0x1103, 0x1103, 0x1103, 0x1123, 0x1123,
    0x1143, 0x1164, 0x0964, 0x1184, 0x11C4, 0x1A05, 0x1A65, 0x22A6, 0x22C6, 0x22E6, 0x2AE6, 0x2B06,
    0x2B06, 0x2B26, 0x2326, 0x2326, 0x2326, 0x2326, 0x2326, 0x2326, 0x2306, 0x2306, 0x22E6, 0x22C6,
    0x1AA5, 0x1A85, 0x1A65, 0x1264, 0x1264, 0x1264, 0x1284, 0x12A5, 0x1AC5, 0x1AC5, 0x2306, 0x2326,
    0x2347, 0x2B67, 0x2B87, 0x2B87, 0x2347, 0x2326, 0x1B26, 0x1B26, 0x1B26, 0x1B26, 0x1B06, 0x1AE5,
    0x1AE5, 0x1AE6, 0x1AE6, 0x1AA6, 0x1205, 0x1143, 0x10E3, 0x08A2, 0x0882, 0x0862, 0x0862, 0x0862,
    0x0862, 0x0862, 0x0862, 0x0862, 0x0862, 0x0861, 0x0861, 0x0861, 0x0861, 0x0861, 0x0861, 0x0861,
    0x0861, 0x0861, 0x0861, 0x0862, 0x0862, 0x0862, 0x0862, 0x0862, 0x0862, 0x0862, 0x0862, 0x0862,
    0x0862, 0x0862, 0x0861, 0x0861, 0x0861, 0x0861, 0x0861, 0x0861, 0x0861, 0x0861, 0x0862, 0x0862,
    0x0862, 0x0862, 0x0862, 0x0862, 0x0882, 0x0882, 0x0882, 0x0882, 0x08A2, 0x08A2, 0x08E3, 0x1163,
    0x1A05, 0x1A85, 0x1B06, 0x2387, 0x23C7, 0x23E6, 0x1C06, 0x1C07, 0x2427, 0x2447, 0x2427, 0x2C27,
    0x2C27, 0x2C27, 0x2C27, 0x2C47, 0x2C27, 0x2C27, 0x2C47, 0x2C47, 0x3447, 0x2C47, 0x3467, 0x3467,
    0x3467, 0x3467, 0x3467, 0x3487, 0x34A8, 0x3CC8, 0x44E9, 0x4509, 0x4D09, 0x4D09, 0x4D29, 0x4D29,
    0x4D09, 0x4D09, 0x4D09, 0x4D09, 0x4D09, 0x4D09, 0x4D09, 0x4D09, 0x4CE9, 0x4CE9, 0x4CE9, 0x4CC9,
    0x44A9, 0x44A9, 0x4488, 0x4468, 0x3C48, 0x3408, 0x33A7, 0x2B46, 0x1AC5, 0x1245, 0x1225, 0x1205,
    0x11A4, 0x0964, 0x1143, 0x1123, 0x1123, 0x1123, 0x1123, 0x1123, 0x1124, 0x1124, 0x1124, 0x1144,
    0x1164, 0x1985, 0x1144, 0x0041, 0x0000, 0x08A2, 0x10C3, 0x10C3, 0x10C3, 0x10A2, 0x08A2, 0x08A2,
    0x08A2, 0x08C2, 0x08C3, 0x08C3, 0x08E3, 0x08E3, 0x08E3, 0x0903, 0x0903, 0x0943, 0x0963, 0x11C4,
    0x1A25, 0x2286, 0x22A6, 0x22C6, 0x22C6, 0x22C6, 0x22E6, 0x22E6, 0x22E6, 0x2306, 0x2306, 0x2306,
    0x2306, 0x2306, 0x2306, 0x2306, 0x22E6, 0x1AC5, 0x1AA5, 0x1284, 0x1264, 0x1284, 0x1284, 0x1AA5,
    0x1AC5, 0x1AC5, 0x22E6, 0x2306, 0x2326, 0x2326, 0x2346, 0x2B67, 0x2B67, 0x2BA8, 0x2BA8, 0x2B87,
    0x2367, 0x2346, 0x1B26, 0x1B26, 0x1B05, 0x1B05, 0x1B06, 0x1AE5, 0x1AE5, 0x1AE6, 0x1AE6, 0x1AA6,
    0x1A05, 0x1163, 0x10E3, 0x08A2, 0x0882, 0x0862, 0x0862, 0x0862, 0x0862, 0x0862, 0x0862, 0x0862,
    0x0862, 0x0861, 0x0861, 0x0861, 0x0862, 0x0862, 0x0862, 0x0862, 0x0862, 0x0862, 0x0862, 0x0862,
    0x0862, 0x0862, 0x0862, 0x0862, 0x0862, 0x0862, 0x0862, 0x0862, 0x0862, 0x0862, 0x0861, 0x0861,
    0x0861, 0x0861, 0x0861, 0x0861, 0x0861, 0x0861, 0x0862, 0x0861, 0x0862, 0x0862, 0x0862, 0x0862,
    0x0882, 0x0882, 0x0882, 0x0882, 0x08A2, 0x08A2, 0x08E3, 0x1163, 0x19E4, 0x1A85, 0x2326, 0x23C7,
    0x2427, 0x2447, 0x2467, 0x2488, 0x2C88, 0x2C88, 0x2C88, 0x3468, 0x3468, 0x3468, 0x3488, 0x3488,
    0x3488, 0x3488, 0x34A8, 0x3CC8, 0x3CE8, 0x3CE8, 0x3CE8, 0x4509, 0x4509, 0x4509, 0x4509, 0x4529,
    0x4529, 0x4D29, 0x4D49, 0x4D49, 0x4D49, 0x4D49, 0x5549, 0x5549, 0x5549, 0x5529, 0x5529, 0x5529,
    0x5529, 0x5529, 0x5529, 0x5529, 0x4D29, 0x4D29, 0x4D09, 0x4D09, 0x4CE9, 0x4CE9, 0x4CC9, 0x4CC9,
    0x44A9, 0x4489, 0x4449, 0x33C8, 0x2306, 0x1224, 0x11E4, 0x11C4, 0x1184, 0x1164, 0x1143, 0x1144,
    0x1124, 0x1124, 0x1124, 0x1124, 0x1124, 0x1124, 0x1144, 0x1144, 0x1165, 0x19A5, 0x1144, 0x0040,
    0x0000, 0x08A2, 0x10E3, 0x10C3, 0x10C3, 0x10C3, 0x08C2, 0x08A2, 0x08A2, 0x08C2, 0x08A2, 0x08C2,
    0x08C2, 0x08C2, 0x08E2, 0x08E2, 0x0923, 0x0963, 0x11C4, 0x1A25, 0x2265, 0x2285, 0x2285, 0x2285,
    0x2285, 0x2285, 0x1A85, 0x1A85, 0x1A85, 0x1A85, 0x1A85, 0x1A85, 0x1A85, 0x1AA5, 0x1A85, 0x1284,
    0x1264, 0x1264, 0x1264, 0x1284, 0x1AA5, 0x1AE5, 0x2306, 0x2326, 0x2326, 0x2326, 0x2326, 0x2326,
    0x2326, 0x2326, 0x2326, 0x2326, 0x2326, 0x2346, 0x2346, 0x2346, 0x2346, 0x2346, 0x1B26, 0x1B26,
    0x1B25, 0x1B05, 0x1B05, 0x1B06, 0x12E6, 0x1AE6, 0x1B06, 0x1AC6, 0x1A45, 0x1164, 0x1103, 0x08A2,
    0x0882, 0x0862, 0x0862, 0x0862, 0x0862, 0x0862, 0x0862, 0x0862, 0x0862, 0x0861, 0x0861, 0x0862,
    0x0862, 0x0862, 0x0862, 0x0862, 0x0862, 0x0862, 0x0862, 0x0862, 0x0862, 0x0862, 0x0862, 0x0862,
    0x0862, 0x0862, 0x0862, 0x0862, 0x0862, 0x0862, 0x0861, 0x0861, 0x0861, 0x0861, 0x0861, 0x0861,
    0x0861, 0x0861, 0x0861, 0x0861, 0x0861, 0x0862, 0x0862, 0x0862, 0x0862, 0x0882, 0x0882, 0x08A2,
    0x08A2, 0x08C2, 0x1103, 0x1163, 0x19E4, 0x1A85, 0x2346, 0x2C07, 0x2C47, 0x2467, 0x2487, 0x24A7,
    0x24A7, 0x2CA8, 0x2CA8, 0x3488, 0x3488, 0x3488, 0x3488, 0x34A8, 0x34A8, 0x34A8, 0x34C8, 0x3CE8,
    0x3CE8, 0x4509, 0x4529, 0x4549, 0x4549, 0x4549, 0x4D49, 0x4D49, 0x4D49, 0x4D49, 0x4D49, 0x4D49,
    0x4D49, 0x5549, 0x5549, 0x5549, 0x5549, 0x5549, 0x5549, 0x5549, 0x5549, 0x5549, 0x5549, 0x5549,
    0x5549, 0x5549, 0x4D49, 0x5549, 0x5529, 0x5529, 0x5509, 0x4D09, 0x4CE9, 0x4CC9, 0x4C89, 0x4429,
    0x3388, 0x1A85, 0x1204, 0x11A4, 0x0964, 0x1144, 0x1144, 0x1144, 0x1144, 0x1144, 0x1144, 0x1164,
    0x1164, 0x1165, 0x1165, 0x1165, 0x1185, 0x19A5, 0x1144, 0x0020, 0x0000, 0x0882, 0x10C3, 0x10C3,
    0x10C3, 0x08C3, 0x08C2, 0x08C2, 0x08A2, 0x08A2, 0x08A2, 0x08C2, 0x08C2, 0x08C2, 0x08E2, 0x0903,
    0x0943, 0x11A4, 0x19E4, 0x1A25, 0x1A45, 0x1A45, 0x1A45, 0x1A25, 0x1A24, 0x1224, 0x1204, 0x1204,
    0x1204, 0x0A04, 0x0A04, 0x1224, 0x1244, 0x1244, 0x1244, 0x1264, 0x1284, 0x1AA5, 0x1AC5, 0x22E6,
    0x2306, 0x2B47, 0x2B47, 0x2B47, 0x2B46, 0x2326, 0x2306, 0x2306, 0x1B05, 0x1B05, 0x1B05, 0x1B05,
    0x1B05, 0x1B26, 0x2326, 0x2326, 0x2346, 0x1B46, 0x1B46, 0x1B26, 0x1B25, 0x1325, 0x1326, 0x1326,
    0x1306, 0x1B06, 0x1B06, 0x1AE6, 0x1A45, 0x1184, 0x1103, 0x08C2, 0x0882, 0x0862, 0x0862, 0x0862,
    0x0862, 0x0862, 0x0862, 0x0862, 0x0862, 0x0861, 0x0861, 0x0862, 0x0862, 0x0862, 0x0862, 0x0862,
    0x0862, 0x0862, 0x0862, 0x0862, 0x0862, 0x0862, 0x0862, 0x0862, 0x0862, 0x0862, 0x0862, 0x0862,
    0x0862, 0x0862, 0x0861, 0x0861, 0x0861, 0x0861, 0x0861, 0x0861, 0x0861, 0x0861, 0x0861, 0x0861,
    0x0862, 0x0862, 0x0862, 0x0862, 0x0862, 0x0882, 0x0882, 0x08A2, 0x08A2, 0x08C2, 0x1103, 0x1163,
    0x19E4, 0x1A85, 0x2366, 0x2C28, 0x2C67, 0x2467, 0x2487, 0x24A7, 0x24A7, 0x2CA7, 0x2CA8, 0x34A8,
    0x34A8, 0x34A8, 0x34A8, 0x34C8, 0x34C8, 0x34C8, 0x34A7, 0x34C7, 0x34C7, 0x34E8, 0x3CE8, 0x3D08,
    0x4528, 0x4529, 0x4529, 0x4529, 0x4D49, 0x4D49, 0x4D49, 0x4D49, 0x4D49, 0x5549, 0x5549, 0x5549,
    0x5549, 0x5549, 0x5549, 0x5549, 0x5549, 0x5549, 0x4D49, 0x4D49, 0x4D49, 0x4D49, 0x4D49, 0x4D49,
    0x5549, 0x5529, 0x5529, 0x5529, 0x5509, 0x4CE9, 0x4CCA, 0x4C8A, 0x4409, 0x2B27, 0x1A65, 0x0983,
    0x0964, 0x0944, 0x1144, 0x1144, 0x1144, 0x1144, 0x1164, 0x1165, 0x1165, 0x1185, 0x1185, 0x19A5,
    0x19C6, 0x19E6, 0x1164, 0x0020, 0x0000, 0x0882, 0x10E3, 0x10C3, 0x08C3, 0x08C2, 0x08C2, 0x08C2,
    0x08A2, 0x08A2, 0x08A2, 0x08C2, 0x08C2, 0x08C2, 0x08E2, 0x0923, 0x0963, 0x1183, 0x11A3, 0x11C4,
    0x11C4, 0x11C4, 0x11C4, 0x09C4, 0x09C3, 0x09C3, 0x09C3, 0x09C3, 0x09C3, 0x09E4, 0x0A04, 0x1224,
    0x1224, 0x1244, 0x1284, 0x1AA5, 0x1AE5, 0x2306, 0x2306, 0x2306, 0x2306, 0x2306, 0x1AE5, 0x1AE5,
    0x1AE5, 0x1AE5, 0x1AE5, 0x1AE5, 0x1B05, 0x1B05, 0x1B26, 0x2326, 0x2346, 0x2367, 0x2B87, 0x2367,
    0x2346, 0x1B46, 0x1B26, 0x1B26, 0x1325, 0x1325, 0x1325, 0x1326, 0x1326, 0x1B26, 0x1B26, 0x1AE6,
    0x1A85, 0x11C4, 0x1123, 0x08C2, 0x0882, 0x0882, 0x0862, 0x0862, 0x0862, 0x0862, 0x0862, 0x0862,
    0x0862, 0x0862, 0x0861, 0x0862, 0x0862, 0x0862, 0x0862, 0x0862, 0x0862, 0x0862, 0x0862, 0x0862,
    0x0862, 0x0862, 0x0862, 0x0862, 0x0862, 0x0862, 0x0862, 0x0862, 0x0862, 0x0862, 0x0861, 0x0861,
    0x0861, 0x0861, 0x0861, 0x0861, 0x0861, 0x0862, 0x0861, 0x0862, 0x0862, 0x0862, 0x0862, 0x0862,
    0x0882, 0x0882, 0x0882, 0x08A2, 0x08A2, 0x08C2, 0x1103, 0x1184, 0x19E4, 0x1AA5, 0x2BA7, 0x2C47,
    0x2C87, 0x2487, 0x24A7, 0x24A7, 0x2CC7, 0x2CE8, 0x3508, 0x3D08, 0x3D09, 0x3D29, 0x3D29, 0x4529,
    0x4529, 0x3D29, 0x3D09, 0x3D08, 0x3CE8, 0x3CE8, 0x3CE8, 0x3CE8, 0x3CE8, 0x3CE8, 0x3CE8, 0x3CE8,
    0x3CE8, 0x3CE8, 0x44E8, 0x4508, 0x4529, 0x4D29, 0x4D29, 0x4D49, 0x4D49, 0x4D49, 0x5549, 0x5549,
    0x4D49, 0x4D49, 0x4D49, 0x4D49, 0x4D49, 0x4D49, 0x4D29, 0x4D29, 0x4D29, 0x5529, 0x552A, 0x5529,
    0x4D09, 0x4CEA, 0x4CCA, 0x4C8A, 0x4409, 0x3368, 0x22C6, 0x11C4, 0x1164, 0x1164, 0x1164, 0x1164,
    0x1164, 0x1165, 0x1165, 0x1165, 0x1185, 0x1185, 0x19A5, 0x19C6, 0x19E6, 0x2247, 0x1184, 0x0020,
    0x0000, 0x0882, 0x10E3, 0x10E3, 0x10C3, 0x08C3, 0x08C3, 0x08C3, 0x08C2, 0x08C2, 0x08C2, 0x08C2,
    0x08C2, 0x08E2, 0x0903, 0x0943, 0x0963, 0x0983, 0x0983, 0x0983, 0x0983, 0x0983, 0x09A3, 0x09A3,
    0x09A3, 0x09A3, 0x09C3, 0x09C3, 0x09E3, 0x0A04, 0x1244, 0x1264, 0x1285, 0x1AA5, 0x22E6, 0x2326,
    0x2326, 0x2326, 0x2306, 0x1B06, 0x1B05, 0x1AE5, 0x1AE5, 0x1AE5, 0x2306, 0x2326, 0x2326, 0x2346,
    0x2366, 0x2B67, 0x2B87, 0x2367, 0x2367, 0x2387, 0x2387, 0x2366, 0x1B46, 0x1B46, 0x1B46, 0x1B46,
    0x1B25, 0x1325, 0x1325, 0x1326, 0x1326, 0x1346, 0x1B26, 0x1B06, 0x1AA6, 0x11E4, 0x1163, 0x08E3,
    0x0882, 0x0882, 0x0882, 0x0862, 0x0862, 0x0862, 0x0862, 0x0862, 0x0862, 0x0862, 0x0862, 0x0862,
    0x0862, 0x0862, 0x0862, 0x0862, 0x0862, 0x0862, 0x0862, 0x0862, 0x0862, 0x0862, 0x0862, 0x0862,
    0x0862, 0x0862, 0x0862, 0x0862, 0x0862, 0x0862, 0x0862, 0x0861, 0x0861, 0x0862, 0x0862, 0x0862,
    0x0862, 0x0862, 0x0862, 0x0882, 0x0882, 0x0882, 0x0882, 0x0882, 0x0882, 0x0882, 0x08A2, 0x08A2,
    0x08C2, 0x08E2, 0x1123, 0x1184, 0x1A04, 0x1AE5, 0x2BE7, 0x2C67, 0x2C87, 0x2CA7, 0x2CA7, 0x2CC7,
    0x2CC7, 0x34E7, 0x34E7, 0x3D08, 0x3D08, 0x3D08, 0x3D08, 0x4508, 0x3D28, 0x3D28, 0x3D08, 0x3D08,
    0x3D08, 0x3D08, 0x3D08, 0x3D08, 0x3D08, 0x3CE8, 0x3CE8, 0x3CE8, 0x3CE8, 0x3CC8, 0x34C7, 0x34C8,
    0x3CC8, 0x3CE8, 0x3CE8, 0x44E9, 0x4509, 0x4509, 0x4509, 0x4D29, 0x4D29, 0x4D29, 0x4D49, 0x4D49,
    0x4D49, 0x4D29, 0x4509, 0x4508, 0x4D09, 0x4D09, 0x4D09, 0x4CE9, 0x4CC9, 0x44A9, 0x4489, 0x4449,
    0x3BE9, 0x3368, 0x2AC7, 0x11E4, 0x11A4, 0x1184, 0x1165, 0x1185, 0x1165, 0x1165, 0x1185, 0x1185,
    0x1185, 0x19C6, 0x19C6, 0x19E6, 0x1A06, 0x2267, 0x1164, 0x0020, 0x0000, 0x0861, 0x10E3, 0x10E3,
    0x10E3, 0x10E3, 0x08C3, 0x08C3, 0x10C3, 0x10C2, 0x10C2, 0x08C3, 0x08E2, 0x08E2, 0x0903, 0x0923,
    0x0943, 0x0963, 0x0963, 0x0983, 0x0983, 0x0983, 0x0983, 0x09A3, 0x09C3, 0x09E4, 0x1224, 0x1244,
    0x1A85, 0x1AA5, 0x22E6, 0x2306, 0x2B26, 0x2B47, 0x2B67, 0x2B67, 0x2B67, 0x2B67, 0x2B67, 0x2366,
    0x2366, 0x2367, 0x2367, 0x2B67, 0x2B67, 0x2B87, 0x2B87, 0x2BA7, 0x2B87, 0x2B87, 0x2387, 0x2386,
    0x2366, 0x2366, 0x1B66, 0x1B46, 0x1B45, 0x1B45, 0x1B46, 0x1B46, 0x1B46, 0x1345, 0x1345, 0x1346,
    0x1346, 0x1B46, 0x1B46, 0x1B26, 0x1AE6, 0x1224, 0x1184, 0x1103, 0x08A2, 0x0882, 0x0882, 0x0862,
    0x0862, 0x0862, 0x0862, 0x0862, 0x0862, 0x0862, 0x0862, 0x0862, 0x0862, 0x0862, 0x0862, 0x0862,
    0x0862, 0x0862, 0x0862, 0x0862, 0x0862, 0x0862, 0x0862, 0x0862, 0x0862, 0x0862, 0x0862, 0x0862,
    0x0862, 0x0862, 0x0862, 0x0861, 0x0861, 0x0862, 0x0862, 0x0862, 0x0862, 0x0862, 0x0882, 0x0882,
    0x0882, 0x0882, 0x0882, 0x0882, 0x0882, 0x08A2, 0x08A2, 0x08A2, 0x08C2, 0x08E2, 0x1123, 0x11A4,
    0x1A24, 0x2326, 0x3407, 0x3467, 0x34A7, 0x2CC7, 0x2CE7, 0x34E7, 0x3507, 0x3D27, 0x3D28, 0x4528,
    0x4528, 0x4528, 0x4528, 0x4528, 0x4528, 0x4528, 0x3D08, 0x3D07, 0x3D07, 0x3CE7, 0x3CE7, 0x3CC7,
    0x34A7, 0x34A7, 0x34A7, 0x34A7, 0x34A7, 0x34A7, 0x34A7, 0x34A7, 0x34A7, 0x3487, 0x3487, 0x3467,
    0x3467, 0x3487, 0x3487, 0x3487, 0x34A8, 0x34A8, 0x3CC8, 0x3CC8, 0x3CE8, 0x3CE8, 0x44E8, 0x44E8,
    0x44C8, 0x44A8, 0x4488, 0x3C48, 0x3407, 0x33E7, 0x2BA7, 0x2B87, 0x2B47, 0x22E6, 0x1A66, 0x11E5,
    0x11A5, 0x1185, 0x1185, 0x1185, 0x1185, 0x1185, 0x19A5, 0x19A5, 0x19A6, 0x19C6, 0x19E6, 0x19E6,
    0x1A26, 0x2287, 0x1144, 0x0020, 0x0000, 0x0061, 0x10E3, 0x1103, 0x10E3, 0x10E3, 0x08C3, 0x08C3,
    0x08C3, 0x10C3, 0x10E3, 0x08E3, 0x08E3, 0x08E2, 0x0903, 0x0923, 0x0923, 0x0963, 0x0963, 0x0983,
    0x0983, 0x09C3, 0x1204, 0x1244, 0x1A65, 0x1AA5, 0x22C6, 0x22E6, 0x2B26, 0x2B47, 0x2B47, 0x2B47,
    0x2B47, 0x2B67, 0x2B67, 0x2B87, 0x2BA7, 0x2BA7, 0x2BA7, 0x2BA7, 0x2BA7, 0x2BA7, 0x2BA7, 0x2BA7,
    0x2BA7, 0x2BA7, 0x2BA7, 0x23A7, 0x23A7, 0x2386, 0x2386, 0x1B66, 0x1B66, 0x1B86, 0x1B86, 0x1B86,
    0x1B86, 0x1B86, 0x1B86, 0x1B66, 0x1366, 0x1365, 0x1366, 0x1346, 0x1345, 0x1B46, 0x1B66, 0x1B46,
    0x2306, 0x1A65, 0x11A4, 0x1123, 0x08A2, 0x0882, 0x0882, 0x0882, 0x0862, 0x0862, 0x0862, 0x0862,
    0x0862, 0x0862, 0x0862, 0x0861, 0x0861, 0x0861, 0x0862, 0x0862, 0x0862, 0x0862, 0x0862, 0x0862,
    0x0862, 0x0862, 0x0862, 0x0862, 0x0862, 0x0862, 0x0862, 0x0862, 0x0862, 0x0862, 0x0861, 0x0862,
    0x0862, 0x0862, 0x0862, 0x0861, 0x0862, 0x0862, 0x0882, 0x0882, 0x0882, 0x0882, 0x0882, 0x0882,
    0x0882, 0x08A2, 0x08A2, 0x08A2, 0x08C2, 0x08E3, 0x1143, 0x11C4, 0x1A65, 0x2346, 0x3427, 0x3487,
    0x34A7, 0x34E7, 0x3507, 0x3507, 0x3D27, 0x3D27, 0x4548, 0x4D68, 0x5588, 0x5589, 0x5569, 0x4D69,
    0x4D69, 0x4D69, 0x4D69, 0x4D69, 0x4D48, 0x4D48, 0x4D28, 0x4508, 0x3CE7, 0x3CA6, 0x3486, 0x3466,
    0x3466, 0x2C66, 0x2C46, 0x2C46, 0x2C46, 0x2C46, 0x2C26, 0x2425, 0x2405, 0x2426, 0x2426, 0x2426,
    0x2426, 0x2426, 0x2426, 0x2426, 0x2C46, 0x2C46, 0x2C47, 0x2C47, 0x2C27, 0x2C27, 0x2C07, 0x2BC7,
    0x2386, 0x2366, 0x1B26, 0x1AE6, 0x1AA5, 0x1245, 0x1205, 0x11E5, 0x11C5, 0x11A5, 0x1185, 0x19A5,
    0x19A5, 0x19A5, 0x19A5, 0x19A6, 0x19C6, 0x19C6, 0x19E6, 0x19E6, 0x1A47, 0x22A7, 0x1123, 0x0000,
    0x0000, 0x0041, 0x10E3, 0x1103, 0x10E3, 0x08C3, 0x08C3, 0x08C3, 0x08C3, 0x08C3, 0x08C3, 0x08C3,
    0x08E2, 0x08E2, 0x08E2, 0x0922, 0x0943, 0x0963, 0x09A3, 0x11E4, 0x1244, 0x1A85, 0x22C6, 0x22E6,
    0x2B26, 0x2B26, 0x2B26, 0x2B46, 0x2B47, 0x2B47, 0x2B67, 0x2B67, 0x2B67, 0x2B87, 0x2B87, 0x2BA7,
    0x2BA7, 0x33C7, 0x33C7, 0x2BA7, 0x2BA7, 0x2B87, 0x2386, 0x2366, 0x2366, 0x2366, 0x2386, 0x1B86,
    0x1B86, 0x2386, 0x23A6, 0x23A7, 0x23C7, 0x2BC7, 0x23C7, 0x23C7, 0x23C7, 0x23C7, 0x1BA6, 0x1B86,
    0x1366, 0x1366, 0x1366, 0x1366, 0x1366, 0x1B66, 0x1B66, 0x1B46, 0x2326, 0x1A85, 0x19C4, 0x1143,
    0x08C2, 0x08A2, 0x0882, 0x0882, 0x0862, 0x0862, 0x0862, 0x0862, 0x0862, 0x0862, 0x0862, 0x0862,
    0x0862, 0x0862, 0x0862, 0x0862, 0x0862, 0x0862, 0x0862, 0x0862, 0x0862, 0x0862, 0x0862, 0x0862,
    0x0862, 0x0862, 0x0861, 0x0861, 0x0862, 0x0862, 0x0862, 0x0862, 0x0862, 0x0862, 0x0862, 0x0862,
    0x0882, 0x0882, 0x0882, 0x0882, 0x0882, 0x0882, 0x0882, 0x0882, 0x0882, 0x08A2, 0x08A2, 0x08C2,
    0x08C2, 0x08E2, 0x1163, 0x11E4, 0x1A85, 0x2386, 0x3447, 0x34A7, 0x3CE8, 0x3D08, 0x3D07, 0x3507,
    0x3D27, 0x3D47, 0x4D68, 0x5588, 0x55A9, 0x5589, 0x4D68, 0x4D48, 0x4D68, 0x4D68, 0x4569, 0x4D69,
    0x4D69, 0x4D89, 0x4D89, 0x5589, 0x5589, 0x5589, 0x5569, 0x4D49, 0x4D28, 0x4508, 0x44E7, 0x3CC7,
    0x3CA7, 0x3486, 0x2C46, 0x2C25, 0x2405, 0x2405, 0x2405, 0x2405, 0x2405, 0x2405, 0x23E5, 0x1BE5,
    0x1BE5, 0x1BE5, 0x1BE5, 0x1BC5, 0x1BA5, 0x1B85, 0x1B65, 0x2366, 0x1B26, 0x1B26, 0x1AE6, 0x1AC6,
    0x1285, 0x1225, 0x11E5, 0x11C5, 0x11C5, 0x11A5, 0x11A5, 0x19A5, 0x19A5, 0x19A5, 0x19A5, 0x19A5,
    0x19C5, 0x19C6, 0x19C6, 0x1A06, 0x2267, 0x22A8, 0x08E2, 0x0000, 0x0000, 0x0020, 0x10E3, 0x1104,
    0x10E3, 0x08C3, 0x08C2, 0x08C2, 0x08C2, 0x08C2, 0x08C2, 0x08C2, 0x08E2, 0x08E2, 0x0902, 0x0943,
    0x09A3, 0x1A04, 0x1A65, 0x22C6, 0x2B07, 0x2B27, 0x2B47, 0x2B47, 0x2B67, 0x2B67, 0x2B67, 0x2B67,
    0x2B67, 0x2B87, 0x2B87, 0x2B87, 0x2B87, 0x2B87, 0x2BA7, 0x33A7, 0x33C7, 0x33C7, 0x33A7, 0x2B86,
    0x2366, 0x2346, 0x2346, 0x2366, 0x1B66, 0x1B66, 0x1B66, 0x1B86, 0x1B86, 0x1B86, 0x23A6, 0x23C7,
    0x23C7, 0x2BC7, 0x2BE7, 0x2BE7, 0x2C08, 0x2C08, 0x23C7, 0x1B86, 0x1B86, 0x1386, 0x1386, 0x1386,
    0x1386, 0x1B86, 0x1B86, 0x2386, 0x2346, 0x22C6, 0x1A25, 0x1984, 0x10E2, 0x08A2, 0x0882, 0x0882,
    0x0882, 0x0882, 0x0882, 0x0862, 0x0862, 0x0862, 0x0862, 0x0862, 0x0862, 0x0862, 0x0862, 0x0862,
    0x0862, 0x0862, 0x0862, 0x0862, 0x0862, 0x0862, 0x0862, 0x0862, 0x0862, 0x0862, 0x0862, 0x0862,
    0x0862, 0x0862, 0x0862, 0x0862, 0x0862, 0x0862, 0x0882, 0x0882, 0x0882, 0x0882, 0x0882, 0x0882,
    0x0882, 0x0882, 0x0882, 0x0882, 0x08A2, 0x08A2, 0x08A2, 0x08C2, 0x08C2, 0x0902, 0x1164, 0x1204,
    0x1AA5, 0x2BA7, 0x3467, 0x34C8, 0x3D08, 0x3D28, 0x3D48, 0x3D48, 0x4588, 0x4DA9, 0x55C9, 0x5E0A,
    0x5E0A, 0x5DEA, 0x55A9, 0x4D88, 0x4D88, 0x4D68, 0x4548, 0x4548, 0x4528, 0x4528, 0x4528, 0x4D48,
    0x4D69, 0x5589, 0x55A9, 0x5DA9, 0x5DA9, 0x5DA9, 0x5DA9, 0x5DA9, 0x5DA9, 0x5589, 0x5569, 0x4D28,
    0x4508, 0x44C7, 0x3CA7, 0x3486, 0x2C65, 0x2C25, 0x2404, 0x1BE4, 0x1BC4, 0x1BA4, 0x1384, 0x1384,
    0x1344, 0x1344, 0x1B05, 0x12E5, 0x12C5, 0x12A5, 0x1285, 0x1265, 0x1225, 0x09E4, 0x11E5, 0x11E5,
    0x11E5, 0x19C5, 0x19C5, 0x19C5, 0x19C5, 0x19C5, 0x19C6, 0x19C5, 0x19C5, 0x19C6, 0x19E6, 0x2227,
    0x22A8, 0x22A8, 0x08A1, 0x0000, 0x0000, 0x0020, 0x08E3, 0x1104, 0x10E3, 0x08C3, 0x08C2, 0x08A2,
    0x08A2, 0x08A2, 0x08C2, 0x08C2, 0x08E2, 0x0902, 0x0943, 0x11A4, 0x1A45, 0x2AC6, 0x2B07, 0x2B27,
    0x2B47, 0x2B67, 0x2B67, 0x2B67, 0x2B67, 0x2B67, 0x2B67, 0x2B87, 0x2B87, 0x2B87, 0x2BA7, 0x2BA7,
    0x2BA7, 0x2BA7, 0x2BA7, 0x2BA7, 0x2B87, 0x2366, 0x2346, 0x1B25, 0x1B05, 0x1B05, 0x1B25, 0x1B45,
    0x1B45, 0x1B45, 0x1B45, 0x1B45, 0x1345, 0x1B65, 0x1B85, 0x1BA6, 0x23A6, 0x2BC7, 0x2BE7, 0x3428,
    0x3448, 0x3428, 0x23E7, 0x1BA6, 0x1BA6, 0x13A6, 0x13A6, 0x13A6, 0x13A6, 0x1BA6, 0x1BA6, 0x2386,
    0x2366, 0x2B06, 0x1A45, 0x19C4, 0x1123, 0x08A2, 0x0882, 0x0882, 0x0882, 0x0882, 0x08A2, 0x0882,
    0x0862, 0x0862, 0x0862, 0x0862, 0x0862, 0x0862, 0x0862, 0x0862, 0x0862, 0x0862, 0x0862, 0x0862,
    0x0862, 0x0862, 0x0862, 0x0862, 0x0862, 0x0862, 0x0862, 0x0862, 0x0862, 0x0862, 0x0862, 0x0882,
    0x0882, 0x0862, 0x0882, 0x0882, 0x0882, 0x0882, 0x0882, 0x0882, 0x0882, 0x0882, 0x0882, 0x08A2,
    0x08A2, 0x08A2, 0x08C2, 0x08C2, 0x08E2, 0x0903, 0x1184, 0x1A24, 0x1AE5, 0x2BC7, 0x3487, 0x34C7,
    0x3D08, 0x3D48, 0x3D68, 0x3D68, 0x3D68, 0x4568, 0x4588, 0x4D88, 0x4DA8, 0x55A8, 0x55A8, 0x55C8,
    0x55C9, 0x5DE9, 0x55C9, 0x55A9, 0x5588, 0x4D68, 0x4D68, 0x4D68, 0x4D68, 0x4D47, 0x4D47, 0x4D47,
    0x4D67, 0x4D67, 0x5588, 0x55A8, 0x5DA9, 0x5DC9, 0x5DC9, 0x5DC9, 0x5DA9, 0x5DA9, 0x5589, 0x5568,
    0x4D48, 0x4507, 0x3CC6, 0x3466, 0x2C25, 0x23E4, 0x1BA4, 0x1364, 0x1344, 0x1304, 0x12E4, 0x12A5,
    0x1264, 0x1244, 0x1224, 0x1225, 0x1204, 0x11E5, 0x11E5, 0x11E5, 0x11E5, 0x19E5, 0x19E6, 0x1A06,
    0x1A06, 0x1A06, 0x1A06, 0x1A06, 0x1A06, 0x1A06, 0x1A26, 0x2247, 0x22A8, 0x2267, 0x0061, 0x0000,
    0x0000, 0x0000, 0x08C3, 0x1104, 0x10E3, 0x10C3, 0x08C2, 0x08C2, 0x08A2, 0x08C2, 0x08C3, 0x08E3,
    0x0903, 0x1163, 0x19E5, 0x2266, 0x2AC7, 0x2B27, 0x2B47, 0x2B47, 0x2B67, 0x2B67, 0x2B67, 0x2B67,
    0x2B67, 0x2B87, 0x2B87, 0x2B87, 0x2BA7, 0x2B87, 0x2B87, 0x2B67, 0x2366, 0x2346, 0x2325, 0x1B25,
    0x1B05, 0x1B05, 0x1B05, 0x1B25, 0x2325, 0x2345, 0x2345, 0x2365, 0x2365, 0x1B65, 0x1B65, 0x1B64,
    0x1B65, 0x1B85, 0x23A5, 0x23C6, 0x23C6, 0x23C6, 0x2BE6, 0x2BE7, 0x2BE7, 0x23E7, 0x23C6, 0x23C6,
    0x1BC6, 0x1BC6, 0x1BC6, 0x1BC6, 0x1BC6, 0x1BC6, 0x1BA6, 0x23A6, 0x2386, 0x2B46, 0x2285, 0x1A25,
    0x1964, 0x10E2, 0x08A2, 0x0882, 0x08A2, 0x08A2, 0x08A2, 0x0882, 0x0882, 0x0862, 0x0882, 0x0862,
    0x0862, 0x0862, 0x0862, 0x0862, 0x0862, 0x0862, 0x0862, 0x0862, 0x0862, 0x0862, 0x0862, 0x0862,
    0x0862, 0x0862, 0x0862, 0x0862, 0x0862, 0x0862, 0x0882, 0x0882, 0x0882, 0x0882, 0x0862, 0x0882,
    0x0882, 0x0882, 0x0882, 0x0882, 0x08A2, 0x08A2, 0x08A2, 0x08A2, 0x08A2, 0x08C2, 0x08C2, 0x08C2,
    0x08E2, 0x0923, 0x11A4, 0x1A45, 0x2306, 0x2C07, 0x34A7, 0x3D08, 0x3D28, 0x4548, 0x4589, 0x45A9,
    0x45A9, 0x4588, 0x4588, 0x4588, 0x4DA8, 0x4DA8, 0x55A8, 0x55C9, 0x5DE9, 0x6609, 0x662A, 0x662A,
    0x662A, 0x6E2A, 0x6E2A, 0x6E2B, 0x660A, 0x65E9, 0x5DC8, 0x55A8, 0x55A8, 0x55A8, 0x55A8, 0x55A8,
    0x55A8, 0x55A8, 0x5DA8, 0x55A8, 0x55A8, 0x5588, 0x5588, 0x5588, 0x55A8, 0x5DA9, 0x5DA9, 0x5589,
    0x5569, 0x4D28, 0x44E8, 0x3C67, 0x3406, 0x2BA6, 0x2345, 0x1AC5, 0x1265, 0x1244, 0x1204, 0x1204,
    0x1204, 0x1205, 0x11E5, 0x11E5, 0x11E5, 0x11E5, 0x1206, 0x1A26, 0x1A47, 0x2267, 0x2267, 0x2288,
    0x2288, 0x2288, 0x22A8, 0x22C8, 0x2AE9, 0x2246, 0x0040, 0x0000, 0x0000, 0x0000, 0x08A2, 0x1104,
    0x10E3, 0x10C3, 0x10C3, 0x08C3, 0x08C3, 0x08C3, 0x10E3, 0x1103, 0x1164, 0x19E5, 0x2266, 0x2AC7,
    0x2B07, 0x2B27, 0x2B47, 0x2B67, 0x2B67, 0x2B67, 0x2B67, 0x2B67, 0x2B87, 0x2B88, 0x2B88, 0x2B87,
    0x2B67, 0x2346, 0x1B26, 0x1AE5, 0x1AE5, 0x1AC5, 0x1AE5, 0x1AE5, 0x1AE5, 0x1B05, 0x2325, 0x2346,
    0x2346, 0x2365, 0x2365, 0x2365, 0x1B65, 0x1B85, 0x2385, 0x23A5, 0x23A5, 0x23C6, 0x23E6, 0x23E6,
    0x23E6, 0x2406, 0x2C06, 0x2C07, 0x2C07, 0x2C07, 0x2407, 0x2407, 0x1BE6, 0x1BC6, 0x1BC6, 0x1BE6,
    0x1BE6, 0x1BC6, 0x1BC6, 0x1BA6, 0x23A6, 0x2B67, 0x22C6, 0x2265, 0x19C5, 0x1103, 0x08A2, 0x08A2,
    0x08A2, 0x08A2, 0x08A2, 0x0882, 0x0882, 0x0882, 0x0862, 0x0862, 0x0862, 0x0862, 0x0862, 0x0862,
    0x0862, 0x0862, 0x0862, 0x0862, 0x0862, 0x0862, 0x0862, 0x0862, 0x0862, 0x0862, 0x0862, 0x0862,
    0x0862, 0x0862, 0x0882, 0x0882, 0x0882, 0x0882, 0x0862, 0x0882, 0x0882, 0x0882, 0x0882, 0x08A2,
    0x08A2, 0x08A2, 0x08A2, 0x08C2, 0x08C2, 0x08C2, 0x08C2, 0x08E2, 0x0903, 0x1143, 0x19C4, 0x1A65,
    0x2346, 0x2C27, 0x34C7, 0x3D08, 0x3D28, 0x4548, 0x4568, 0x45A9, 0x4DA9, 0x4DC9, 0x4DA9, 0x4DC9,
    0x55C9, 0x55E9, 0x5E0A, 0x660A, 0x662A, 0x6E2A, 0x6E4B, 0x6E4A, 0x6E4A, 0x6E4A, 0x6E4B, 0x764B,
    0x6E4A, 0x6E4A, 0x6E2A, 0x662A, 0x662A, 0x662A, 0x6629, 0x6609, 0x660A, 0x660A, 0x6609, 0x65E9,
    0x5DC9, 0x5DC8, 0x55A8, 0x55A8, 0x5DC8, 0x5DC9, 0x5DE9, 0x65E9, 0x65EA, 0x5DC9, 0x5DAA, 0x5D69,
    0x5529, 0x4CC9, 0x3C28, 0x2B66, 0x1AC5, 0x1244, 0x1224, 0x1224, 0x1205, 0x1205, 0x1205, 0x11E5,
    0x11E5, 0x11E5, 0x1206, 0x1A26, 0x1A47, 0x2267, 0x22A8, 0x22A8, 0x22C9, 0x2AE9, 0x2B09, 0x2B09,
    0x2B29, 0x1A06, 0x0020, 0x0000, 0x0000, 0x0000, 0x0881, 0x1104, 0x10E3, 0x10E3, 0x10C3, 0x08C3,
    0x10C3, 0x10C3, 0x10E3, 0x1103, 0x19A4, 0x2226, 0x2AA7, 0x2AE7, 0x3307, 0x3347, 0x3348, 0x3368,
    0x3368, 0x2B67, 0x2B67, 0x2B88, 0x33A8, 0x33A8, 0x2B88, 0x2346, 0x1B05, 0x12C5, 0x12A5, 0x12A4,
    0x1284, 0x12A4, 0x1AC5, 0x1AE5, 0x1B05, 0x2325, 0x2345, 0x2366, 0x2386, 0x2386, 0x2BA6, 0x2BC7,
    0x2BE7, 0x3407, 0x3407, 0x2C07, 0x2C06, 0x2C06, 0x2C26, 0x2C27, 0x2C67, 0x3488, 0x3488, 0x3488,
    0x3468, 0x2C27, 0x2C27, 0x2406, 0x1BE6, 0x1BE6, 0x1BE6, 0x1BE6, 0x1BE6, 0x1BE6, 0x1BC6, 0x23C6,
    0x23C6, 0x2B87, 0x2B26, 0x22C6, 0x2225, 0x1163, 0x08E2, 0x08A2, 0x08A2, 0x0882, 0x08A2, 0x08A2,
    0x0882, 0x0882, 0x0882, 0x0862, 0x0882, 0x0862, 0x0862, 0x0862, 0x0862, 0x0862, 0x0862, 0x0862,
    0x0862, 0x0862, 0x0862, 0x0862, 0x0862, 0x0862, 0x0862, 0x0882, 0x0882, 0x0882, 0x0882, 0x0862,
    0x0882, 0x0882, 0x0882, 0x0882, 0x0882, 0x0882, 0x08A2, 0x08A2, 0x08A2, 0x08A2, 0x08A2, 0x08C2,
    0x08C2, 0x08C2, 0x08C2, 0x08E2, 0x0903, 0x1163, 0x19E5, 0x1AA5, 0x2386, 0x3467, 0x3CE7, 0x3D27,
    0x3D48, 0x3D48, 0x4568, 0x4589, 0x4DA9, 0x55CA, 0x55EA, 0x55E9, 0x55C9, 0x55C9, 0x55C9, 0x55C9,
    0x5DC9, 0x5DC9, 0x5DE9, 0x5DE9, 0x65E9, 0x6609, 0x6609, 0x662A, 0x6E2A, 0x6E4A, 0x6E4A, 0x6E4A,
    0x6E4A, 0x6E4A, 0x6E4A, 0x6E2A, 0x6E2A, 0x6E4A, 0x6E4A, 0x6E4A, 0x6E2A, 0x662A, 0x662A, 0x660A,
    0x6609, 0x65E9, 0x65E9, 0x65E9, 0x65E9, 0x65E9, 0x65C9, 0x5DAA, 0x5DAA, 0x556A, 0x4CE9, 0x4468,
    0x2B66, 0x1AA5, 0x1244, 0x1224, 0x1225, 0x1A25, 0x1A25, 0x1A05, 0x1A05, 0x1A06, 0x1A26, 0x1A26,
    0x1A47, 0x1A67, 0x1A88, 0x22C8, 0x22E9, 0x2309, 0x2B29, 0x2B4A, 0x2B4A, 0x19C5, 0x0000, 0x0000,
    0x0000, 0x0000, 0x0061, 0x1104, 0x10E4, 0x10E3, 0x10E3, 0x10C3, 0x10E3, 0x10E3, 0x10E3, 0x1103,
    0x1984, 0x2226, 0x2A87, 0x2AC7, 0x2AE7, 0x2B07, 0x2B07, 0x2307, 0x2327, 0x2B27, 0x2B68, 0x2B88,
    0x2B67, 0x2306, 0x1AC5, 0x12A5, 0x12A5, 0x1284, 0x1284, 0x12A4, 0x1AC5, 0x1AE5, 0x2305, 0x2346,
    0x2366, 0x2B86, 0x2BA7, 0x33E7, 0x3C28, 0x3C28, 0x3C48, 0x3C48, 0x3428, 0x3428, 0x3427, 0x3427,
    0x3447, 0x3468, 0x3488, 0x3488, 0x3488, 0x3488, 0x3488, 0x3488, 0x3468, 0x3447, 0x2C47, 0x2C27,
    0x2426, 0x1C06, 0x1C06, 0x1BE6, 0x1C06, 0x1BE6, 0x1BE6, 0x23E6, 0x23E7, 0x2BC7, 0x2B87, 0x22E6,
    0x2266, 0x11C4, 0x0902, 0x08C2, 0x08A2, 0x0882, 0x08A2, 0x08A2, 0x0882, 0x0882, 0x0882, 0x0882,
    0x0882, 0x0882, 0x0882, 0x0882, 0x0882, 0x0882, 0x0882, 0x0882, 0x0882, 0x0882, 0x0862, 0x0882,
    0x0882, 0x0882, 0x0882, 0x0882, 0x0882, 0x0882, 0x0882, 0x0882, 0x0882, 0x0882, 0x0882, 0x0882,
    0x0882, 0x08A2, 0x08A2, 0x08A2, 0x08A2, 0x08A2, 0x08C2, 0x10C2, 0x08C2, 0x08C2, 0x08E2, 0x0903,
    0x0923, 0x1184, 0x1A25, 0x1AC5, 0x2BC6, 0x3487, 0x3D07, 0x4547, 0x4568, 0x3D67, 0x4588, 0x4588,
    0x4D88, 0x4DA9, 0x4DA9, 0x4DC9, 0x55C9, 0x55E9, 0x55CA, 0x55C9, 0x55A9, 0x4D88, 0x4D88, 0x5588,
    0x5588, 0x4D68, 0x4D88, 0x5DC9, 0x65E9, 0x662A, 0x6E2A, 0x6E4A, 0x6E4A, 0x6E4A, 0x6E4A, 0x6E4A,
    0x6E2A, 0x6E2A, 0x6E2A, 0x6E2A, 0x6E4A, 0x6E4A, 0x6E4A, 0x6E4A, 0x6E2A, 0x6E2A, 0x6E2A, 0x6E2A,
    0x660A, 0x65EA, 0x65C9, 0x5DC9, 0x5DA9, 0x5D89, 0x552A, 0x4CC9, 0x33E8, 0x2326, 0x1AA5, 0x1A65,
    0x1A45, 0x1A46, 0x1A46, 0x1A46, 0x1A46, 0x1A67, 0x2267, 0x2267, 0x2288, 0x2288, 0x22A8, 0x22C9,
    0x22E9, 0x2309, 0x2329, 0x2B4A, 0x2B6A, 0x1144, 0x0000, 0x0000, 0x0000, 0x0000, 0x0041, 0x10E3,
    0x1104, 0x10E4, 0x10E3, 0x10E3, 0x10E3, 0x10E3, 0x10E3, 0x08E3, 0x1164, 0x19C5, 0x2225, 0x2246,
    0x2266, 0x2286, 0x1AA5, 0x22C6, 0x2306, 0x2B47, 0x2327, 0x22E6, 0x1AC5, 0x12A5, 0x1285, 0x1264,
    0x1264, 0x1264, 0x1284, 0x1AE5, 0x2305, 0x2346, 0x2B87, 0x2BA7, 0x33C7, 0x33E7, 0x3408, 0x3C28,
    0x3428, 0x3428, 0x3428, 0x3427, 0x3407, 0x3427, 0x3448, 0x3448, 0x3447, 0x3447, 0x3447, 0x3447,
    0x3467, 0x3488, 0x3CA8, 0x3CC8, 0x3CA8, 0x3468, 0x3467, 0x3468, 0x2C67, 0x2426, 0x2426, 0x2426,
    0x2426, 0x2426, 0x2406, 0x2406, 0x23E7, 0x2BE7, 0x2BA7, 0x2306, 0x22A6, 0x1A25, 0x1163, 0x08E2,
    0x08A2, 0x08A2, 0x08A2, 0x08A2, 0x08A2, 0x0882, 0x0882, 0x0882, 0x0882, 0x0882, 0x0882, 0x0882,
    0x0882, 0x0882, 0x0882, 0x0882, 0x0882, 0x0862, 0x0862, 0x0882, 0x0882, 0x0882, 0x0882, 0x0882,
    0x0882, 0x0882, 0x0882, 0x0882, 0x0882, 0x0882, 0x0882, 0x0882, 0x08A2, 0x08A2, 0x08A2, 0x08A2,
    0x08A2, 0x08C2, 0x08C2, 0x08C2, 0x08C2, 0x08E2, 0x08E2, 0x0903, 0x1143, 0x11C4, 0x1A44, 0x22E5,
    0x33E6, 0x3CC7, 0x4547, 0x4568, 0x45A8, 0x45A8, 0x45C8, 0x4DC9, 0x4DC9, 0x55C9, 0x55C9, 0x55C9,
    0x55C9, 0x55C9, 0x55C9, 0x55CA, 0x55A9, 0x4DA9, 0x55A9, 0x55A9, 0x55A9, 0x55A9, 0x55A9, 0x5DC9,
    0x65EA, 0x660A, 0x662A, 0x6E2A, 0x6E4A, 0x6E4A, 0x6E4A, 0x764A, 0x6E4A, 0x764A, 0x762A, 0x764A,
    0x764A, 0x764A, 0x764A, 0x764A, 0x6E4A, 0x6E4A, 0x6E2A, 0x6E2A, 0x660A, 0x65EA, 0x65EA, 0x5DC9,
    0x5DA9, 0x5DAA, 0x556A, 0x4CE9, 0x3C08, 0x2B67, 0x22E6, 0x1A85, 0x1A46, 0x1A46, 0x1A66, 0x2267,
    0x2287, 0x22A8, 0x22A8, 0x22A8, 0x22C8, 0x22C8, 0x22C9, 0x22E9, 0x2309, 0x2309, 0x2329, 0x2B4A,
    0x2B29, 0x08E2, 0x0000, 0x0000, 0x0000, 0x0000, 0x0020, 0x10E3, 0x1104, 0x1104, 0x10E3, 0x10E3,
    0x10E3, 0x10E3, 0x10E3, 0x08E3, 0x1123, 0x1164, 0x1184, 0x11C4, 0x11E4, 0x1A45, 0x1A85, 0x22E6,
    0x22E6, 0x1AA5, 0x1264, 0x1244, 0x1244, 0x0A24, 0x0A23, 0x0A43, 0x1264, 0x1AC5, 0x2306, 0x2B66,
    0x2BA7, 0x2BA7, 0x2BA7, 0x2BA6, 0x2386, 0x2386, 0x2BA6, 0x2BC6, 0x2BE6, 0x2BE7, 0x2BE7, 0x2BE7,
    0x2BE7, 0x2BE7, 0x2C07, 0x3427, 0x3427, 0x3447, 0x3468, 0x3C88, 0x3CA8, 0x3CA8, 0x3CA8, 0x3467,
    0x2C47, 0x3467, 0x3488, 0x34A8, 0x3488, 0x2C67, 0x2447, 0x2447, 0x2447, 0x2427, 0x2427, 0x2447,
    0x2427, 0x2C28, 0x33E8, 0x2326, 0x22C6, 0x2266, 0x19C4, 0x1103, 0x08C2, 0x08A2, 0x10A2, 0x10A3,
    0x10A2, 0x1082, 0x0882, 0x0882, 0x0862, 0x0882, 0x0882, 0x0882, 0x0882, 0x0882, 0x0882, 0x0882,
    0x0882, 0x0882, 0x0882, 0x0882, 0x0882, 0x0882, 0x0882, 0x0882, 0x0882, 0x0882, 0x0882, 0x0882,
    0x0882, 0x0882, 0x08A2, 0x0882, 0x08A2, 0x08A2, 0x08A2, 0x08A2, 0x08A2, 0x08C2, 0x08C2, 0x08C2,
    0x08E2, 0x08E2, 0x0902, 0x0923, 0x1163, 0x1204, 0x1A84, 0x2345, 0x3427, 0x3CE7, 0x4568, 0x4DA8,
    0x4DC8, 0x4DC8, 0x4DE8, 0x55E8, 0x55E9, 0x55C9, 0x5DE9, 0x55E9, 0x55E9, 0x55C9, 0x55A9, 0x4D68,
    0x4D68, 0x4547, 0x4D68, 0x55A8, 0x5DC9, 0x660A, 0x660A, 0x6E2A, 0x662A, 0x660A, 0x65E9, 0x65E9,
    0x6E09, 0x6E2A, 0x6E4A, 0x764A, 0x764A, 0x764A, 0x764A, 0x764A, 0x764A, 0x764A, 0x764A, 0x764A,
    0x6E4A, 0x6E4A, 0x6E2A, 0x6E2A, 0x660A, 0x660A, 0x65EA, 0x5DEA, 0x5DCA, 0x5DAA, 0x5D6A, 0x5509,
    0x3407, 0x2B46, 0x22E6, 0x1A86, 0x1A46, 0x1A46, 0x2267, 0x22A8, 0x22A8, 0x22C8, 0x22C8, 0x22C8,
    0x22C8, 0x22E8, 0x22E9, 0x22E9, 0x2309, 0x2309, 0x2B29, 0x2B6A, 0x22A8, 0x0881, 0x0000, 0x0000,
    0x0000, 0x0000, 0x0000, 0x08A2, 0x1104, 0x1104, 0x10E3, 0x08E3, 0x08E3, 0x10E3, 0x10E3, 0x08E3,
    0x0903, 0x0943, 0x0963, 0x11A4, 0x11E4, 0x1A25, 0x1A65, 0x1A65, 0x1244, 0x1224, 0x1204, 0x1204,
    0x0A04, 0x1224, 0x1244, 0x1284, 0x1AC5, 0x2326, 0x2366, 0x2366, 0x2386, 0x2386, 0x2386, 0x2386,
    0x2386, 0x23A6, 0x2BC6, 0x2BE7, 0x2BE6, 0x2BE6, 0x23C6, 0x23C6, 0x2BC6, 0x2BE6, 0x2C07, 0x3447,
    0x3488, 0x3C88, 0x3C88, 0x3C88, 0x3488, 0x3467, 0x2C67, 0x3467, 0x3487, 0x3CA8, 0x3CA8, 0x34A8,
    0x3488, 0x2C67, 0x2447, 0x2C67, 0x2C67, 0x2C67, 0x2C67, 0x2C67, 0x2C67, 0x3468, 0x3428, 0x2B87,
    0x22E6, 0x22A6, 0x1A25, 0x1143, 0x08E2, 0x08A2, 0x08A2, 0x10A3, 0x10A2, 0x10A2, 0x0882, 0x0882,
    0x0882, 0x0882, 0x0882, 0x0882, 0x0882, 0x0882, 0x0882, 0x0882, 0x0882, 0x0882, 0x0882, 0x0882,
    0x0882, 0x0882, 0x0882, 0x0882, 0x0882, 0x0882, 0x0882, 0x0882, 0x0882, 0x08A2, 0x08A2, 0x08A2,
    0x08A2, 0x08A2, 0x08A2, 0x08A2, 0x08C2, 0x08C2, 0x08C2, 0x08E2, 0x08E3, 0x08E3, 0x0903, 0x1143,
    0x11C3, 0x1A44, 0x22E5, 0x2BA6, 0x3C67, 0x4528, 0x4D88, 0x4DA8, 0x55E8, 0x5E29, 0x5E09, 0x5E09,
    0x5DE8, 0x55C8, 0x55C8, 0x4DA8, 0x4DA8, 0x55C9, 0x5DE9, 0x5E0A, 0x5DC9, 0x4D88, 0x4D67, 0x4D88,
    0x4D88, 0x4D88, 0x5588, 0x55A9, 0x5DE9, 0x65EA, 0x65E9, 0x65E9, 0x65E9, 0x660A, 0x6E2A, 0x764A,
    0x766A, 0x766A, 0x766A, 0x764A, 0x764A, 0x764A, 0x764A, 0x764A, 0x6E4A, 0x6E4A, 0x6E4A, 0x6E2A,
    0x662A, 0x660A, 0x65EA, 0x5DEA, 0x5DCA, 0x5DAA, 0x5D6A, 0x5529, 0x3C48, 0x3387, 0x22E6, 0x1A65,
    0x1A46, 0x1A47, 0x2287, 0x22A8, 0x22C8, 0x22E9, 0x22E9, 0x22C8, 0x22C8, 0x22C8, 0x22E9, 0x22E9,
    0x2309, 0x2B29, 0x2B49, 0x2B6A, 0x2267, 0x0041, 0x0000, 0x0000, 0x0000, 0x0000, 0x0000, 0x0882,
    0x10E4, 0x1104, 0x10E3, 0x08E3, 0x08E3, 0x08E3, 0x08E3, 0x08E3, 0x0903, 0x0923, 0x0943, 0x1184,
    0x11A4, 0x11C4, 0x09C3, 0x09A3, 0x09C3, 0x09C3, 0x09E3, 0x0A03, 0x1224, 0x1264, 0x1AA5, 0x2305,
    0x2326, 0x2366, 0x2B86, 0x23A6, 0x23A6, 0x23A6, 0x23A6, 0x23A6, 0x23A6, 0x2BC6, 0x2BE7, 0x2BE6,
    0x23C6, 0x23C6, 0x23E6, 0x2BE6, 0x2C26, 0x3467, 0x3CA8, 0x44E9, 0x4509, 0x4509, 0x44C9, 0x3CA8,
    0x3487, 0x2C67, 0x3487, 0x34A8, 0x34C8, 0x34C8, 0x34A8, 0x34A7, 0x2C87, 0x2C87, 0x2C87, 0x2C88,
    0x2C88, 0x34A8, 0x34A8, 0x34E8, 0x3CE8, 0x3CE8, 0x3C88, 0x2C07, 0x2366, 0x2306, 0x22A5, 0x11A4,
    0x0903, 0x08A2, 0x08A2, 0x10A3, 0x10A3, 0x10A2, 0x08A2, 0x0882, 0x0882, 0x0882, 0x0882, 0x0882,
    0x0882, 0x0882, 0x0882, 0x0882, 0x0882, 0x0882, 0x0882, 0x0882, 0x0882, 0x0882, 0x0882, 0x0882,
    0x0882, 0x0882, 0x0882, 0x0882, 0x08A2, 0x08A2, 0x08A2, 0x08A2, 0x08A2, 0x08A2, 0x08C2, 0x08C2,
    0x08C2, 0x08C2, 0x08C2, 0x08E3, 0x08E3, 0x1103, 0x1123, 0x1183, 0x1204, 0x1AC4, 0x2345, 0x3426,
    0x44E7, 0x4D68, 0x4DA8, 0x4DC7, 0x5608, 0x666A, 0x6E6A, 0x6E4A, 0x6629, 0x5E29, 0x5E08, 0x55E8,
    0x55C8, 0x55C8, 0x55E9, 0x5E0A, 0x5DEA, 0x55C9, 0x55A8, 0x4DA8, 0x4D88, 0x4D88, 0x4567, 0x4567,
    0x4D47, 0x4D47, 0x4D68, 0x4D88, 0x55A9, 0x55C9, 0x5DEA, 0x6E2A, 0x6E4B, 0x764B, 0x764A, 0x764A,
    0x764A, 0x764A, 0x764A, 0x6E4A, 0x6E4A, 0x6E4A, 0x6E4A, 0x6E4A, 0x662A, 0x660A, 0x5DEA, 0x5DC9,
    0x5DAA, 0x5DA9, 0x5569, 0x5549, 0x4CC9, 0x4449, 0x3368, 0x22A6, 0x1A46, 0x1A46, 0x2267, 0x2288,
    0x22A8, 0x22C8, 0x22C8, 0x22C8, 0x22C8, 0x22C8, 0x22E8, 0x22E9, 0x2309, 0x2B29, 0x2B49, 0x338A,
    0x1A06, 0x0020, 0x0000, 0x0000, 0x0000, 0x0000, 0x0000, 0x0061, 0x08E3, 0x1104, 0x1103, 0x0903,
    0x1103, 0x1103, 0x1103, 0x10E3, 0x08E3, 0x0903, 0x0923, 0x0923, 0x0943, 0x0963, 0x0963, 0x0983,
    0x09A3, 0x09C3, 0x09E3, 0x1244, 0x1AA5, 0x22E6, 0x2326, 0x2B67, 0x2B87, 0x2BA7, 0x2BA6, 0x23A6,
    0x23A6, 0x23A6, 0x23A6, 0x23C6, 0x23C6, 0x2BE6, 0x2BE6, 0x2BE6, 0x2C06, 0x3447, 0x3C88, 0x44E9,
    0x4D29, 0x4D49, 0x4D49, 0x4D49, 0x4529, 0x44E9, 0x3487, 0x2C67, 0x2C67, 0x2CA7, 0x34A7, 0x34C8,
    0x34E8, 0x34E8, 0x34E7, 0x34C7, 0x34A7, 0x34A7, 0x34C8, 0x3CE8, 0x3CE8, 0x3CE8, 0x3D08, 0x4529,
    0x4549, 0x4529, 0x3CE8, 0x3467, 0x23C6, 0x2366, 0x2305, 0x1A24, 0x1163, 0x08E2, 0x08C2, 0x08C3,
    0x10A2, 0x08A2, 0x08A2, 0x08A2, 0x0882, 0x0882, 0x0882, 0x0882, 0x0882, 0x0882, 0x0882, 0x0882,
    0x0882, 0x0882, 0x0882, 0x0882, 0x0882, 0x0882, 0x0882, 0x0882, 0x0882, 0x0882, 0x0882, 0x0882,
    0x08A2, 0x08A2, 0x08A2, 0x08A2, 0x08A2, 0x08C2, 0x08C2, 0x08C2, 0x08C2, 0x08E2, 0x10E3, 0x10E3,
    0x10E3, 0x1123, 0x1143, 0x11A3, 0x1244, 0x1B04, 0x2BA5, 0x3C87, 0x4527, 0x55A8, 0x55C8, 0x55C8,
    0x5E08, 0x6649, 0x6E6A, 0x766A, 0x6E6A, 0x6E69, 0x6669, 0x6649, 0x5E09, 0x4DC8, 0x4D87, 0x4567,
    0x4DA8, 0x55C9, 0x5E0A, 0x5E0A, 0x55E9, 0x55E9, 0x55C9, 0x4DA8, 0x4D67, 0x4547, 0x4527, 0x4527,
    0x4527, 0x4527, 0x4567, 0x5588, 0x5DC9, 0x660A, 0x6E2A, 0x6E4B, 0x766B, 0x764B, 0x6E4A, 0x6E4A,
    0x6E4A, 0x6E4A, 0x6E4A, 0x6E2A, 0x6E2A, 0x660A, 0x5DEA, 0x5DA9, 0x5DA9, 0x5D89, 0x5569, 0x5529,
    0x4CEA, 0x4CAA, 0x442A, 0x2B48, 0x22A7, 0x1A47, 0x1A47, 0x2267, 0x2288, 0x2288, 0x22A8, 0x1AA8,
    0x22A8, 0x22C8, 0x22E8, 0x22E9, 0x2309, 0x2B29, 0x2B6A, 0x336A, 0x1164, 0x0000, 0x0000, 0x0000,
    0x0000, 0x0000, 0x0000, 0x0020, 0x10E3, 0x1104, 0x1104, 0x1103, 0x1103, 0x1103, 0x1103, 0x1103,
    0x1103, 0x0903, 0x0903, 0x0923, 0x0943, 0x0943, 0x0963, 0x0983, 0x09C3, 0x1204, 0x1A65, 0x1AC5,
    0x2326, 0x2346, 0x2366, 0x2366, 0x2386, 0x23A6, 0x23A6, 0x23C6, 0x23C6, 0x23E6, 0x23E6, 0x2BE6,
    0x2C06, 0x2C06, 0x3427, 0x3C67, 0x44C8, 0x4D2A, 0x556A, 0x556A, 0x556A, 0x558A, 0x4D69, 0x4529,
    0x34A7, 0x2C67, 0x2C46, 0x2C67, 0x2C87, 0x2CC7, 0x34C7, 0x34C7, 0x34C7, 0x34E7, 0x34E7, 0x3D08,
    0x4528, 0x4D49, 0x4D69, 0x4D69, 0x4548, 0x4528, 0x4548, 0x4549, 0x4548, 0x3D08, 0x34E7, 0x2C86,
    0x2C26, 0x2BC6, 0x2B46, 0x2284, 0x19E3, 0x1122, 0x08E2, 0x08C2, 0x10C2, 0x08C2, 0x08C2, 0x08A2,
    0x08A2, 0x0882, 0x0882, 0x0882, 0x0882, 0x0882, 0x0882, 0x0882, 0x0882, 0x0882, 0x0882, 0x0882,
    0x0882, 0x0882, 0x0882, 0x0882, 0x08A2, 0x08A2, 0x08A2, 0x08A2, 0x08A2, 0x08A2, 0x08A2, 0x08C2,
    0x08C2, 0x10C2, 0x10C2, 0x10C2, 0x10E2, 0x10E3, 0x10E3, 0x10E3, 0x1103, 0x1123, 0x1163, 0x11C3,
    0x1A64, 0x2344, 0x2C06, 0x3CE7, 0x4D68, 0x55C8, 0x5E08, 0x5E28, 0x6629, 0x6E69, 0x768A, 0x768A,
    0x7669, 0x6E69, 0x6E69, 0x6E69, 0x6649, 0x5DE8, 0x4DA7, 0x4D87, 0x4D87, 0x4D88, 0x4DA8, 0x4DA8,
    0x55C9, 0x5E09, 0x5E09, 0x5E09, 0x5DE9, 0x5DC9, 0x55A8, 0x4D88, 0x4D68, 0x4547, 0x3D27, 0x3D26,
    0x3D27, 0x4547, 0x5588, 0x5DE9, 0x660A, 0x6E2A, 0x6E2B, 0x6E4A, 0x6E4A, 0x6E4A, 0x6E2A, 0x662A,
    0x660A, 0x65EA, 0x5DCA, 0x5DA9, 0x5DA9, 0x5589, 0x5549, 0x552A, 0x4CEA, 0x4CCB, 0x444A, 0x3389,
    0x2AE8, 0x2287, 0x2267, 0x1A47, 0x1A67, 0x1A67, 0x1A88, 0x22A8, 0x22A8, 0x22C8, 0x22E8, 0x22E9,
    0x2B09, 0x2B29, 0x336A, 0x3329, 0x08C2, 0x0000, 0x0000, 0x0000, 0x0000, 0x0000, 0x0000, 0x0000,
    0x08C3, 0x1124, 0x1124, 0x1103, 0x0903, 0x0903, 0x08E3, 0x1103, 0x1103, 0x1103, 0x0903, 0x0923,
    0x0923, 0x0943, 0x0963, 0x09C4, 0x1225, 0x1AA6, 0x22E6, 0x2326, 0x2346, 0x2346, 0x2386, 0x23A7,
    0x2BC7, 0x2C07, 0x2C07, 0x2C07, 0x2C07, 0x2C06, 0x2406, 0x2C06, 0x3446, 0x3CA7, 0x4D08, 0x5569,
    0x5D8A, 0x5DAA, 0x5DAA, 0x5DCA, 0x5D8A, 0x4D49, 0x3CC8, 0x2C66, 0x2426, 0x2426, 0x2447, 0x2C67,
    0x2C87, 0x2CC7, 0x34C7, 0x34E7, 0x3D07, 0x4547, 0x4D88, 0x55A9, 0x5DCA, 0x5DEA, 0x55A9, 0x4568,
    0x4568, 0x4568, 0x4548, 0x4548, 0x3D27, 0x3507, 0x34E6, 0x34C6, 0x3CC7, 0x3447, 0x2BA6, 0x2305,
    0x1A64, 0x11A3, 0x1123, 0x08E2, 0x10C2, 0x08C2, 0x08C2, 0x08C2, 0x08C2, 0x08A2, 0x08A2, 0x08A2,
    0x0882, 0x0882, 0x0882, 0x0882, 0x08A2, 0x08A2, 0x08A2, 0x0882, 0x0882, 0x08A2, 0x08A2, 0x08A2,
    0x08A2, 0x08A2, 0x08A2, 0x08A2, 0x08A2, 0x08A2, 0x08C2, 0x10C2, 0x10C2, 0x10C2, 0x10E2, 0x10E3,
    0x10E3, 0x1103, 0x1103, 0x1103, 0x1123, 0x1143, 0x1183, 0x11E3, 0x1AA4, 0x2364, 0x3466, 0x4547,
    0x55C8, 0x5E08, 0x6648, 0x6669, 0x6669, 0x6648, 0x6E69, 0x76AA, 0x76AA, 0x76AA, 0x768A, 0x7669,
    0x6E69, 0x6E69, 0x6649, 0x6649, 0x5E29, 0x5DE8, 0x55A8, 0x4587, 0x4567, 0x4D87, 0x55A8, 0x5E09,
    0x664A, 0x6E4B, 0x662A, 0x6609, 0x5DC9, 0x55A8, 0x4D67, 0x3D27, 0x34E6, 0x2CA5, 0x2CA5, 0x3CE6,
    0x4527, 0x5569, 0x5DAA, 0x65EA, 0x660A, 0x662A, 0x662A, 0x660A, 0x660A, 0x65EA, 0x5DCA, 0x5DCA,
    0x5DAA, 0x556A, 0x554A, 0x4D2A, 0x4CCA, 0x448A, 0x3C0A, 0x2B48, 0x22E8, 0x2287, 0x2267, 0x2247,
    0x1A47, 0x1A67, 0x1A88, 0x1A88, 0x1AA8, 0x22A8, 0x22C8, 0x22E8, 0x2B09, 0x2B49, 0x336A, 0x2AA8,
    0x0061, 0x0000, 0x0000, 0x0000, 0x0000, 0x0000, 0x0000, 0x0000, 0x0882, 0x1124, 0x1124, 0x1103,
    0x0903, 0x0903, 0x08E3, 0x1103, 0x1103, 0x1103, 0x0903, 0x0923, 0x0943, 0x0963, 0x09A4, 0x1A45,
    0x22A6, 0x22E7, 0x2326, 0x2326, 0x2B67, 0x2B87, 0x2BC7, 0x33E8, 0x3408, 0x3407, 0x2C07, 0x2BE6,
    0x23C6, 0x23E5, 0x2C06, 0x3466, 0x4508, 0x5569, 0x5DA9, 0x5DC9, 0x5DA9, 0x5DC9, 0x5DCA, 0x5DCA,
    0x4D49, 0x3CA7, 0x2C46, 0x2426, 0x2426, 0x2427, 0x2C67, 0x2C87, 0x2CA6, 0x34E7, 0x4527, 0x4D88,
    0x55C9, 0x5E09, 0x6609, 0x6609, 0x5DC9, 0x55A8, 0x4567, 0x3D47, 0x3D67, 0x4588, 0x4567, 0x4567,
    0x4547, 0x4567, 0x4567, 0x4568, 0x4528, 0x3CA7, 0x33E6, 0x2B66, 0x22E5, 0x1A24, 0x1183, 0x0902,
    0x08E2, 0x08E2, 0x08C2, 0x08C2, 0x10C2, 0x08C2, 0x08A2, 0x08A2, 0x08A2, 0x08A2, 0x08A2, 0x08A2,
    0x08A2, 0x08A2, 0x08A2, 0x08A2, 0x08A2, 0x08A2, 0x08A2, 0x08A2, 0x08A2, 0x08A2, 0x08A2, 0x08A2,
    0x08C2, 0x08C2, 0x08C2, 0x10C2, 0x10C2, 0x10C2, 0x10E2, 0x10E3, 0x1103, 0x1103, 0x1103, 0x1103,
    0x1123, 0x1143, 0x11A3, 0x1223, 0x1B04, 0x2BC5, 0x3CC6, 0x4D88, 0x5E08, 0x6648, 0x6E69, 0x6E89,
    0x6E89, 0x6E69, 0x6E68, 0x6E68, 0x6E89, 0x76AA, 0x76AA, 0x768A, 0x76AA, 0x7EAA, 0x76AA, 0x7EAA,
    0x7EAA, 0x766A, 0x6E4A, 0x6629, 0x55C8, 0x4D87, 0x4566, 0x4D87, 0x55C8, 0x662A, 0x6E4A, 0x6E4A,
    0x6E2A, 0x6629, 0x5DE9, 0x55C9, 0x4D47, 0x3CE6, 0x2C85, 0x2C65, 0x2C65, 0x3CA6, 0x44E7, 0x4D28,
    0x4D68, 0x5588, 0x55A9, 0x5DC9, 0x5DCA, 0x55AA, 0x55AA, 0x5DAA, 0x558A, 0x554A, 0x4D2A, 0x4CEA,
    0x3C69, 0x3409, 0x2B88, 0x2308, 0x1AC7, 0x1A87, 0x2267, 0x2247, 0x1A47, 0x1A47, 0x1A67, 0x1A88,
    0x1AA8, 0x1AA8, 0x22C8, 0x22E8, 0x2B09, 0x3349, 0x336A, 0x19C5, 0x0020, 0x0000, 0x0000, 0x0000,
    0x0000, 0x0000, 0x0000, 0x0000, 0x0041, 0x1124, 0x1124, 0x1123, 0x0903, 0x1103, 0x1103, 0x1103,
    0x1103, 0x1103, 0x1123, 0x0923, 0x0963, 0x09C4, 0x1A45, 0x22A6, 0x22E7, 0x2B27, 0x2B67, 0x2B67,
    0x2B87, 0x2BA7, 0x2BA7, 0x2BA7, 0x2BA6, 0x23A6, 0x2385, 0x23A5, 0x23E5, 0x3446, 0x3CE8, 0x4D49,
    0x5589, 0x55A9, 0x55A8, 0x5DC9, 0x5DE9, 0x5DE9, 0x55A9, 0x4528, 0x3487, 0x2426, 0x2406, 0x2426,
    0x2426, 0x2446, 0x2C86, 0x34C7, 0x4547, 0x4DA8, 0x5DE9, 0x5E09, 0x5E09, 0x5DE8, 0x55C7, 0x55A7,
    0x4DA7, 0x4587, 0x4587, 0x45A7, 0x4DA7, 0x55C8, 0x5E08, 0x5E08, 0x5E08, 0x5E29, 0x5609, 0x4DE8,
    0x4547, 0x3CC7, 0x3447, 0x33C7, 0x2B86, 0x22C5, 0x1A04, 0x1163, 0x0902, 0x10E3, 0x10E3, 0x10C3,
    0x10C2, 0x10C2, 0x10A2, 0x10A2, 0x08A2, 0x08A2, 0x08A2, 0x08A2, 0x08A2, 0x08A2, 0x08A2, 0x08A2,
    0x08A2, 0x08A2, 0x08A2, 0x08A2, 0x08A2, 0x08A2, 0x08A2, 0x08A2, 0x08C2, 0x08C2, 0x10C2, 0x10C2,
    0x10C2, 0x10E2, 0x10E2, 0x10E3, 0x1103, 0x1103, 0x1103, 0x1123, 0x1143, 0x1183, 0x1203, 0x1AC4,
    0x2BA5, 0x3466, 0x4547, 0x55C8, 0x5E28, 0x6E68, 0x6E89, 0x76A9, 0x76C9, 0x7EC9, 0x76A9, 0x76A9,
    0x7669, 0x6E69, 0x6E69, 0x6E69, 0x6E69, 0x7689, 0x7689, 0x7EAA, 0x7EAA, 0x86AB, 0x86CB, 0x7EAB,
    0x768A, 0x6E49, 0x5DE8, 0x55A7, 0x4D87, 0x4DA7, 0x5DE8, 0x6629, 0x6E4A, 0x6E6A, 0x766B, 0x766B,
    0x6E4B, 0x65EA, 0x5568, 0x3CC6, 0x3485, 0x2C45, 0x2C65, 0x2C65, 0x3485, 0x34A6, 0x3CC6, 0x3CC6,
    0x3CC6, 0x3486, 0x3486, 0x3CA7, 0x3C87, 0x3C67, 0x3447, 0x3428, 0x2BC8, 0x2B67, 0x2307, 0x1AA7,
    0x1A87, 0x1A67, 0x1A67, 0x2267, 0x2267, 0x1A67, 0x1A88, 0x1AA8, 0x22A8, 0x22A8, 0x22C8, 0x2AE9,
    0x2B29, 0x3349, 0x334A, 0x1103, 0x0000, 0x0000, 0x0000, 0x0000, 0x0000, 0x0000, 0x0000, 0x0000,
    0x0020, 0x1103, 0x1144, 0x1124, 0x1124, 0x1124, 0x1103, 0x1103, 0x1103, 0x1103, 0x0923, 0x0943,
    0x0983, 0x1204, 0x1A85, 0x22E7, 0x2327, 0x2B47, 0x2B67, 0x2B87, 0x2B87, 0x2346, 0x2345, 0x1B25,
    0x1B24, 0x1B44, 0x23A5, 0x3426, 0x3CA8, 0x4528, 0x4D69, 0x4D89, 0x55C9, 0x5DC9, 0x5DE9, 0x5E09,
    0x5DE9, 0x4D88, 0x3CE7, 0x2C66, 0x2425, 0x1C05, 0x2426, 0x2426, 0x2C66, 0x3486, 0x3D07, 0x4D88,
    0x5E09, 0x6629, 0x6629, 0x5DE8, 0x55A7, 0x4DA7, 0x55C7, 0x55C7, 0x4DC7, 0x4DC7, 0x4DC7, 0x55E7,
    0x5E08, 0x6648, 0x7689, 0x7689, 0x6E69, 0x6669, 0x5608, 0x45A7, 0x3D47, 0x34E7, 0x3487, 0x3427,
    0x33E7, 0x2B66, 0x22A5, 0x11C3, 0x1143, 0x1103, 0x10E3, 0x10E3, 0x10C2, 0x10C2, 0x08C2, 0x08C2,
    0x08C2, 0x08A2, 0x08A2, 0x08A2, 0x08A2, 0x08A2, 0x08C2, 0x08C2, 0x08C2, 0x08C2, 0x08C2, 0x08C2,
    0x08C2, 0x08C2, 0x08C2, 0x08A2, 0x08C2, 0x08C2, 0x10C3, 0x10E3, 0x10E2, 0x10E2, 0x10E2, 0x10E3,
    0x1103, 0x1103, 0x1123, 0x1143, 0x1163, 0x11A2, 0x1A83, 0x2BA5, 0x3466, 0x4527, 0x55C8, 0x5E08,
    0x6648, 0x6E88, 0x76A9, 0x7EC9, 0x7EE9, 0x86EA, 0x86EA, 0x86EA, 0x86CA, 0x7EAA, 0x7669, 0x6E48,
    0x6E48, 0x6648, 0x6628, 0x6E48, 0x7669, 0x7E8A, 0x86CB, 0x86EB, 0x86CB, 0x7EAB, 0x7E8A, 0x6E4A,
    0x6609, 0x55A7, 0x4DA7, 0x55C8, 0x5E09, 0x6E4A, 0x768B, 0x7EAB, 0x7EAB, 0x7EAC, 0x766C, 0x65EA,
    0x4D68, 0x34C6, 0x2C85, 0x2C44, 0x2C45, 0x2C44, 0x2C24, 0x2C25, 0x2C05, 0x23E4, 0x23E5, 0x23C5,
    0x23A5, 0x2385, 0x2365, 0x2346, 0x2306, 0x1AC6, 0x1AA6, 0x1A86, 0x1A67, 0x1A67, 0x1A67, 0x1A67,
    0x2288, 0x1A87, 0x1A88, 0x22A8, 0x22A8, 0x22A8, 0x2AC8, 0x2AE9, 0x2B29, 0x336A, 0x2AE8, 0x0881,
    0x0000, 0x0000, 0x0000, 0x0000, 0x0000, 0x0000, 0x0000, 0x0000, 0x0000, 0x08C2, 0x1164, 0x1144,
    0x1124, 0x1124, 0x1123, 0x1103, 0x1103, 0x1103, 0x1123, 0x0943, 0x11A4, 0x1A25, 0x1A86, 0x22C6,
    0x22E6, 0x2307, 0x2326, 0x2306, 0x1B05, 0x1AE5, 0x1AE4, 0x1B24, 0x2365, 0x3407, 0x3C88, 0x4508,
    0x4D49, 0x4D89, 0x4DA9, 0x55C9, 0x55E9, 0x5DE9, 0x5E0A, 0x5DE9, 0x4D68, 0x34A6, 0x2445, 0x1C25,
    0x2425, 0x2466, 0x2CA6, 0x3CE7, 0x4547, 0x4D88, 0x5DC9, 0x6609, 0x6609, 0x5DE8, 0x5DC8, 0x5DC8,
    0x5DC8, 0x5DE8, 0x5E08, 0x5E08, 0x5E08, 0x5E07, 0x5E27, 0x6648, 0x7689, 0x7689, 0x6E69, 0x6648,
    0x6648, 0x5E28, 0x55E8, 0x45A7, 0x4567, 0x4547, 0x44E7, 0x3447, 0x3427, 0x33E7, 0x2B46, 0x1A44,
    0x11A3, 0x1163, 0x1123, 0x10E3, 0x10E2, 0x10C2, 0x08C2, 0x08C2, 0x08C2, 0x08C2, 0x08A2, 0x08A2,
    0x08A2, 0x08C2, 0x08C2, 0x08C2, 0x08C2, 0x08C2, 0x08C2, 0x08C2, 0x08C2, 0x08C2, 0x08C2, 0x08C2,
    0x08C2, 0x10E3, 0x10E3, 0x10E3, 0x10E3, 0x10E3, 0x1103, 0x1103, 0x1103, 0x1123, 0x1143, 0x1163,
    0x11A3, 0x1202, 0x2304, 0x3446, 0x3CE7, 0x4D88, 0x5E29, 0x6648, 0x6648, 0x6E88, 0x76C9, 0x7EC9,
    0x86E9, 0x870A, 0x8F2A, 0x8F0B, 0x8F0B, 0x8EEB, 0x86CA, 0x7EC9, 0x76A9, 0x6E68, 0x6E28, 0x6607,
    0x6608, 0x6E28, 0x768A, 0x7EAB, 0x86CB, 0x8EEB, 0x8ECB, 0x86AB, 0x7EAB, 0x6E6A, 0x6609, 0x55E8,
    0x55C7, 0x5E08, 0x6649, 0x768A, 0x7EAB, 0x7ECB, 0x7ECB, 0x7EAC, 0x6E6B, 0x5DC9, 0x4527, 0x34A5,
    0x2C45, 0x2424, 0x2404, 0x2404, 0x23E4, 0x23E5, 0x23C5, 0x23A5, 0x2385, 0x1B45, 0x1B05, 0x1AE5,
    0x1AA6, 0x1A86, 0x1A86, 0x1A66, 0x1A66, 0x1A67, 0x1A46, 0x1A47, 0x1A87, 0x1A87, 0x1A87, 0x22A8,
    0x22A8, 0x22A8, 0x2AC8, 0x2B09, 0x334A, 0x338A, 0x2246, 0x0040, 0x0000, 0x0000, 0x0000, 0x0000,
    0x0000, 0x0000, 0x0000, 0x0000, 0x0000, 0x0881, 0x1144, 0x1164, 0x1144, 0x1124, 0x1123, 0x1123,
    0x1103, 0x1103, 0x1123, 0x1143, 0x11A4, 0x1205, 0x1225, 0x1245, 0x1A65, 0x1A85, 0x1285, 0x1284,
    0x1284, 0x12C4, 0x2345, 0x33E7, 0x3C68, 0x44C9, 0x4D09, 0x4D49, 0x4D89, 0x4DA9, 0x55C9, 0x55E9,
    0x55EA, 0x5DEA, 0x55C9, 0x4528, 0x3486, 0x2424, 0x2425, 0x2445, 0x2CA6, 0x3D07, 0x4D88, 0x55A9,
    0x5E09, 0x662A, 0x6609, 0x5DE9, 0x5DC8, 0x5DC8, 0x5DE8, 0x65E9, 0x6609, 0x6629, 0x6E49, 0x6E69,
    0x6E48, 0x6E48, 0x6E68, 0x7689, 0x7689, 0x6E68, 0x6648, 0x6669, 0x6669, 0x5E49, 0x5E08, 0x55E7,
    0x5E08, 0x6609, 0x4D48, 0x3C86, 0x3467, 0x3C67, 0x33E7, 0x2326, 0x1A44, 0x11C4, 0x1163, 0x1123,
    0x1103, 0x10E2, 0x08E2, 0x08E3, 0x08E3, 0x08E2, 0x08C2, 0x08C2, 0x08C2, 0x08C2, 0x08C2, 0x08C2,
    0x08C2, 0x08C2, 0x08C2, 0x08C2, 0x08C2, 0x08C2, 0x08C2, 0x08C3, 0x10E3, 0x10E3, 0x10E3, 0x10E3,
    0x10E3, 0x1103, 0x1103, 0x1103, 0x1123, 0x1123, 0x1163, 0x1183, 0x19E3, 0x1A83, 0x2BA5, 0x3CA6,
    0x4526, 0x4DA7, 0x6649, 0x6E69, 0x6E68, 0x7688, 0x7EC9, 0x7EC9, 0x7EC9, 0x86E9, 0x8F0A, 0x972B,
    0x972B, 0x970B, 0x8EEA, 0x8EEA, 0x8EEA, 0x86CA, 0x7EA9, 0x7689, 0x6E49, 0x6628, 0x6628, 0x6E49,
    0x7E8A, 0x86CB, 0x8ECB, 0x8ECB, 0x8ECB, 0x86AB, 0x768A, 0x6E49, 0x5E08, 0x5DE7, 0x5E08, 0x6648,
    0x6E89, 0x76AA, 0x7ECB, 0x7ECB, 0x7EAB, 0x6E6B, 0x5DE9, 0x4D68, 0x3CE7, 0x2C66, 0x2405, 0x23E5,
    0x23E5, 0x23E5, 0x23E6, 0x2BC6, 0x2BA6, 0x2366, 0x2326, 0x1B06, 0x1AC6, 0x1AA6, 0x1A87, 0x1A67,
    0x1A66, 0x1A46, 0x1A46, 0x1A46, 0x1A67, 0x1A87, 0x1AA7, 0x22C8, 0x22C8, 0x22C8, 0x2AE9, 0x2B29,
    0x336A, 0x336A, 0x1984, 0x0000, 0x0000, 0x0000, 0x0000, 0x0000, 0x0000, 0x0000, 0x0000, 0x0000,
    0x0000, 0x0041, 0x1124, 0x1964, 0x1144, 0x1124, 0x1123, 0x1123, 0x1123, 0x1103, 0x1123, 0x1143,
    0x1184, 0x11A4, 0x11C4, 0x11E4, 0x11E4, 0x1204, 0x0A04, 0x1244, 0x12A4, 0x2346, 0x3427, 0x44C9,
    0x44E9, 0x4D29, 0x4D49, 0x4D69, 0x4D89, 0x4DA9, 0x55C9, 0x55E9, 0x55EA, 0x55A9, 0x4507, 0x2C66,
    0x2405, 0x2C45, 0x34A6, 0x3D07, 0x4548, 0x55A8, 0x5E09, 0x662A, 0x660A, 0x5DE9, 0x4D67, 0x4546,
    0x4D67, 0x55C8, 0x6629, 0x6E6A, 0x766A, 0x766A, 0x6E49, 0x6E49, 0x7669, 0x768A, 0x76AA, 0x7669,
    0x6E48, 0x6E48, 0x6E49, 0x6E69, 0x6669, 0x6648, 0x6628, 0x6E69, 0x7ECA, 0x768A, 0x5588, 0x3CA6,
    0x3CA7, 0x3CA8, 0x3C68, 0x33C7, 0x22E5, 0x1A24, 0x11A4, 0x1163, 0x1123, 0x1103, 0x1103, 0x1103,
    0x0903, 0x08E2, 0x08E2, 0x10C2, 0x10C2, 0x10C2, 0x10C2, 0x08C2, 0x08C2, 0x08C2, 0x08C2, 0x08C2,
    0x08C2, 0x08C2, 0x10E3, 0x10E3, 0x10E3, 0x10E3, 0x10E3, 0x10E3, 0x1103, 0x1103, 0x1103, 0x1123,
    0x1143, 0x1163, 0x1983, 0x19E3, 0x1A63, 0x2B45, 0x3C46, 0x3CE6, 0x4566, 0x55E7, 0x6649, 0x7EAA,
    0x7E89, 0x7E88, 0x7EC9, 0x86C9, 0x86C9, 0x7EA9, 0x7EC9, 0x870A, 0x8F2A, 0x8F0A, 0x8EEA, 0x86CA,
    0x86EA, 0x8EEA, 0x970B, 0x8F0B, 0x86EA, 0x7EAA, 0x6E49, 0x6608, 0x6E28, 0x766A, 0x7ECB, 0x8EEC,
    0x8ECC, 0x8ECC, 0x86AC, 0x7EAB, 0x768A, 0x6E69, 0x6E48, 0x6648, 0x6E69, 0x6E89, 0x76AA, 0x7ECB,
    0x7ECB, 0x7EAB, 0x768B, 0x766B, 0x65EA, 0x4528, 0x3466, 0x2C26, 0x2406, 0x23E6, 0x2BE6, 0x2BC7,
    0x2BA7, 0x2B87, 0x2347, 0x2327, 0x1AC6, 0x1A86, 0x2287, 0x1A67, 0x1A47, 0x1A46, 0x1A46, 0x1A46,
    0x1A67, 0x2287, 0x22A7, 0x22A8, 0x22C8, 0x22C8, 0x2B09, 0x2B49, 0x338A, 0x3329, 0x10E2, 0x0000,
    0x0000, 0x0000, 0x0000, 0x0000, 0x0000, 0x0000, 0x0000, 0x0000, 0x0000, 0x0000, 0x08E2, 0x1964,
    0x1144, 0x1124, 0x1124, 0x1123, 0x1123, 0x1123, 0x1123, 0x1123, 0x1144, 0x1164, 0x0984, 0x0984,
    0x09A3, 0x09C3, 0x0A03, 0x1A84, 0x33A7, 0x4469, 0x44C9, 0x4D09, 0x4D29, 0x4D69, 0x4D89, 0x4DA9,
    0x4DA9, 0x4DC9, 0x55C9, 0x4DA9, 0x4528, 0x34C6, 0x2C45, 0x2C45, 0x3486, 0x3CE7, 0x4548, 0x4D88,
    0x55A8, 0x5DC9, 0x5DE9, 0x55A8, 0x4527, 0x3D06, 0x4526, 0x4D88, 0x5DE9, 0x6629, 0x6649, 0x6628,
    0x6608, 0x6628, 0x6E49, 0x7669, 0x768A, 0x766A, 0x6E69, 0x6E48, 0x6E48, 0x6E69, 0x6E68, 0x6E69,
    0x7689, 0x7689, 0x86AA, 0x8EEA, 0x86EA, 0x7E8A, 0x5DC8, 0x4D48, 0x4D68, 0x4D28, 0x44E8, 0x3C88,
    0x33E7, 0x22E6, 0x1A04, 0x19A4, 0x1163, 0x1143, 0x1123, 0x1123, 0x1103, 0x1102, 0x1102, 0x10E2,
    0x10E2, 0x10E2, 0x10E3, 0x10E3, 0x10E3, 0x10E3, 0x10E3, 0x10E3, 0x10E3, 0x10E3, 0x10E3, 0x10E3,
    0x10E3, 0x10E3, 0x1103, 0x1103, 0x1103, 0x1123, 0x1123, 0x1143, 0x1963, 0x1983, 0x19C3, 0x1A43,
    0x2B45, 0x3C26, 0x44E7, 0x4546, 0x55E7, 0x6648, 0x6E68, 0x86C9, 0x86EA, 0x86CA, 0x86C9, 0x86C9,
    0x8EEA, 0x8EEA, 0x7EA8, 0x7EA8, 0x7EA9, 0x86E9, 0x86EA, 0x86C9, 0x7E88, 0x7E88, 0x86A9, 0x8ECA,
    0x8EEA, 0x8EEA, 0x86CA, 0x7E69, 0x6E28, 0x6608, 0x6E49, 0x7EAB, 0x8ECC, 0x96EC, 0x96EC, 0x96EC,
    0x8EEB, 0x86EB, 0x7ECA, 0x76AA, 0x7689, 0x7689, 0x76A9, 0x7ECA, 0x7ECB, 0x86CB, 0x7EAB, 0x7EAB,
    0x768C, 0x6E4C, 0x5DAA, 0x44E8, 0x3446, 0x23E6, 0x23A6, 0x23A6, 0x2386, 0x2346, 0x2326, 0x2307,
    0x22C7, 0x22A7, 0x2287, 0x2287, 0x2247, 0x2246, 0x1A26, 0x1A46, 0x2266, 0x2287, 0x22A7, 0x22A8,
    0x22C8, 0x2AE8, 0x2B09, 0x334A, 0x338A, 0x2247, 0x0061, 0x0000, 0x0000, 0x0000, 0x0000, 0x0000,
    0x0000, 0x0000, 0x0000, 0x0000, 0x0000, 0x0000, 0x0881, 0x1144, 0x1944, 0x1144, 0x1124, 0x1124,
    0x1123, 0x1123, 0x1123, 0x1123, 0x0924, 0x0944, 0x0963, 0x0983, 0x0983, 0x09C3, 0x1A64, 0x2B46,
    0x4469, 0x4CC9, 0x4D09, 0x4D29, 0x4D49, 0x4D69, 0x5589, 0x55A9, 0x55C9, 0x4DC9, 0x4D88, 0x4527,
    0x34A6, 0x2445, 0x2445, 0x2C86, 0x3CE7, 0x4568, 0x4DA9, 0x55E9, 0x55C9, 0x5588, 0x4527, 0x3D06,
    0x4507, 0x4D68, 0x55A9, 0x55C9, 0x5DE8, 0x5DE8, 0x5DE7, 0x6608, 0x6628, 0x6E49, 0x768A, 0x6E69,
    0x6E49, 0x6E49, 0x6E49, 0x6E49, 0x7689, 0x7689, 0x7688, 0x7689, 0x7EC9, 0x86CA, 0x8EEB, 0x96EB,
    0x86AA, 0x7669, 0x6608, 0x5DC8, 0x5DE9, 0x5589, 0x4D28, 0x44E8, 0x4488, 0x33C7, 0x22A5, 0x1A04,
    0x19A4, 0x1963, 0x1943, 0x1123, 0x1123, 0x1123, 0x1123, 0x1103, 0x1103, 0x1103, 0x10E3, 0x10E3,
    0x10E3, 0x10E3, 0x10E3, 0x10E3, 0x10E3, 0x10E3, 0x10E3, 0x10E3, 0x10E3, 0x1103, 0x1103, 0x1103,
    0x1103, 0x1123, 0x1143, 0x1963, 0x19A3, 0x19C3, 0x1A23, 0x22E4, 0x3C06, 0x44C7, 0x4D47, 0x55C7,
    0x6648, 0x76A8, 0x76A8, 0x86C9, 0x8EEA, 0x970A, 0x8EEA, 0x8EC9, 0x96EA, 0x972A, 0x972A, 0x86C9,
    0x7E88, 0x7EA8, 0x86E9, 0x86E9, 0x7EA9, 0x7668, 0x7669, 0x7E89, 0x8EAA, 0x8ECA, 0x96CA, 0x8ECA,
    0x7E89, 0x6E28, 0x6608, 0x6E49, 0x7EAA, 0x8EEC, 0x96EC, 0x96EC, 0x96EB, 0x96EB, 0x8EEB, 0x86EB,
    0x86EA, 0x7ECA, 0x7ECA, 0x7EAA, 0x7EAA, 0x7ECB, 0x7ECB, 0x7EAB, 0x7E8C, 0x768C, 0x764C, 0x65CB,
    0x44E8, 0x2C26, 0x23C6, 0x23A6, 0x2386, 0x2346, 0x2306, 0x22E6, 0x22A7, 0x22A7, 0x22A7, 0x2267,
    0x2247, 0x2247, 0x2226, 0x2246, 0x2267, 0x2287, 0x22A7, 0x22A8, 0x2AC8, 0x2AE9, 0x2B29, 0x336A,
    0x338A, 0x1164, 0x0020, 0x0000, 0x0000, 0x0000, 0x0000, 0x0000, 0x0000, 0x0000, 0x0000, 0x0000,
    0x0000, 0x0000, 0x0020, 0x1124, 0x1965, 0x1144, 0x1144, 0x1144, 0x1144, 0x1124, 0x1124, 0x1124,
    0x1124, 0x1144, 0x0944, 0x1164, 0x09A3, 0x1203, 0x2B05, 0x3BE7, 0x44A9, 0x4CE9, 0x4D29, 0x4D49,
    0x4D69, 0x5589, 0x5589, 0x55A9, 0x5589, 0x4548, 0x3CC7, 0x2C66, 0x2425, 0x2425, 0x2C85, 0x3D07,
    0x4D88, 0x55E9, 0x55E9, 0x55A8, 0x4547, 0x3D06, 0x3D06, 0x4D68, 0x5DC9, 0x5DE9, 0x55C8, 0x5587,
    0x5DC8, 0x6608, 0x6E49, 0x7669, 0x7669, 0x768A, 0x6E49, 0x6628, 0x6E28, 0x7669, 0x7E8A, 0x7E8A,
    0x7E89, 0x7668, 0x7688, 0x7EA9, 0x86C9, 0x8EEA, 0x96EA, 0x8EEA, 0x7E89, 0x7648, 0x6E28, 0x6629,
    0x6E29, 0x65E9, 0x5588, 0x4528, 0x44C8, 0x4488, 0x3BC7, 0x2AE5, 0x1A24, 0x19C3, 0x1983, 0x1943,
    0x1943, 0x1143, 0x1143, 0x1123, 0x1123, 0x1103, 0x1103, 0x1103, 0x1103, 0x1103, 0x10E3, 0x10E3,
    0x1103, 0x1103, 0x1103, 0x1103, 0x1103, 0x1103, 0x1123, 0x1123, 0x1123, 0x1143, 0x1963, 0x19A3,
    0x19E3, 0x2243, 0x2B04, 0x33E5, 0x44A6, 0x4D27, 0x5DC7, 0x6E48, 0x7EC9, 0x8709, 0x86E9, 0x86C8,
    0x8EE9, 0x972B, 0x9F4B, 0x970A, 0x96C9, 0x9709, 0x9F4A, 0x9F2A, 0x8EE9, 0x86C8, 0x86C8, 0x86E9,
    0x870A, 0x7EA9, 0x7649, 0x7669, 0x86AA, 0x8ECA, 0x96CA, 0x96CA, 0x8ECA, 0x86AA, 0x7669, 0x6E08,
    0x6608, 0x7648, 0x86AA, 0x8ECA, 0x970B, 0x970B, 0x970B, 0x8F0B, 0x8F0B, 0x8EEA, 0x86EA, 0x7ECA,
    0x7EA9, 0x7ECA, 0x86CB, 0x86CB, 0x7EAC, 0x7E8B, 0x766C, 0x762C, 0x65EB, 0x552A, 0x3C67, 0x2BC6,
    0x2386, 0x2366, 0x2327, 0x2307, 0x22C7, 0x22A7, 0x22A7, 0x2267, 0x2247, 0x2247, 0x2247, 0x1A47,
    0x1A67, 0x2287, 0x22A7, 0x22C8, 0x2AE8, 0x2B09, 0x3349, 0x338A, 0x3329, 0x0881, 0x0000, 0x0000,
    0x0000, 0x0000, 0x0000, 0x0000, 0x0000, 0x0000, 0x0000, 0x0000, 0x0000, 0x0000, 0x0000, 0x08E3,
    0x1965, 0x1165, 0x1165, 0x1144, 0x1144, 0x1124, 0x1123, 0x1124, 0x1124, 0x1144, 0x0944, 0x0963,
    0x11A3, 0x1A64, 0x3386, 0x4448, 0x4CC8, 0x4CE9, 0x4D09, 0x4D49, 0x5569, 0x558A, 0x5569, 0x4D49,
    0x44E8, 0x3486, 0x2C26, 0x2C25, 0x2445, 0x2C65, 0x34E6, 0x4D88, 0x55C8, 0x55C8, 0x4D88, 0x4547,
    0x4527, 0x4D47, 0x55A9, 0x5DE9, 0x5DE9, 0x5DC8, 0x6608, 0x6629, 0x6E49, 0x7669, 0x7689, 0x768A,
    0x7669, 0x6E49, 0x6E28, 0x6E49, 0x7EAA, 0x86CA, 0x8ECA, 0x868A, 0x7E69, 0x7E89, 0x86A9, 0x86C9,
    0x8EEA, 0x970A, 0x8EEA, 0x86C9, 0x7648, 0x6E48, 0x7668, 0x7669, 0x7669, 0x766A, 0x6609, 0x5D88,
    0x5548, 0x5528, 0x4CE8, 0x4468, 0x3366, 0x2284, 0x19E3, 0x1983, 0x1963, 0x1963, 0x1943, 0x1123,
    0x1123, 0x1123, 0x1103, 0x1103, 0x1103, 0x1103, 0x1103, 0x1103, 0x1103, 0x1103, 0x1103, 0x1103,
    0x1123, 0x1123, 0x1123, 0x1143, 0x1143, 0x1183, 0x19A3, 0x19E3, 0x2244, 0x2B25, 0x3BE6, 0x3C86,
    0x4D26, 0x5DA7, 0x6E28, 0x7EA9, 0x8F09, 0x972A, 0x9729, 0x8EE8, 0x8EC9, 0x970A, 0xA74B, 0xA74B,
    0x9709, 0x96E9, 0x9F2A, 0xA74B, 0xA74A, 0x9F2A, 0x8F09, 0x8EE9, 0x8F09, 0x970A, 0x8EAA, 0x7E49,
    0x7628, 0x7E69, 0x8ECA, 0x96EB, 0x9EEB, 0x96EB, 0x8ECA, 0x7E69, 0x7648, 0x6E27, 0x6E27, 0x7668,
    0x7EA9, 0x86CA, 0x86EA, 0x8F0A, 0x8EEA, 0x8EEA, 0x86CA, 0x86A9, 0x7EA9, 0x7E89, 0x7E8A, 0x7E6A,
    0x766B, 0x766B, 0x7E8C, 0x766C, 0x764C, 0x6E0C, 0x5D6A, 0x3C88, 0x2BE7, 0x2386, 0x2347, 0x2307,
    0x22C7, 0x22A7, 0x22A7, 0x2287, 0x2267, 0x1A47, 0x1A67, 0x1A67, 0x1A87, 0x22A7, 0x22C8, 0x2AE8,
    0x2B09, 0x2B29, 0x334A, 0x338A, 0x2247, 0x0020, 0x0000, 0x0000, 0x0000, 0x0000, 0x0000, 0x0000,
    0x0000, 0x0000, 0x0000, 0x0000, 0x0000, 0x0000, 0x0000, 0x0881, 0x1165, 0x1985, 0x1165, 0x1164,
    0x1144, 0x1124, 0x1124, 0x1124, 0x1144, 0x1144, 0x1144, 0x1163, 0x11E4, 0x2B06, 0x4408, 0x4468,
    0x4CC8, 0x4CE8, 0x4D09, 0x4D29, 0x4D49, 0x4D29, 0x44C8, 0x3C67, 0x2C06, 0x2BE5, 0x2BE6, 0x2C26,
    0x2C45, 0x34A6, 0x4527, 0x4D88, 0x4D87, 0x4547, 0x4526, 0x4D47, 0x55A8, 0x65E9, 0x6609, 0x65E8,
    0x6E28, 0x7649, 0x7689, 0x7689, 0x7689, 0x7E89, 0x7689, 0x7669, 0x6E49, 0x6E28, 0x7669, 0x86CA,
    0x8EEB, 0x8ECA, 0x8689, 0x7E49, 0x8669, 0x8EEB, 0x970A, 0x8EE9, 0x970A, 0x970A, 0x8EC9, 0x7EA8,
    0x6E67, 0x7688, 0x7EA9, 0x7EA9, 0x86A9, 0x7EAA, 0x7649, 0x6E08, 0x6E09, 0x65C8, 0x5568, 0x4D08,
    0x4C88, 0x3BC6, 0x2AE4, 0x1A23, 0x19C3, 0x1983, 0x1963, 0x1943, 0x1123, 0x1123, 0x1123, 0x1123,
    0x1103, 0x1103, 0x1123, 0x1123, 0x1123, 0x1123, 0x1123, 0x1123, 0x1123, 0x1143, 0x1143, 0x1163,
    0x1183, 0x19A3, 0x19E3, 0x2284, 0x2B05, 0x3BE6, 0x4486, 0x4D06, 0x5DA7, 0x6E28, 0x7E88, 0x8EC9,
    0x972A, 0x9F4A, 0x9F4A, 0x9709, 0x8EC9, 0x8EE9, 0x9F2A, 0xA76B, 0x9F4A, 0x9F29, 0x9F09, 0xA74A,
    0xA74B, 0xA74A, 0x9F2A, 0x8EE8, 0x86A8, 0x8EC9, 0x9F0A, 0x96EA, 0x8689, 0x7648, 0x7648, 0x8689,
    0x96CA, 0x9F0B, 0x9F0B, 0x96EB, 0x86A9, 0x7668, 0x6E47, 0x6E47, 0x6E48, 0x6E68, 0x7EA9, 0x86CA,
    0x86EB, 0x8EEB, 0x8EEB, 0x86CA, 0x7E89, 0x7669, 0x6E08, 0x65C8, 0x5DA8, 0x65E9, 0x6E2B, 0x6E2B,
    0x6E4C, 0x6E0C, 0x65AB, 0x552A, 0x44A9, 0x33E8, 0x2B47, 0x22E7, 0x22A7, 0x2287, 0x2287, 0x2287,
    0x2287, 0x1A87, 0x1A87, 0x22A8, 0x22C8, 0x22E8, 0x22E8, 0x2B09, 0x2B29, 0x3349, 0x336A, 0x3349,
    0x1144, 0x0000, 0x0000, 0x0000, 0x0000, 0x0000, 0x0000, 0x0000, 0x0000, 0x0000, 0x0000, 0x0000,
    0x0000, 0x0000, 0x0000, 0x0020, 0x1123, 0x19A5, 0x1185, 0x1165, 0x1144, 0x1144, 0x1144, 0x1144,
    0x1144, 0x1144, 0x1144, 0x1183, 0x1A04, 0x3327, 0x43E8, 0x4448, 0x4CA8, 0x44C9, 0x44C9, 0x44C9,
    0x3C88, 0x3447, 0x2BE6, 0x23C6, 0x23A6, 0x23A6, 0x23E6, 0x2C05, 0x3486, 0x3D07, 0x4567, 0x3D46,
    0x3D26, 0x4546, 0x4D67, 0x5DC8, 0x6609, 0x6E29, 0x7669, 0x7E89, 0x7EA9, 0x7EA9, 0x7EA9, 0x7EA9,
    0x7EA9, 0x7689, 0x6E49, 0x6608, 0x6E28, 0x7E69, 0x86CA, 0x8F0B, 0x86CA, 0x7E89, 0x7E68, 0x868A,
    0x96EB, 0xA74C, 0x9F0B, 0x970A, 0x9F0A, 0x96EA, 0x86E9, 0x7688, 0x7668, 0x7EC9, 0x86E9, 0x8EE9,
    0x86E9, 0x86C9, 0x7689, 0x7669, 0x7E89, 0x6E48, 0x5587, 0x4D46, 0x4D27, 0x4CE7, 0x4446, 0x2B25,
    0x2284, 0x1A03, 0x19C3, 0x1983, 0x1143, 0x1143, 0x1943, 0x1122, 0x1122, 0x1122, 0x1122, 0x1142,
    0x1142, 0x1142, 0x1142, 0x1143, 0x1163, 0x1983, 0x19A3, 0x19C3, 0x19E3, 0x1A23, 0x2284, 0x2B45,
    0x3BE6, 0x4486, 0x4D06, 0x5DA7, 0x7669, 0x86C9, 0x86C8, 0x8EC9, 0x9F2A, 0xA74A, 0xA74A, 0x9F2A,
    0x96E9, 0x8EC9, 0x96E9, 0x9F2A, 0x9F4A, 0x9F4A, 0x9F0A, 0x9F0A, 0xA72A, 0xA76A, 0xA74A, 0x9F09,
    0x8EC8, 0x8688, 0x96E9, 0x9F2A, 0x9F2A, 0x96EA, 0x7E68, 0x6E27, 0x7668, 0x8EAA, 0x96EB, 0x9F2B,
    0x9F2B, 0x970A, 0x8ECA, 0x7E89, 0x7648, 0x6E28, 0x6E28, 0x6E48, 0x7689, 0x7ECA, 0x86EB, 0x86EB,
    0x86CB, 0x766A, 0x6608, 0x4D67, 0x3CE6, 0x3CE6, 0x4507, 0x4D49, 0x558A, 0x5DCB, 0x5DAB, 0x554B,
    0x44A9, 0x2BC7, 0x2327, 0x22E7, 0x22A7, 0x2287, 0x2287, 0x22A7, 0x22A7, 0x22A8, 0x22C8, 0x22C8,
    0x22E8, 0x22E8, 0x2308, 0x2B29, 0x2B49, 0x3369, 0x336A, 0x2A87, 0x0881, 0x0000, 0x0000, 0x0000,
    0x0000, 0x0000, 0x0000, 0x0000, 0x0000, 0x0000, 0x0000, 0x0000, 0x0000, 0x0000, 0x0000, 0x0000,
    0x08A2, 0x1185, 0x1185, 0x1165, 0x1164, 0x1144, 0x1144, 0x1164, 0x1164, 0x1144, 0x1164, 0x1183,
    0x11E4, 0x2AE6, 0x3BA8, 0x3BE8, 0x3C28, 0x3C28, 0x3407, 0x3407, 0x2BC7, 0x23C6, 0x23A6, 0x23A6,
    0x23A6, 0x23C6, 0x2BE6, 0x2C26, 0x3CC7, 0x3D07, 0x3D06, 0x3D26, 0x4566, 0x55C7, 0x6608, 0x7649,
    0x7689, 0x7E89, 0x7EA9, 0x7EA9, 0x7EA9, 0x7EA9, 0x7EA9, 0x7EA9, 0x7689, 0x6E28, 0x65E7, 0x6E08,
    0x7E89, 0x86CA, 0x8EEA, 0x86EA, 0x7E68, 0x7648, 0x86A9, 0x970B, 0xA72C, 0xA72C, 0x9EEA, 0x9F0A,
    0x9F2A, 0x970A, 0x8EE9, 0x7E88, 0x7EA9, 0x86E9, 0x8F0A, 0x8F0A, 0x8EE9, 0x86E9, 0x86C9, 0x86C9,
    0x86C9, 0x7E88, 0x6607, 0x5DC7, 0x5586, 0x5547, 0x4CE7, 0x4467, 0x3BC6, 0x2B05, 0x2284, 0x1A03,
    0x19C3, 0x1983, 0x1963, 0x1962, 0x1162, 0x1162, 0x1162, 0x1182, 0x1182, 0x1182, 0x11A3, 0x19A3,
    0x19C3, 0x19E3, 0x1A23, 0x1A43, 0x2283, 0x2AE4, 0x3385, 0x4446, 0x4CE7, 0x5568, 0x5DC8, 0x6E28,
    0x86CA, 0x8F09, 0x8EE8, 0x8EC8, 0x9F09, 0xA74A, 0xA74A, 0xA74A, 0x9F2A, 0x96E9, 0x8EC9, 0x8EC9,
    0x9709, 0x9F2A, 0x9F0A, 0x9EE9, 0x9EE9, 0x9F09, 0xA729, 0xA72A, 0x9F09, 0x86A8, 0x8688, 0x8EE9,
    0x9F29, 0x9F2A, 0x9709, 0x7E88, 0x6E27, 0x6E28, 0x7E89, 0x8F0A, 0x972B, 0x9F0B, 0x9F0B, 0x96EB,
    0x8EEA, 0x86AA, 0x7E69, 0x6E48, 0x6E28, 0x6E48, 0x6E69, 0x76AA, 0x7EAB, 0x768B, 0x6609, 0x4D47,
    0x2C85, 0x2445, 0x2425, 0x2C25, 0x3446, 0x3CA8, 0x44E9, 0x44C9, 0x3428, 0x2366, 0x2306, 0x22C6,
    0x22A7, 0x22A7, 0x22A7, 0x22A7, 0x22C8, 0x22C8, 0x22E8, 0x22C8, 0x22C8, 0x22E8, 0x22E8, 0x2B29,
    0x3349, 0x336A, 0x3349, 0x19A4, 0x0020, 0x0000, 0x0000, 0x0000, 0x0000, 0x0000, 0x0000, 0x0000,
    0x0000, 0x0000, 0x0000, 0x0000, 0x0000, 0x0000, 0x0000, 0x0000, 0x0040, 0x1144, 0x19A5, 0x1985,
    0x1985, 0x1985, 0x1164, 0x1164, 0x1164, 0x1164, 0x1164, 0x0984, 0x09A4, 0x1224, 0x1A85, 0x1AC5,
    0x1B05, 0x2326, 0x2326, 0x1B46, 0x2366, 0x2386, 0x2386, 0x23A6, 0x23E6, 0x2C06, 0x3446, 0x34A7,
    0x34C6, 0x3D06, 0x4546, 0x55C7, 0x6628, 0x7689, 0x7EA9, 0x7EA9, 0x7EC9, 0x86C9, 0x86C9, 0x86C9,
    0x86C9, 0x7EA9, 0x7EA9, 0x7668, 0x6607, 0x5DC7, 0x6E08, 0x7E69, 0x8ECA, 0x8EEB, 0x86AA, 0x7668,
    0x7648, 0x7EA9, 0x970A, 0xA72B, 0xAF4B, 0xA72B, 0x9ECA, 0x9F2B, 0x9F2A, 0x96E9, 0x7E88, 0x7E68,
    0x8EC9, 0x970A, 0x972A, 0x8F09, 0x8EE9, 0x8EE9, 0x8F09, 0x972A, 0x8F09, 0x86C9, 0x7688, 0x6E67,
    0x6627, 0x5DE7, 0x5587, 0x5547, 0x4D07, 0x4CC7, 0x4447, 0x3385, 0x22E4, 0x2264, 0x1A23, 0x1A03,
    0x19E3, 0x1A02, 0x1A02, 0x1202, 0x1202, 0x1A23, 0x1A23, 0x1A23, 0x2263, 0x2283, 0x22E3, 0x2B44,
    0x33A4, 0x4C66, 0x5D27, 0x65A8, 0x6E09, 0x6E28, 0x7669, 0x7EA9, 0x86E9, 0x8F09, 0x9729, 0x9708,
    0x9708, 0x9F49, 0xA749, 0xA76A, 0xA74A, 0x9F2A, 0x96E9, 0x8EC9, 0x96E9, 0x9F0A, 0xA72A, 0xA70A,
    0x9EE9, 0x96C8, 0x9F09, 0xA729, 0xA72A, 0x96E9, 0x7E87, 0x7667, 0x8EE8, 0x9F29, 0xA74A, 0x9F2A,
    0x86A9, 0x6607, 0x5DE7, 0x6E48, 0x86CA, 0x970A, 0x9F0A, 0x9F0A, 0x9F2A, 0x9F0B, 0x970B, 0x8EEA,
    0x7EA9, 0x6E28, 0x5DE7, 0x5DE7, 0x5E08, 0x6629, 0x5DE9, 0x4527, 0x2C65, 0x2405, 0x1BC5, 0x1BA5,
    0x1B85, 0x1B85, 0x1B85, 0x23A6, 0x2386, 0x1B26, 0x1AE6, 0x22C6, 0x22A7, 0x22A7, 0x22C7, 0x22E8,
    0x22E8, 0x22E8, 0x22E8, 0x22E8, 0x22E8, 0x22E8, 0x2B08, 0x2B49, 0x336A, 0x336A, 0x2AE8, 0x08A2,
    0x0000, 0x0000, 0x0000, 0x0000, 0x0000, 0x0000, 0x0000, 0x0000, 0x0000, 0x0000, 0x0000, 0x0000,
    0x0000, 0x0000, 0x0000, 0x0000, 0x0000, 0x08E3, 0x19A5, 0x19A6, 0x19A5, 0x1985, 0x1184, 0x1164,
    0x1164, 0x1164, 0x0984, 0x0984, 0x09A4, 0x11E4, 0x1224, 0x1244, 0x1285, 0x1AA5, 0x1AC5, 0x1AE6,
    0x1B26, 0x1B46, 0x23A6, 0x2C06, 0x3447, 0x3467, 0x3486, 0x34C6, 0x3D06, 0x4D87, 0x5E07, 0x6E89,
    0x7EA9, 0x7EC9, 0x86E9, 0x86E9, 0x86E9, 0x86E9, 0x86E9, 0x86E9, 0x86C9, 0x7EA9, 0x7668, 0x65C7,
    0x5DA6, 0x6E08, 0x7E89, 0x86A9, 0x86A9, 0x86AA, 0x7648, 0x7628, 0x7EA9, 0x8F0A, 0x9F2A, 0xA72A,
    0xA72B, 0x9EEA, 0x9EEA, 0x9F2B, 0x970A, 0x86A8, 0x7647, 0x7E88, 0x970A, 0x972A, 0x972A, 0x8EE9,
    0x9709, 0x970A, 0x972A, 0x9729, 0x9709, 0x8EE9, 0x7EC8, 0x7EA8, 0x7EA8, 0x7667, 0x6607, 0x5DA7,
    0x5D87, 0x5567, 0x5547, 0x4D07, 0x3C66, 0x33E6, 0x3365, 0x2B25, 0x2B04, 0x22E4, 0x22E4, 0x22E3,
    0x22E3, 0x22E3, 0x22E3, 0x2B04, 0x2B44, 0x33A4, 0x3C25, 0x4C86, 0x5507, 0x5D68, 0x65C8, 0x6E28,
    0x7668, 0x7E89, 0x86C9, 0x8EC9, 0x86C8, 0x8EE8, 0x9F29, 0x9F49, 0x9728, 0x9F48, 0xA769, 0xA769,
    0xAF6A, 0xAF4A, 0xA72A, 0x96CA, 0x8EA9, 0x8EC9, 0x9EEA, 0xA72B, 0xA70A, 0x96C9, 0x96C8, 0x9F09,
    0xA729, 0x9F49, 0x8F09, 0x7687, 0x7667, 0x8EC8, 0x9F29, 0xA72A, 0x9F0A, 0x7E89, 0x6607, 0x55C6,
    0x6627, 0x7E89, 0x8EEA, 0x970A, 0x9F0A, 0x9F0A, 0x9F0B, 0x9F0B, 0x970A, 0x86CA, 0x7668, 0x5DE7,
    0x55A6, 0x4D66, 0x4526, 0x34C6, 0x2C45, 0x2425, 0x23C5, 0x23A5, 0x1B65, 0x1B65, 0x1B45, 0x1B46,
    0x1B46, 0x1B06, 0x1AC6, 0x1AA6, 0x22A7, 0x22C7, 0x22C7, 0x22E8, 0x2308, 0x2B08, 0x22E8, 0x22E8,
    0x22E8, 0x2B08, 0x2B28, 0x3369, 0x338A, 0x338A, 0x2226, 0x0020, 0x0000, 0x0000, 0x0000, 0x0000,
    0x0000, 0x0000, 0x0000, 0x0000, 0x0000, 0x0000, 0x0000, 0x0000, 0x0000, 0x0000, 0x0000, 0x0000,
    0x0000, 0x0861, 0x1985, 0x19C6, 0x19A6, 0x19A5, 0x1184, 0x1164, 0x1184, 0x1184, 0x0984, 0x0984,
    0x09A4, 0x09C4, 0x11E4, 0x1204, 0x1245, 0x1245, 0x1265, 0x12A5, 0x1AE5, 0x2366, 0x3407, 0x3467,
    0x3C88, 0x3487, 0x3486, 0x3CE6, 0x4D87, 0x6628, 0x7689, 0x7EC9, 0x86E9, 0x8709, 0x8709, 0x8709,
    0x8709, 0x8709, 0x86E9, 0x7EC9, 0x7EA9, 0x6E28, 0x65E7, 0x65E7, 0x6E28, 0x7E89, 0x86C9, 0x86C9,
    0x8EEA, 0x86A9, 0x7648, 0x86A9, 0x970A, 0x9F2A, 0x9F2A, 0x9F0A, 0x9F0A, 0x96E9, 0x9F0A, 0x9F2A,
    0x8EC9, 0x7667, 0x7E67, 0x8EC9, 0x9F2A, 0x9709, 0x96E9, 0x9709, 0x972A, 0x9F2A, 0x9F2A, 0x9709,
    0x8F08, 0x8EE8, 0x86C8, 0x86E8, 0x8EE9, 0x86C8, 0x7EA8, 0x7647, 0x6E07, 0x65E7, 0x5DC7, 0x5DA7,
    0x5547, 0x4D28, 0x4CE8, 0x4CA8, 0x4487, 0x4467, 0x4466, 0x3C46, 0x4446, 0x4466, 0x4466, 0x4C87,
    0x54E7, 0x5527, 0x5D47, 0x5D87, 0x65C8, 0x6E08, 0x7648, 0x7E89, 0x86C9, 0x8EE9, 0x9709, 0x9709,
    0x96E8, 0x8EE8, 0x9F29, 0xA749, 0x9F29, 0x9F28, 0xA769, 0xAF69, 0xAF69, 0xB76A, 0xAF4B, 0xA70B,
    0x8ECA, 0x86A9, 0x8EA9, 0x96EA, 0xA70A, 0x9F0A, 0x96C9, 0x96E8, 0x9F08, 0x9F49, 0x9F49, 0x8F09,
    0x7E87, 0x7E67, 0x8EC8, 0x9F29, 0xA74A, 0x9F0A, 0x86A9, 0x5E07, 0x55C6, 0x55E7, 0x6E48, 0x7EA9,
    0x970A, 0x9F0A, 0x9F2B, 0x9F2B, 0x9F2B, 0x972A, 0x8F0A, 0x86A9, 0x6E27, 0x55A6, 0x4505, 0x3484,
    0x2424, 0x23E5, 0x23A5, 0x2385, 0x2366, 0x2346, 0x1B46, 0x1B26, 0x1B26, 0x1B06, 0x1AC6, 0x1AA6,
    0x1AA7, 0x22C7, 0x22C7, 0x22E8, 0x2B08, 0x2B08, 0x2B08, 0x2B08, 0x2B08, 0x2B08, 0x2B49, 0x3389,
    0x33AA, 0x3349, 0x1123, 0x0000, 0x0000, 0x0000, 0x0000, 0x0000, 0x0000, 0x0000, 0x0000, 0x0000,
    0x0000, 0x0000, 0x0000, 0x0000, 0x0000, 0x0000, 0x0000, 0x0000, 0x0000, 0x0020, 0x1123, 0x19C6,
    0x19A6, 0x19A5, 0x1184, 0x1184, 0x1184, 0x1184, 0x0984, 0x11A4, 0x11A4, 0x11A4, 0x11C4, 0x11E4,
    0x1204, 0x1225, 0x1244, 0x12A4, 0x1B25, 0x2BE7, 0x3C68, 0x3C87, 0x2C46, 0x2C25, 0x34C6, 0x4D87,
    0x6648, 0x76A9, 0x86E9, 0x8709, 0x8F09, 0x8709, 0x8709, 0x8709, 0x8709, 0x8709, 0x7EC8, 0x7688,
    0x6E07, 0x5DA6, 0x6E08, 0x86AA, 0x8ECA, 0x8EE9, 0x86C9, 0x8EE9, 0x86C9, 0x7E88, 0x8EE9, 0x970A,
    0x9F2A, 0x9F2A, 0x9F2A, 0x96E9, 0x8EC9, 0x96E9, 0x9F2A, 0x8EC9, 0x7E67, 0x7647, 0x86A8, 0x9EEA,
    0xA72A, 0x96E9, 0x8EC8, 0x9F29, 0x9F4A, 0x9F2A, 0x9709, 0x9708, 0x8F08, 0x8EE8, 0x8EE8, 0x9709,
    0x9F29, 0x9709, 0x8F09, 0x86C9, 0x86A8, 0x7E68, 0x7648, 0x6E28, 0x65E8, 0x5DC8, 0x5D88, 0x5568,
    0x5548, 0x5547, 0x5548, 0x5D68, 0x5D68, 0x5D88, 0x5D88, 0x6588, 0x65C8, 0x65E8, 0x65E7, 0x6E08,
    0x7628, 0x7E89, 0x86C9, 0x8EE9, 0x8F09, 0x8F08, 0x9709, 0x9F29, 0x9F09, 0x9EE9, 0x9F09, 0x9F49,
    0x9F49, 0x9F29, 0xA769, 0xAF8A, 0xB78A, 0xAF49, 0xAF2A, 0xAF4B, 0xA72B, 0x96C9, 0x8688, 0x8688,
    0x96CA, 0x9F0A, 0x9F09, 0x8EC8, 0x8EC7, 0x9708, 0x9F49, 0x9F6A, 0x972A, 0x86A8, 0x8688, 0x96C8,
    0xA729, 0xA74A, 0xA72A, 0x86A9, 0x5DE6, 0x4DA6, 0x4DC6, 0x5E07, 0x7688, 0x86E9, 0x972B, 0x9F2B,
    0x9F2B, 0x9F4A, 0x9F4A, 0x9F2A, 0x970A, 0x86A9, 0x6E08, 0x4D46, 0x2C44, 0x23E4, 0x23A4, 0x2365,
    0x2365, 0x2366, 0x2346, 0x2346, 0x2326, 0x1B06, 0x1AE6, 0x1AA6, 0x1AA6, 0x22A7, 0x22C7, 0x22E7,
    0x22E8, 0x2B08, 0x2B08, 0x2B08, 0x2B28, 0x2B48, 0x3369, 0x33AA, 0x33AA, 0x2A87, 0x0061, 0x0000,
    0x0000, 0x0000, 0x0000, 0x0000, 0x0000, 0x0000, 0x0000, 0x0000, 0x0000, 0x0000, 0x0000, 0x0000,
    0x0000, 0x0000, 0x0000, 0x0000, 0x0000, 0x0000, 0x08A2, 0x1985, 0x19A5, 0x1985, 0x1184, 0x1184,
    0x1184, 0x1184, 0x1184, 0x11A4, 0x11A4, 0x11A4, 0x11C4, 0x11E4, 0x1204, 0x1244, 0x1AA5, 0x2326,
    0x33C7, 0x3C48, 0x3C68, 0x2C26, 0x23C5, 0x2405, 0x4527, 0x5E28, 0x76A9, 0x7EE9, 0x86E9, 0x8709,
    0x8F09, 0x8709, 0x8709, 0x8709, 0x7EE9, 0x76A8, 0x6E47, 0x6606, 0x65E6, 0x7628, 0x86AA, 0x970A,
    0x9709, 0x8EE9, 0x8EC9, 0x86A8, 0x7E88, 0x86C9, 0x972A, 0x9F4A, 0xA74A, 0x9F4A, 0x972A, 0x8EC9,
    0x8EC8, 0x96E9, 0x9709, 0x86A8, 0x7667, 0x7E67, 0x96EA, 0xAF2B, 0xA72A, 0x96C8, 0x96C8, 0x9F29,
    0x9F49, 0x9F49, 0x9708, 0x8EE8, 0x8EE8, 0x8EE8, 0x9729, 0xA74A, 0xAF6A, 0xA74A, 0x9F29, 0x9709,
    0x8EE9, 0x8EC8, 0x86C9, 0x7EA8, 0x7668, 0x7648, 0x7649, 0x6E29, 0x65E8, 0x65E8, 0x6DE8, 0x6E08,
    0x6E08, 0x6E08, 0x6E08, 0x6E08, 0x6E28, 0x7648, 0x7648, 0x7E68, 0x8688, 0x8EC9, 0x9F2A, 0x9F49,
    0x9729, 0x9708, 0x9708, 0xA729, 0xAF4A, 0xA72A, 0x9F09, 0x9708, 0x9708, 0x9708, 0x9F28, 0xAF69,
    0xAF89, 0xAF49, 0x9EE8, 0xA709, 0xAF4B, 0xA72A, 0x96E9, 0x8688, 0x8688, 0x8EE9, 0x9709, 0x8EE8,
    0x8EC7, 0x8EC7, 0x96E8, 0xA749, 0xAF6A, 0xA74A, 0x9709, 0x96E9, 0x9EE9, 0xA729, 0xAF4A, 0x9F0A,
    0x7E68, 0x55A5, 0x3D84, 0x3D85, 0x4DC6, 0x5E27, 0x76A9, 0x8F0A, 0x9F2A, 0x9F4A, 0xA76B, 0xA76B,
    0xA74B, 0x9F4B, 0x970B, 0x7E69, 0x5D87, 0x44C6, 0x2C04, 0x2384, 0x2365, 0x2345, 0x2346, 0x2346,
    0x2346, 0x2326, 0x2327, 0x22E7, 0x22C7, 0x22A7, 0x22A7, 0x22C7, 0x22C7, 0x22E8, 0x2B08, 0x2B08,
    0x2B28, 0x2B48, 0x3389, 0x33A9, 0x3369, 0x1984, 0x0000, 0x0000, 0x0000, 0x0000, 0x0000, 0x0000,
    0x0000, 0x0000, 0x0000, 0x0000, 0x0000, 0x0000, 0x0000, 0x0000, 0x0000, 0x0000, 0x0000, 0x0000,
    0x0000, 0x0000, 0x0020, 0x1123, 0x19C5, 0x1985, 0x1184, 0x1184, 0x1184, 0x1184, 0x1184, 0x1184,
    0x11A4, 0x11A4, 0x11C4, 0x11E4, 0x1244, 0x22E6, 0x3387, 0x3C08, 0x3C28, 0x3C28, 0x2BC6, 0x1B85,
    0x1B84, 0x3466, 0x5DC8, 0x6E89, 0x7EC9, 0x8709, 0x8709, 0x8709, 0x8709, 0x8709, 0x86E9, 0x76A8,
    0x6E67, 0x5E26, 0x5DE5, 0x6606, 0x7668, 0x8EEA, 0x970B, 0x972A, 0x9729, 0x9709, 0x8EC9, 0x7E67,
    0x8EA8, 0x970A, 0x9F2A, 0xA74A, 0xA72A, 0x9F2A, 0x8EE9, 0x8688, 0x8EC8, 0x9709, 0x8EC8, 0x7E87,
    0x7E67, 0x8EA8, 0xAF4B, 0xAF4C, 0x9EE9, 0x96C9, 0x9709, 0x96E8, 0x9708, 0x9728, 0x8EE7, 0x8EE8,
    0x9708, 0x9F08, 0xAF6A, 0xB76A, 0xAF4A, 0xA74A, 0xA74A, 0xA749, 0x9F29, 0x9709, 0x8EE9, 0x8EC8,
    0x86A8, 0x7EA8, 0x8EE9, 0x86C9, 0x7E89, 0x86A9, 0x86A9, 0x86A9, 0x86A9, 0x86A9, 0x86A9, 0x86A9,
    0x86A9, 0x86E9, 0x86C8, 0x8EE9, 0x96E8, 0x96E8, 0xA749, 0xA769, 0xA749, 0x9F29, 0x9F08, 0xA729,
    0xB76A, 0xB76A, 0xAF29, 0x9EE8, 0x96E8, 0x96E8, 0x8EC7, 0x9708, 0xA728, 0xA728, 0x9EC7, 0x96A8,
    0xA6E9, 0xAF4A, 0xAF4A, 0x9F09, 0x86A8, 0x7E88, 0x86C8, 0x8F08, 0x9708, 0x96E8, 0x96C7, 0x9EE8,
    0xAF49, 0xB7AA, 0xB78A, 0xAF4A, 0xA709, 0xA709, 0xAF49, 0xAF4A, 0x9F09, 0x6E47, 0x4584, 0x3D64,
    0x3D64, 0x4585, 0x55E6, 0x6627, 0x7E89, 0x8F0A, 0x9F4B, 0xA76B, 0xAF6B, 0xAF6B, 0xA76C, 0x9F2C,
    0x86CB, 0x6E09, 0x4D27, 0x3445, 0x23A5, 0x1B45, 0x1B45, 0x1B26, 0x2326, 0x2327, 0x2B47, 0x2B27,
    0x2307, 0x22C7, 0x22C7, 0x22C7, 0x22C7, 0x22E8, 0x22E8, 0x2308, 0x2B28, 0x2B48, 0x3389, 0x33A9,
    0x2266, 0x0881, 0x0000, 0x0000, 0x0000, 0x0000, 0x0000, 0x0000, 0x0000, 0x0000, 0x0000, 0x0000,
    0x0000, 0x0000, 0x0000, 0x0000, 0x0000, 0x0000, 0x0000, 0x0000, 0x0000, 0x0000, 0x0000, 0x0061,
    0x19A5, 0x19A5, 0x1184, 0x1184, 0x1184, 0x1184, 0x1184, 0x1184, 0x11A4, 0x11A4, 0x11C4, 0x1224,
    0x2B26, 0x3BC8, 0x4429, 0x3C08, 0x33E7, 0x2B86, 0x1B25, 0x1B24, 0x23A5, 0x44E7, 0x6609, 0x76A9,
    0x7EE8, 0x8709, 0x8729, 0x8709, 0x8709, 0x7EC9, 0x7688, 0x6647, 0x5E06, 0x5E06, 0x6627, 0x76A8,
    0x8F0A, 0x972A, 0x972A, 0x972A, 0x974A, 0x8EE9, 0x8688, 0x8688, 0x96E9, 0x9F2A, 0xA74A, 0xA74A,
    0x9F4A, 0x96E9, 0x8688, 0x86A8, 0x96E9, 0x96E9, 0x86A7, 0x7E87, 0x8687, 0x96E9, 0xAF4B, 0xA6EA,
    0x96C9, 0x9F09, 0x9F09, 0x8EC7, 0x96E8, 0x9708, 0x8EE7, 0x9F29, 0x9F29, 0xA749, 0xB76A, 0xB76A,
    0xA729, 0xA749, 0xAF6A, 0xAF6A, 0xA729, 0x9709, 0x96E8, 0x8EC8, 0x86A8, 0x86C8, 0x9709, 0x9709,
    0x8EC9, 0x8EE9, 0x9709, 0x970A, 0x96E9, 0x8EE9, 0x9709, 0x9F29, 0x9729, 0x9729, 0x8EE8, 0x9F29,
    0x9F29, 0x9F08, 0xA749, 0xAF69, 0xAF69, 0xAF49, 0xA709, 0xA709, 0xB76A, 0xBF6A, 0xB74A, 0xA709,
    0x9EE8, 0x9F09, 0x96C8, 0x8EC7, 0x96E8, 0xA728, 0xA729, 0x9EE8, 0x9EA8, 0xA709, 0xB76A, 0xAF6A,
    0x9F29, 0x86A7, 0x7E87, 0x86E8, 0x9729, 0x9F29, 0xA709, 0x9EE8, 0xA708, 0xAF69, 0xBFAA, 0xBF8A,
    0xB74A, 0xAF49, 0xAF49, 0xB769, 0xAF6A, 0x86E8, 0x5E06, 0x4585, 0x3D44, 0x3D65, 0x4585, 0x55A6,
    0x5DE6, 0x6E48, 0x86A9, 0x970B, 0xA74B, 0xA76B, 0xA74B, 0xA74B, 0x970B, 0x8ECA, 0x7609, 0x5507,
    0x3425, 0x2384, 0x1B45, 0x1B26, 0x2326, 0x2326, 0x2B27, 0x2B27, 0x2B28, 0x2308, 0x22E8, 0x22E8,
    0x22E8, 0x22E8, 0x22E8, 0x2308, 0x2B28, 0x2B69, 0x3389, 0x3369, 0x1102, 0x0020, 0x0000, 0x0000,
    0x0000, 0x0000, 0x0000, 0x0000, 0x0000, 0x0000, 0x0000, 0x0000, 0x0000, 0x0000, 0x0000, 0x0000,
    0x0000, 0x0000, 0x0000, 0x0000, 0x0000, 0x0000, 0x0000, 0x0000, 0x0903, 0x19A5, 0x1184, 0x1184,
    0x1184, 0x1184, 0x1184, 0x1184, 0x11A4, 0x11C4, 0x1A25, 0x2AE7, 0x43C9, 0x4409, 0x3C08, 0x33A7,
    0x2326, 0x1AC5, 0x12C5, 0x1305, 0x2BE6, 0x4D49, 0x6E49, 0x76A9, 0x7EE8, 0x8709, 0x8709, 0x7EE9,
    0x7EC9, 0x6E68, 0x6627, 0x5E06, 0x6627, 0x6E88, 0x7EE9, 0x8F09, 0x972A, 0x974A, 0x9F4A, 0x972A,
    0x8F09, 0x7E87, 0x7E67, 0x96E9, 0xA72A, 0xA74A, 0xA74A, 0xA74A, 0x9709, 0x8688, 0x8688, 0x9709,
    0x96E9, 0x8EA8, 0x86A7, 0x86A8, 0x8EE8, 0x9F2A, 0x9EE9, 0x8EA8, 0x96E9, 0x9F29, 0x9F09, 0x96C8,
    0x96E8, 0x96E7, 0x9F28, 0xA749, 0xA729, 0xB76A, 0xB76A, 0xAF49, 0xA708, 0xAF49, 0xB76A, 0xB76A,
    0xA729, 0x9F08, 0x96E8, 0x8EC8, 0x8EA7, 0x96E8, 0xA749, 0x9F09, 0x9708, 0x9F29, 0xA749, 0xA74A,
    0x9F29, 0x9F09, 0xA749, 0xA749, 0xA76A, 0xA74A, 0x9708, 0x9F28, 0xA729, 0x9F08, 0xA708, 0xB76A,
    0xBF8A, 0xB76A, 0xAF29, 0xA6E8, 0xAF29, 0xBF6A, 0xBF6A, 0xB72A, 0xA709, 0xA729, 0x9F09, 0x96E8,
    0x96C7, 0xA708, 0xAF49, 0xAF4A, 0x9EA8, 0x96A8, 0xA709, 0xAF8A, 0xAF8A, 0x9F09, 0x8688, 0x8688,
    0x8EE9, 0x9F29, 0xA74A, 0xA729, 0xA708, 0xA748, 0xBFA9, 0xC7AA, 0xBFAA, 0xB769, 0xB769, 0xB769,
    0xAF69, 0x9F49, 0x7688, 0x55A6, 0x3D45, 0x3D45, 0x3D45, 0x4D86, 0x55A6, 0x5DC7, 0x5DC6, 0x6E28,
    0x7E89, 0x8F0B, 0x972B, 0x9F2B, 0x9F0B, 0x970B, 0x8EAB, 0x762A, 0x5508, 0x2C06, 0x2385, 0x1B45,
    0x2326, 0x2306, 0x2307, 0x2B27, 0x2B28, 0x2B28, 0x2B28, 0x2B08, 0x2B08, 0x2308, 0x2308, 0x2B28,
    0x2B49, 0x3389, 0x33A9, 0x2246, 0x0020, 0x0000, 0x0000, 0x0000, 0x0000, 0x0000, 0x0000, 0x0000,
    0x0000, 0x0000, 0x0000, 0x0000, 0x0000, 0x0000, 0x0000, 0x0000, 0x0000, 0x0000, 0x0000, 0x0000,
    0x0000, 0x0000, 0x0000, 0x0000, 0x0081, 0x1164, 0x19A4, 0x1184, 0x11A4, 0x11A4, 0x1184, 0x11A5,
    0x11C5, 0x1A05, 0x2AA7, 0x3B69, 0x43C9, 0x3BC8, 0x2B67, 0x1AE5, 0x1A85, 0x1265, 0x1285, 0x12C5,
    0x2386, 0x44E8, 0x5DE9, 0x6E68, 0x76C8, 0x7EE9, 0x7EC9, 0x6E68, 0x6627, 0x5DC6, 0x5DE6, 0x6E48,
    0x7EA9, 0x86E9, 0x8F09, 0x8F49, 0x9749, 0x9749, 0x974A, 0x8F09, 0x7EA7, 0x7666, 0x8EC8, 0xA729,
    0xAF4A, 0xAF4A, 0xA76A, 0x9F29, 0x8EA8, 0x8688, 0x96E9, 0x9709, 0x8EC8, 0x86A8, 0x86C8, 0x8EE8,
    0x9709, 0x9F09, 0x8E87, 0x96E8, 0x9708, 0x9F09, 0x9F29, 0x9F09, 0xA729, 0x9F08, 0xA748, 0xA728,
    0xAF29, 0xBF6A, 0xB76A, 0xAF49, 0x9F08, 0xAF69, 0xBF8A, 0xBF6A, 0xAF29, 0xA709, 0x9F09, 0x8EC8,
    0x8EC7, 0x9F09, 0xA74A, 0x9F09, 0x9708, 0x9F49, 0xAF49, 0xAF49, 0xA729, 0x9F08, 0xA749, 0xAF49,
    0xB769, 0xAF49, 0x9EE8, 0xA708, 0xAF49, 0xA729, 0x9F08, 0xB769, 0xBF8A, 0xBF8A, 0xB74A, 0xA709,
    0xA709, 0xB76A, 0xBF6A, 0xBF6A, 0xB74A, 0xAF2A, 0xAF4A, 0xA729, 0x9F08, 0xA708, 0xAF49, 0xB74A,
    0xA70A, 0x96A8, 0x8EA7, 0xA729, 0xB78A, 0xB78A, 0xA729, 0x8EA8, 0x8688, 0x96C8, 0x9F09, 0xA74A,
    0xA749, 0xAF48, 0xBFA9, 0xC7A9, 0xC7A9, 0xBFA9, 0xBF88, 0xB788, 0xB789, 0xAF8A, 0x8F09, 0x6607,
    0x4D66, 0x3D25, 0x3D25, 0x4545, 0x4D66, 0x55A7, 0x55C7, 0x55A7, 0x5DA6, 0x6607, 0x7669, 0x86CA,
    0x970B, 0x970B, 0x96EC, 0x86AC, 0x6DEA, 0x44E8, 0x3407, 0x2386, 0x2326, 0x2306, 0x2307, 0x2B07,
    0x2B08, 0x2B28, 0x2B28, 0x2B28, 0x2B28, 0x2B28, 0x2B49, 0x2B69, 0x3389, 0x33AA, 0x3348, 0x1123,
    0x0000, 0x0000, 0x0000, 0x0000, 0x0000, 0x0000, 0x0000, 0x0000, 0x0000, 0x0000, 0x0000, 0x0000,
    0x0000, 0x0000, 0x0000, 0x0000, 0x0000, 0x0000, 0x0000, 0x0000, 0x0000, 0x0000, 0x0000, 0x0000,
    0x0020, 0x0903, 0x19A4, 0x19A4, 0x19A4, 0x11A4, 0x19A5, 0x19A5, 0x19E6, 0x2246, 0x2AC7, 0x3328,
    0x3327, 0x2B07, 0x1AA5, 0x1265, 0x1265, 0x1265, 0x1285, 0x12C5, 0x1B25, 0x2C46, 0x4D47, 0x55C7,
    0x6627, 0x6647, 0x5E07, 0x55C6, 0x55A6, 0x5DE6, 0x7668, 0x86C9, 0x8F09, 0x8F29, 0x8F49, 0x9749,
    0x9749, 0x9749, 0x8F29, 0x7EA7, 0x6E26, 0x86A7, 0x9729, 0xA74A, 0xAF6A, 0xAF6B, 0xA72A, 0x8EC8,
    0x8E87, 0x9709, 0x9F09, 0x96C9, 0x8EC8, 0x8EE8, 0x8F09, 0x9709, 0x96E9, 0x8E87, 0x8EA8, 0x9709,
    0x96E8, 0x9F08, 0xAF49, 0xAF4A, 0xAF6A, 0xAF69, 0xA748, 0xA708, 0xB749, 0xBF6A, 0xB769, 0xA749,
    0xA728, 0xB78A, 0xC78A, 0xC78A, 0xB749, 0xAF29, 0x9F29, 0x96E8, 0x96E8, 0xA729, 0xA74A, 0x9F08,
    0x9F28, 0xA749, 0xAF69, 0xB769, 0xA728, 0xA708, 0xAF49, 0xB749, 0xB769, 0xAF49, 0x9EE8, 0xA708,
    0xAF49, 0xAF69, 0xA728, 0xAF29, 0xBF6A, 0xC78A, 0xBF6A, 0xAF29, 0xA708, 0xAF49, 0xBF8A, 0xC78A,
    0xBF6A, 0xB749, 0xAF49, 0xAF49, 0xA708, 0xA708, 0xB749, 0xB76A, 0xB74A, 0xA6E9, 0x8E67, 0x96A8,
    0xA729, 0xBF8A, 0xBF8A, 0xAF49, 0x96C8, 0x8E88, 0x8EC9, 0x9F0A, 0xA74A, 0xA749, 0xB768, 0xBFA9,
    0xC7C8, 0xC7A8, 0xC7A8, 0xBFA8, 0xBFA9, 0xB7A9, 0xAF8A, 0x8EC9, 0x5DC6, 0x4546, 0x3D25, 0x3D05,
    0x4505, 0x4D66, 0x5DC8, 0x5DE8, 0x55A7, 0x4D66, 0x4D86, 0x5DE7, 0x7649, 0x868B, 0x86AB, 0x86CC,
    0x766C, 0x5D8A, 0x4488, 0x2BC7, 0x2346, 0x2327, 0x2307, 0x2B07, 0x2B07, 0x2B28, 0x3328, 0x3328,
    0x2B49, 0x2B49, 0x3369, 0x3389, 0x33AA, 0x33A9, 0x2246, 0x0061, 0x0000, 0x0000, 0x0000, 0x0000,
    0x0000, 0x0000, 0x0000, 0x0000, 0x0000, 0x0000, 0x0000, 0x0000, 0x0000, 0x0000, 0x0000, 0x0000,
    0x0000, 0x0000, 0x0000, 0x0000, 0x0000, 0x0000, 0x0000, 0x0000, 0x0000, 0x0061, 0x1164, 0x19C5,
    0x19A5, 0x19A5, 0x19A5, 0x19C5, 0x19E5, 0x1A26, 0x1A46, 0x1A45, 0x1A45, 0x1A45, 0x1245, 0x1245,
    0x1245, 0x1245, 0x1265, 0x12A5, 0x1305, 0x23C6, 0x3CC7, 0x4D47, 0x4D87, 0x4D86, 0x4D85, 0x55A6,
    0x6627, 0x7EA9, 0x86EA, 0x8F0A, 0x9729, 0x9749, 0x9749, 0x9749, 0x9749, 0x8F29, 0x7EC8, 0x6E26,
    0x7646, 0x9709, 0xA74A, 0xAF4A, 0xB76B, 0xAF4A, 0x96A8, 0x8E87, 0x96C8, 0x9F09, 0x96C8, 0x96A8,
    0x96E8, 0x9F29, 0x9729, 0x8EE8, 0x8E87, 0x8EA8, 0x9F09, 0x9708, 0x9F09, 0xA729, 0xB74A, 0xBF4A,
    0xB76A, 0xAF49, 0xA708, 0xAF29, 0xBF8A, 0xB76A, 0xAF49, 0xA728, 0xAF28, 0xBF8A, 0xC78A, 0xCF8A,
    0xBF49, 0xAF49, 0xA729, 0x9F08, 0x9EE8, 0xA729, 0xA729, 0x9F08, 0xA749, 0xAF69, 0xB769, 0xB76A,
    0xAF29, 0xA728, 0xB749, 0xB748, 0xB749, 0xB749, 0xA708, 0xA708, 0xAF48, 0xB769, 0xAF28, 0xA708,
    0xB749, 0xC78A, 0xC76A, 0xB74A, 0xA708, 0xA708, 0xB76A, 0xBF8A, 0xBF8A, 0xB749, 0xAF28, 0xAF49,
    0xAF29, 0x9EC8, 0xA708, 0xB74A, 0xB74A, 0xAF29, 0x9EC9, 0x96A8, 0x9EE8, 0xB769, 0xC789, 0xC7AA,
    0xB769, 0x9EE8, 0x8EA8, 0x8EC8, 0x9729, 0x9F49, 0xA768, 0xB788, 0xC7C8, 0xC7C8, 0xC7A8, 0xC7A8,
    0xBFA8, 0xBFA9, 0xB7AA, 0xAF6A, 0x7E88, 0x5586, 0x3D25, 0x3D26, 0x3D05, 0x44E5, 0x4D46, 0x55A8,
    0x55A8, 0x4DA7, 0x4D87, 0x4D66, 0x4D47, 0x5D88, 0x65C9, 0x6E0B, 0x6DEC, 0x552A, 0x3C28, 0x2B87,
    0x2B47, 0x2B27, 0x2B27, 0x2B27, 0x2B07, 0x2B08, 0x3328, 0x3328, 0x2B49, 0x3369, 0x3389, 0x33AA,
    0x3BAA, 0x3308, 0x1102, 0x0000, 0x0000, 0x0000, 0x0000, 0x0000, 0x0000, 0x0000, 0x0000, 0x0000,
    0x0000, 0x0000, 0x0000, 0x0000, 0x0000, 0x0000, 0x0000, 0x0000, 0x0000, 0x0000, 0x0000, 0x0000,
    0x0000, 0x0000, 0x0000, 0x0000, 0x0000, 0x0000, 0x08E2, 0x19E5, 0x19C5, 0x19C5, 0x19A5, 0x19C5,
    0x19E5, 0x11E5, 0x1205, 0x1205, 0x1205, 0x1225, 0x1225, 0x1225, 0x1225, 0x1245, 0x1264, 0x1285,
    0x12E5, 0x1B85, 0x3466, 0x3CE6, 0x4526, 0x4D46, 0x55A6, 0x6E48, 0x86EA, 0x8F0A, 0x8F2A, 0x972A,
    0x972A, 0x9749, 0x9749, 0x9749, 0x8F49, 0x86E9, 0x6E46, 0x6E06, 0x86A7, 0xA729, 0xAF6A, 0xB74A,
    0xAF4A, 0x9EE9, 0x8EA8, 0x8EC8, 0x9F09, 0x96E8, 0x96A8, 0x9EE8, 0x9F29, 0x9F29, 0x9708, 0x8EA7,
    0x8EA7, 0x9EE8, 0x9F28, 0xA728, 0xAF49, 0xB74A, 0xB749, 0xBF4A, 0xB769, 0xA708, 0xA6E8, 0xB749,
    0xBF6A, 0xB749, 0xAF49, 0xA728, 0xAF48, 0xC789, 0xCFA9, 0xCF89, 0xBF49, 0xAF29, 0xA728, 0x9F28,
    0xA708, 0xAF29, 0xA709, 0x9F08, 0xA749, 0xB78A, 0xBF8A, 0xBF6A, 0xAF28, 0xAF28, 0xB769, 0xB748,
    0xB749, 0xB769, 0xA708, 0xA708, 0xAF28, 0xB769, 0xAF49, 0xA6E8, 0xB729, 0xC76A, 0xC76A, 0xBF6A,
    0xAF08, 0x9EE8, 0xA729, 0xB769, 0xBF8A, 0xBF89, 0xAF48, 0xAF48, 0xAF49, 0x9EE8, 0x96A7, 0xA709,
    0xB74A, 0xAF29, 0xA709, 0x9EE9, 0x96C8, 0xA728, 0xBF69, 0xCFA9, 0xCFCA, 0xBF8A, 0x9F08, 0x8EA7,
    0x8EE8, 0x9708, 0x9F48, 0xA748, 0xB788, 0xC7C8, 0xC7C8, 0xC7A8, 0xC7A8, 0xC7C8, 0xBFA9, 0xB7AA,
    0x9F29, 0x6E07, 0x4525, 0x3D05, 0x3CE5, 0x3CA5, 0x3CA5, 0x4D27, 0x5588, 0x55C8, 0x55C9, 0x4D88,
    0x4527, 0x44C6, 0x3CA6, 0x3CA7, 0x3C88, 0x3407, 0x2B87, 0x2B47, 0x2B47, 0x2B27, 0x2B27, 0x2B27,
    0x2B07, 0x2B08, 0x3328, 0x3328, 0x3349, 0x3369, 0x3389, 0x3BAA, 0x3BAA, 0x19C5, 0x0040, 0x0000,
    0x0000, 0x0000, 0x0000, 0x0000, 0x0000, 0x0000, 0x0000, 0x0000, 0x0000, 0x0000, 0x0000, 0x0000,
    0x0000, 0x0000, 0x0000, 0x0000, 0x0000, 0x0000, 0x0000, 0x0000, 0x0000, 0x0000, 0x0000, 0x0000,
    0x0000, 0x0000, 0x0040, 0x1164, 0x19E5, 0x19C5, 0x19C5, 0x19C5, 0x11C5, 0x11E5, 0x1205, 0x1205,
    0x1A05, 0x1205, 0x1205, 0x1205, 0x1225, 0x1244, 0x1264, 0x12A5, 0x12E5, 0x2385, 0x2C46, 0x3CC6,
    0x4D47, 0x65E8, 0x7EAA, 0x86EA, 0x8F2A, 0x974A, 0x974A, 0x974A, 0x974A, 0x974A, 0x974A, 0x8F29,
    0x86C8, 0x6E47, 0x65E5, 0x7E87, 0x9F29, 0xAF49, 0xB76A, 0xAF4A, 0xA709, 0x8EC8, 0x8EC8, 0x8EA8,
    0x9F09, 0x9EE8, 0x9F09, 0xA76A, 0xA749, 0x9708, 0x86A6, 0x8686, 0x9F08, 0xA728, 0xA708, 0xB769,
    0xBF8A, 0xBF69, 0xB749, 0xB749, 0xAF29, 0x9EC7, 0xAF29, 0xBF8A, 0xBF69, 0xAF49, 0xAF28, 0xAF28,
    0xB768, 0xC789, 0xCFA9, 0xC789, 0xBF48, 0xB748, 0xA708, 0xA728, 0xA708, 0xAF28, 0x9F08, 0x9F08,
    0xAF49, 0xBF8A, 0xC78A, 0xBF69, 0xAF08, 0xAF28, 0xBF69, 0xBF68, 0xBF69, 0xBF69, 0xAF28, 0xA708,
    0xAF28, 0xB748, 0xB769, 0xAF08, 0xAF08, 0xBF49, 0xBF69, 0xBF69, 0xB749, 0xA708, 0x9EE8, 0xAF48,
    0xBF89, 0xBFA9, 0xB769, 0xA728, 0xA729, 0x9F09, 0x9688, 0x96A7, 0xAF49, 0xAF49, 0xA708, 0xA729,
    0x9F08, 0x9EE7, 0xB748, 0xCFA9, 0xD7C9, 0xCFC9, 0xBF89, 0x9F28, 0x86C7, 0x86C7, 0x96E8, 0x9F07,
    0xA728, 0xBF88, 0xC7C9, 0xC7C8, 0xC7A8, 0xC7A8, 0xC7A8, 0xBFA9, 0xAFAA, 0x8F09, 0x5DC6, 0x4504,
    0x34A4, 0x3484, 0x3464, 0x3CA6, 0x4D07, 0x5548, 0x55A9, 0x5DA9, 0x5569, 0x4508, 0x3466, 0x2C05,
    0x23A6, 0x2366, 0x2346, 0x2B27, 0x2B07, 0x2B07, 0x2B07, 0x3307, 0x3308, 0x3328, 0x3328, 0x3348,
    0x3349, 0x3369, 0x3B89, 0x3BAA, 0x2AC7, 0x08A1, 0x0000, 0x0000, 0x0000, 0x0000, 0x0000, 0x0000,
    0x0000, 0x0000, 0x0000, 0x0000, 0x0000, 0x0000, 0x0000, 0x0000, 0x0000, 0x0000, 0x0000, 0x0000,
    0x0000, 0x0000, 0x0000, 0x0000, 0x0000, 0x0000, 0x0000, 0x0000, 0x0000, 0x0000, 0x0000, 0x08A2,
    0x19C5, 0x19E5, 0x19C5, 0x19C5, 0x11C5, 0x11E5, 0x1205, 0x1205, 0x11E5, 0x11E5, 0x11E5, 0x1205,
    0x1204, 0x1244, 0x1264, 0x12A5, 0x1B25, 0x23C6, 0x3CA7, 0x4D27, 0x6609, 0x7E8A, 0x86EA, 0x8F0A,
    0x972A, 0x974A, 0x972A, 0x972A, 0x8F2A, 0x8F2A, 0x8F09, 0x86E9, 0x7667, 0x5DC5, 0x6E06, 0x96E9,
    0xAF49, 0xB769, 0xB769, 0xAF6A, 0x9F09, 0x8687, 0x7E67, 0x96E8, 0xA729, 0xAF2A, 0xAF4A, 0xAF6A,
    0x9F49, 0x86A7, 0x8686, 0x96E7, 0xA728, 0xA707, 0xAF27, 0xBF89, 0xC789, 0xBF69, 0xB749, 0xAF49,
    0xA6E8, 0x9EC7, 0xB749, 0xBF69, 0xB769, 0xAF28, 0xAF28, 0xAF28, 0xBF68, 0xC789, 0xCFA9, 0xC769,
    0xB748, 0xB748, 0xA707, 0xA728, 0xA707, 0xA728, 0x9EE7, 0x9F08, 0xAF49, 0xC78A, 0xC789, 0xBF69,
    0xA708, 0xAF28, 0xBF69, 0xBF68, 0xBF68, 0xBF69, 0xAF28, 0xAF08, 0xB728, 0xAF28, 0xB749, 0xB749,
    0xAF08, 0xB729, 0xBF49, 0xBF69, 0xBF69, 0xAF29, 0x9EC7, 0xA708, 0xB789, 0xBFA9, 0xBF89, 0xAF28,
    0xA708, 0xA72A, 0x9EE9, 0x96A7, 0xA708, 0xAF49, 0xAF28, 0xA729, 0xA708, 0x9EE7, 0xAF27, 0xC7A8,
    0xD7C8, 0xD7E9, 0xCFC9, 0xB789, 0x9F07, 0x8EC7, 0x8EC7, 0x96C7, 0x96E7, 0xA727, 0xB788, 0xC7C9,
    0xC7A9, 0xC7A8, 0xC7A9, 0xBFA9, 0xB7A9, 0xA78A, 0x7E88, 0x4D45, 0x3CC4, 0x3484, 0x3444, 0x3445,
    0x3C65, 0x44C6, 0x4D27, 0x5569, 0x5DA9, 0x5569, 0x44C7, 0x3426, 0x2B86, 0x2326, 0x2306, 0x2307,
    0x2AE7, 0x2AE7, 0x2AE7, 0x2AE7, 0x3307, 0x3308, 0x3328, 0x3348, 0x3349, 0x3369, 0x3B89, 0x3349,
    0x1964, 0x0020, 0x0000, 0x0000, 0x0000, 0x0000, 0x0000, 0x0000, 0x0000, 0x0000, 0x0000, 0x0000,
    0x0000, 0x0000, 0x0000, 0x0000, 0x0000, 0x0000, 0x0000, 0x0000, 0x0000, 0x0000, 0x0000, 0x0000,
    0x0000, 0x0000, 0x0000, 0x0000, 0x0000, 0x0000, 0x0000, 0x0020, 0x1123, 0x1A06, 0x19E6, 0x19E5,
    0x19E5, 0x11E5, 0x11E5, 0x11E5, 0x19E5, 0x11E5, 0x11E5, 0x1A04, 0x1204, 0x1244, 0x1264, 0x12C5,
    0x1B65, 0x3467, 0x5569, 0x6E0A, 0x7E8A, 0x86CB, 0x8F0B, 0x8F2A, 0x972A, 0x8F2A, 0x8F0A, 0x8F0A,
    0x8F0A, 0x8F0A, 0x86E9, 0x7668, 0x5DC5, 0x65C5, 0x86A8, 0xA749, 0xB769, 0xB769, 0xB769, 0xA729,
    0x8EC7, 0x8687, 0x96E8, 0xAF6A, 0xB76A, 0xB76A, 0xB76A, 0xA74A, 0x8EE8, 0x7E65, 0x8EC6, 0x9F27,
    0xA727, 0x9EE7, 0xAF28, 0xC789, 0xC789, 0xC789, 0xB748, 0xA748, 0x9EC7, 0xAF08, 0xB749, 0xB749,
    0xAF28, 0xAF08, 0xAF28, 0xB727, 0xC768, 0xCF89, 0xCFA9, 0xBF68, 0xB748, 0xB748, 0xAF28, 0xAF28,
    0xA707, 0xA727, 0x9F07, 0x9F08, 0xB749, 0xC789, 0xC78A, 0xBF69, 0xAF07, 0xAF27, 0xBF68, 0xBF48,
    0xBF68, 0xBF69, 0xB728, 0xB728, 0xBF69, 0xB708, 0xB729, 0xBF6A, 0xAF28, 0xA708, 0xB729, 0xBF69,
    0xC769, 0xBF69, 0xA6E8, 0x9EE7, 0xB768, 0xBF89, 0xBF89, 0xB769, 0xA709, 0x9EE9, 0xA70A, 0x9F09,
    0x9EE8, 0xAF49, 0xAF49, 0xA708, 0xA6E8, 0x9EE7, 0xA707, 0xBF67, 0xCFC8, 0xDFC8, 0xDFE9, 0xD7EA,
    0xC7A9, 0xAF48, 0x9EC7, 0x96A7, 0x8EA7, 0x96A7, 0x9EE7, 0xBF69, 0xC7A9, 0xC7A9, 0xC7A9, 0xBFA9,
    0xBFA9, 0xB7AA, 0x9F29, 0x6E06, 0x3CE4, 0x3484, 0x3465, 0x2C04, 0x3405, 0x3425, 0x3466, 0x44E7,
    0x5528, 0x5549, 0x4D08, 0x44A8, 0x33E7, 0x2326, 0x2306, 0x22E7, 0x2AC7, 0x2AC7, 0x2AA7, 0x2AC7,
    0x2AE7, 0x3308, 0x3328, 0x3348, 0x3369, 0x3B89, 0x3BA9, 0x2246, 0x0061, 0x0000, 0x0000, 0x0000,
    0x0000, 0x0000, 0x0000, 0x0000, 0x0000, 0x0000, 0x0000, 0x0000, 0x0000, 0x0000, 0x0000, 0x0000,
    0x0000, 0x0000, 0x0000, 0x0000, 0x0000, 0x0000, 0x0000, 0x0000, 0x0000, 0x0000, 0x0000, 0x0000,
    0x0000, 0x0000, 0x0000, 0x0000, 0x0061, 0x19A5, 0x1A06, 0x1A06, 0x19E6, 0x1A06, 0x11E5, 0x11E5,
    0x19E5, 0x19E5, 0x1A05, 0x1A05, 0x1A24, 0x1244, 0x1284, 0x2345, 0x3407, 0x4D09, 0x65EA, 0x7E6B,
    0x86CB, 0x8EEB, 0x8EEB, 0x8F0A, 0x8EEA, 0x8EEA, 0x8EEA, 0x8F0A, 0x972A, 0x8F2A, 0x7688, 0x5DE6,
    0x5DA5, 0x7646, 0x9F29, 0xAF69, 0xB769, 0xB769, 0xA749, 0x96C7, 0x8EA7, 0x9F09, 0xAF6A, 0xB78A,
    0xBF6A, 0xBF6A, 0xAF4A, 0x8EE8, 0x7E66, 0x7E85, 0x9707, 0x9F27, 0x96E6, 0x9EE7, 0xBF69, 0xC789,
    0xCF89, 0xC769, 0xB748, 0xA708, 0x9EC7, 0xB769, 0xB749, 0xAF28, 0xA6E7, 0xAF28, 0xAF27, 0xB747,
    0xCF88, 0xCF88, 0xCF89, 0xBF48, 0xB728, 0xB769, 0xB748, 0xB748, 0xAF27, 0xA727, 0xA728, 0xA728,
    0xB749, 0xC769, 0xC78A, 0xBF89, 0xAF07, 0xAF07, 0xBF68, 0xBF68, 0xBF69, 0xBF69, 0xB728, 0xB728,
    0xC769, 0xBF28, 0xBF08, 0xC78A, 0xB749, 0xA6E8, 0xAF28, 0xBF69, 0xC769, 0xC769, 0xAF09, 0x9EC7,
    0xB748, 0xC788, 0xC789, 0xBF69, 0xB729, 0xA6E8, 0xA709, 0xA729, 0xA709, 0xAF49, 0xBF89, 0xB748,
    0xA6E7, 0x96C6, 0x96C6, 0xAF47, 0xC7A8, 0xD7E9, 0xDFE9, 0xDFE9, 0xD7C9, 0xCFC9, 0xBF68, 0xA707,
    0x96A7, 0x8E86, 0x8E86, 0xA6E8, 0xB769, 0xBF89, 0xC789, 0xBF89, 0xBF89, 0xB789, 0xAF6A, 0x8EC9,
    0x5545, 0x3484, 0x3445, 0x2BE4, 0x2BE4, 0x2BE5, 0x2C05, 0x3425, 0x3C66, 0x44A7, 0x44C8, 0x44A8,
    0x33E7, 0x2326, 0x2306, 0x22E7, 0x2AC7, 0x2AC7, 0x2AA7, 0x2AA7, 0x2AC7, 0x32E7, 0x3308, 0x3349,
    0x3B69, 0x3B8A, 0x3308, 0x10E2, 0x0000, 0x0000, 0x0000, 0x0000, 0x0000, 0x0000, 0x0000, 0x0000,
    0x0000, 0x0000, 0x0000, 0x0000, 0x0000, 0x0000, 0x0000, 0x0000, 0x0000, 0x0000, 0x0000, 0x0000,
    0x0000, 0x0000, 0x0000, 0x0000, 0x0000, 0x0000, 0x0000, 0x0000, 0x0000, 0x0000, 0x0000, 0x0000,
    0x0000, 0x08E3, 0x19E6, 0x1A27, 0x1A06, 0x1A06, 0x1A05, 0x1A05, 0x19E5, 0x19E5, 0x19E5, 0x1A05,
    0x1A45, 0x1A85, 0x1AE5, 0x2BC7, 0x44C9, 0x5DAA, 0x764B, 0x7E8B, 0x86CB, 0x8ECB, 0x8ECA, 0x86CA,
    0x86CA, 0x8F0A, 0x8F0A, 0x8F2B, 0x8F2B, 0x7EC9, 0x5DE6, 0x5565, 0x65E5, 0x8EC8, 0xA769, 0xAF89,
    0xAF89, 0xA769, 0x9EE7, 0x8EA7, 0xA708, 0xB76A, 0xBF6A, 0xBF8A, 0xBF6A, 0xAF4A, 0x96E8, 0x7666,
    0x7665, 0x8EC6, 0x9F27, 0x9F27, 0x96C6, 0xA728, 0xC789, 0xCF89, 0xCF89, 0xC769, 0xAF28, 0xA6E7,
    0xA708, 0xB769, 0xB728, 0xAF08, 0xA6E7, 0xAF48, 0xB727, 0xBF67, 0xCFA8, 0xD7A8, 0xCF89, 0xBF28,
    0xAF28, 0xBF69, 0xB768, 0xB748, 0xAF27, 0xA707, 0xAF48, 0xAF28, 0xBF49, 0xC769, 0xCF8A, 0xBF89,
    0xAF28, 0xAF07, 0xB768, 0xBF68, 0xBF68, 0xBF69, 0xB728, 0xB728, 0xC769, 0xC749, 0xBF28, 0xC769,
    0xB749, 0xA6E7, 0xA708, 0xB749, 0xC769, 0xC769, 0xB729, 0xA6C8, 0xAF28, 0xBF68, 0xC788, 0xBF68,
    0xBF69, 0xAF09, 0x9EE8, 0xA709, 0xAF29, 0xB749, 0xBF89, 0xBF69, 0xAF27, 0x9EE6, 0x96C6, 0xA727,
    0xBF88, 0xD7C9, 0xDFE9, 0xDFE9, 0xDFE9, 0xD7C9, 0xCFC9, 0xC789, 0xAF27, 0x96A6, 0x8E86, 0x8E86,
    0xA6E8, 0xB769, 0xBF89, 0xBF89, 0xBF89, 0xBF89, 0xAF6A, 0x9F2A, 0x65C7, 0x3CA4, 0x3465, 0x2BE4,
    0x23C4, 0x23C5, 0x2BC5, 0x2BC5, 0x23A5, 0x2C06, 0x3427, 0x3407, 0x2BA6, 0x2B26, 0x2B26, 0x2AE7,
    0x2AC7, 0x22A7, 0x2AA7, 0x2AA7, 0x2AC7, 0x32E8, 0x3308, 0x3349, 0x3B69, 0x3B49, 0x19A4, 0x0020,
    0x0000, 0x0000, 0x0000, 0x0000, 0x0000, 0x0000, 0x0000, 0x0000, 0x0000, 0x0000, 0x0000, 0x0000,
    0x0000, 0x0000, 0x0000, 0x0000, 0x0000, 0x0000, 0x0000, 0x0000, 0x0000, 0x0000, 0x0000, 0x0000,
    0x0000, 0x0000, 0x0000, 0x0000, 0x0000, 0x0000, 0x0000, 0x0000, 0x0000, 0x0020, 0x1144, 0x2227,
    0x1A26, 0x1A26, 0x1A06, 0x1A05, 0x19E5, 0x19E5, 0x19E5, 0x1A25, 0x2265, 0x22C5, 0x2B46, 0x3C68,
    0x554A, 0x65EB, 0x766B, 0x7E8B, 0x86AB, 0x86AA, 0x86AA, 0x86CA, 0x86EA, 0x8F2B, 0x8F2B, 0x86EA,
    0x7689, 0x5DC6, 0x4524, 0x5564, 0x8687, 0x9F48, 0xAF68, 0xAF88, 0xAF68, 0x9707, 0x8EA6, 0xA708,
    0xB76A, 0xBF8A, 0xBF69, 0xBF8A, 0xAF69, 0x9708, 0x7E66, 0x6E24, 0x7EA5, 0x9727, 0x9F47, 0x96E6,
    0x9EE7, 0xB769, 0xCFA9, 0xCF89, 0xCF89, 0xBF69, 0xAF28, 0xA6E7, 0xB749, 0xB769, 0xAF07, 0xA707,
    0xAF28, 0xB728, 0xB747, 0xC7A8, 0xCFA8, 0xD7A8, 0xCFA9, 0xB748, 0xAF07, 0xB768, 0xB748, 0xB748,
    0xAF27, 0xA707, 0xAF48, 0xAF48, 0xBF48, 0xC769, 0xCF8A, 0xC78A, 0xB748, 0xA707, 0xB768, 0xBF68,
    0xBF48, 0xBF69, 0xB728, 0xB728, 0xC769, 0xC769, 0xC748, 0xC749, 0xBF49, 0xAF08, 0xAF08, 0xAF08,
    0xBF48, 0xC769, 0xBF49, 0xA6C8, 0xAF08, 0xBF68, 0xC788, 0xC768, 0xC789, 0xB749, 0x9EC8, 0x9EE8,
    0xA729, 0xAF49, 0xB768, 0xBF89, 0xB768, 0xA727, 0x9EE6, 0xA706, 0xB747, 0xCFA8, 0xD7E9, 0xDFC9,
    0xDFE9, 0xDFE9, 0xDFC9, 0xD7C9, 0xCFA8, 0xB747, 0xA6C7, 0x8E46, 0x8E46, 0xA6C8, 0xB74A, 0xBF69,
    0xBF89, 0xBF89, 0xB76A, 0xA74A, 0x7E68, 0x4D05, 0x3464, 0x2C04, 0x23C4, 0x23A5, 0x23A5, 0x2385,
    0x2385, 0x2385, 0x2365, 0x2B66, 0x2B46, 0x2B26, 0x2B06, 0x2B07, 0x2AE7, 0x2AC7, 0x2AA7, 0x2AA7,
    0x2AE7, 0x3308, 0x3328, 0x3B49, 0x3B69, 0x2226, 0x0861, 0x0000, 0x0000, 0x0000, 0x0000, 0x0000,
    0x0000, 0x0000, 0x0000, 0x0000, 0x0000, 0x0000, 0x0000, 0x0000, 0x0000, 0x0000, 0x0000, 0x0000,
    0x0000, 0x0000, 0x0000, 0x0000, 0x0000, 0x0000, 0x0000, 0x0000, 0x0000, 0x0000, 0x0000, 0x0000,
    0x0000, 0x0000, 0x0000, 0x0000, 0x0000, 0x0000, 0x0061, 0x19E6, 0x2247, 0x1A26, 0x1A26, 0x1A05,
    0x1A05, 0x1A05, 0x1A05, 0x1A25, 0x2265, 0x22C5, 0x2B46, 0x4468, 0x556A, 0x6E0B, 0x766B, 0x7E8B,
    0x7E8A, 0x868A, 0x86AA, 0x86CB, 0x86EB, 0x86EB, 0x76AA, 0x65E8, 0x4D45, 0x3CE4, 0x4503, 0x65E5,
    0x9708, 0xA768, 0xAF68, 0xA768, 0x9F28, 0x96C6, 0x9EE7, 0xB76A, 0xBF8A, 0xC789, 0xBF89, 0xB789,
    0x9F28, 0x7E85, 0x6E44, 0x7665, 0x8EE6, 0x9F47, 0x9F27, 0x9EE6, 0xAF47, 0xC789, 0xCF89, 0xCF89,
    0xC769, 0xBF48, 0xAF27, 0xA707, 0xB768, 0xB748, 0xA6E7, 0xAF07, 0xB768, 0xBF47, 0xC767, 0xCFA8,
    0xD7A8, 0xD7A8, 0xCF88, 0xB748, 0xA707, 0xAF48, 0xB748, 0xBF48, 0xB728, 0xA707, 0xB768, 0xB748,
    0xBF48, 0xC769, 0xCF8A, 0xC78A, 0xB748, 0xAF07, 0xB768, 0xBF68, 0xBF68, 0xC769, 0xB728, 0xB728,
    0xBF68, 0xBF68, 0xC768, 0xC768, 0xC769, 0xBF49, 0xB728, 0xAF08, 0xAF28, 0xBF49, 0xBF49, 0xAEE8,
    0xAF08, 0xBF68, 0xC788, 0xC787, 0xC788, 0xBF69, 0xA6E8, 0x96A7, 0x9F08, 0xAF48, 0xB768, 0xB768,
    0xBF88, 0xB768, 0xA727, 0xA6E6, 0xAF27, 0xBF88, 0xD7C9, 0xDFC9, 0xDFE9, 0xDFE8, 0xDFC8, 0xDFC8,
    0xD7C8, 0xCFA8, 0xBF68, 0x9EA7, 0x9646, 0x9667, 0xA6E9, 0xB749, 0xBF69, 0xB769, 0xB789, 0xAF6A,
    0x9709, 0x5DA6, 0x3C84, 0x2C04, 0x23C4, 0x2385, 0x2B85, 0x2B85, 0x2B86, 0x2366, 0x2B66, 0x2B66,
    0x2B46, 0x2B26, 0x2B06, 0x2B07, 0x2AE7, 0x2AC7, 0x2AC7, 0x2AC7, 0x2AE8, 0x3308, 0x3328, 0x3B69,
    0x3308, 0x08C2, 0x0000, 0x0000, 0x0000, 0x0000, 0x0000, 0x0000, 0x0000, 0x0000, 0x0000, 0x0000,
    0x0000, 0x0000, 0x0000, 0x0000, 0x0000, 0x0000, 0x0000, 0x0000, 0x0000, 0x0000, 0x0000, 0x0000,
    0x0000, 0x0000, 0x0000, 0x0000, 0x0000, 0x0000, 0x0000, 0x0000, 0x0000, 0x0000, 0x0000, 0x0000,
    0x0000, 0x0000, 0x0000, 0x08C2, 0x1A06, 0x1A46, 0x1A26, 0x1A06, 0x19E5, 0x1A05, 0x1A05, 0x1A25,
    0x1A65, 0x22E5, 0x3386, 0x4CA9, 0x5D8A, 0x6E0B, 0x764B, 0x764A, 0x7E6A, 0x7E8B, 0x86AB, 0x86CB,
    0x7E8A, 0x65E8, 0x4D46, 0x3CC4, 0x34A3, 0x3CC3, 0x5584, 0x86A7, 0xA748, 0xAF67, 0xA767, 0x9F27,
    0x96E6, 0xA728, 0xB769, 0xBF8A, 0xC789, 0xBF89, 0xB78A, 0x9F48, 0x76A5, 0x6644, 0x6E44, 0x86C6,
    0x9F27, 0xA748, 0x9F06, 0xA6E6, 0xBF68, 0xCF89, 0xCF89, 0xCF89, 0xBF68, 0xB748, 0xAF27, 0xAF47,
    0xB768, 0xAF47, 0xA6E7, 0xB727, 0xC768, 0xC767, 0xD788, 0xD7A8, 0xDFA8, 0xD7A8, 0xCF89, 0xB748,
    0xA707, 0xAF48, 0xB747, 0xBF68, 0xB748, 0xAF07, 0xB768, 0xB748, 0xBF48, 0xC769, 0xCF8A, 0xCF8A,
    0xBF49, 0xAF07, 0xB768, 0xC788, 0xC768, 0xC769, 0xB728, 0xB728, 0xBF68, 0xBF48, 0xC788, 0xCF88,
    0xD789, 0xCF89, 0xBF48, 0xAF08, 0xA708, 0xAF28, 0xB749, 0xB728, 0xAF07, 0xB748, 0xC788, 0xC787,
    0xC788, 0xC789, 0xAF28, 0x96A7, 0x96C7, 0x9EE7, 0xAF48, 0xB768, 0xBF88, 0xBF88, 0xB768, 0xA707,
    0xA6E6, 0xB747, 0xC7A8, 0xD7C8, 0xDFE8, 0xDFE8, 0xDFC8, 0xDFC8, 0xDFC8, 0xD7C8, 0xD7A8, 0xBF48,
    0xA6A7, 0x8E26, 0x9647, 0xA6E8, 0xB749, 0xB769, 0xB769, 0xAF8A, 0x9F4A, 0x7668, 0x4D05, 0x3425,
    0x2BC5, 0x2385, 0x2B65, 0x2B66, 0x2B66, 0x2B66, 0x2B66, 0x2B66, 0x2B26, 0x2B06, 0x2B06, 0x2B07,
    0x2B07, 0x2AE7, 0x2AE7, 0x2AE7, 0x2B08, 0x3328, 0x3349, 0x3328, 0x1943, 0x0000, 0x0000, 0x0000,
    0x0000, 0x0000, 0x0000, 0x0000, 0x0000, 0x0000, 0x0000, 0x0000, 0x0000, 0x0000, 0x0000, 0x0000,
    0x0000, 0x0000, 0x0000, 0x0000, 0x0000, 0x0000, 0x0000, 0x0000, 0x0000, 0x0000, 0x0000, 0x0000,
    0x0000, 0x0000, 0x0000, 0x0000, 0x0000, 0x0000, 0x0000, 0x0000, 0x0000, 0x0000, 0x0000, 0x0020,
    0x1143, 0x2246, 0x1A26, 0x1A06, 0x1A05, 0x1A05, 0x1A05, 0x1A25, 0x1A65, 0x22C5, 0x3387, 0x4CA9,
    0x5D6A, 0x65CB, 0x6DEB, 0x6E0A, 0x762B, 0x764B, 0x764B, 0x6E0A, 0x5D88, 0x3CC5, 0x3464, 0x2C43,
    0x3483, 0x44E4, 0x6E06, 0x9728, 0xA768, 0xAF67, 0xA746, 0x9F06, 0xA727, 0xB789, 0xBFA9, 0xC789,
    0xC789, 0xBF8A, 0xAF69, 0x86C6, 0x6664, 0x6644, 0x76A5, 0x9727, 0xA747, 0xA747, 0x9EE6, 0xB727,
    0xCF88, 0xCF88, 0xCF89, 0xCF89, 0xBF68, 0xB747, 0xAF27, 0xB747, 0xAF47, 0xA727, 0xA706, 0xBF68,
    0xCF88, 0xD787, 0xDFA8, 0xDFA8, 0xDFA8, 0xDFA8, 0xD789, 0xBF48, 0xA707, 0xAF48, 0xB748, 0xBF68,
    0xB728, 0xAF07, 0xB768, 0xBF48, 0xBF48, 0xC749, 0xCF8A, 0xCF8A, 0xC769, 0xAF07, 0xBF68, 0xC789,
    0xCF89, 0xC769, 0xBF28, 0xB708, 0xBF68, 0xB748, 0xC768, 0xD7A8, 0xD7A9, 0xD789, 0xC768, 0xAF28,
    0xA707, 0xAF08, 0xB749, 0xBF49, 0xAF08, 0xB748, 0xC788, 0xCF88, 0xCF88, 0xCFA9, 0xBF69, 0xA6E8,
    0x8E87, 0x8EA7, 0x9EE7, 0xAF68, 0xBFA8, 0xC7A8, 0xC788, 0xB747, 0xA706, 0xAF27, 0xBF88, 0xCFC8,
    0xDFE8, 0xDFE8, 0xDFE8, 0xDFC8, 0xDFC8, 0xDFC8, 0xDFC8, 0xD7A9, 0xBF48, 0x9E87, 0x8626, 0x8E47,
    0x9EE8, 0xAF49, 0xAF69, 0xAF69, 0xA769, 0x8EE9, 0x65A7, 0x3C65, 0x2BC5, 0x2385, 0x2365, 0x2B66,
    0x2B46, 0x2B46, 0x2B46, 0x2B46, 0x2B26, 0x2B06, 0x2B06, 0x2B07, 0x2AE7, 0x2AE7, 0x2AE7, 0x2B08,
    0x3328, 0x3349, 0x3B49, 0x21E5, 0x0040, 0x0000, 0x0000, 0x0000, 0x0000, 0x0000, 0x0000, 0x0000,
    0x0000, 0x0000, 0x0000, 0x0000, 0x0000, 0x0000, 0x0000, 0x0000, 0x0000, 0x0000, 0x0000, 0x0000,
    0x0000, 0x0000, 0x0000, 0x0000, 0x0000, 0x0000, 0x0000, 0x0000, 0x0000, 0x0000, 0x0000, 0x0000,
    0x0000, 0x0000, 0x0000, 0x0000, 0x0000, 0x0000, 0x0000, 0x0000, 0x0061, 0x1164, 0x1A26, 0x1A26,
    0x1A06, 0x1A06, 0x1A06, 0x1A25, 0x1A45, 0x22A5, 0x2B46, 0x4428, 0x4CC9, 0x4D09, 0x5509, 0x4D08,
    0x5508, 0x5508, 0x4CE7, 0x44A6, 0x3465, 0x2C04, 0x2C03, 0x2C44, 0x3484, 0x4D24, 0x7E87, 0x9F48,
    0xAF67, 0xAF67, 0xA747, 0xAF47, 0xB788, 0xBFA9, 0xBF89, 0xBF89, 0xBF89, 0xB769, 0x96E7, 0x7665,
    0x6644, 0x6E85, 0x8706, 0x9F47, 0xA727, 0xA707, 0xAF07, 0xC768, 0xCF88, 0xCF88, 0xCF88, 0xC768,
    0xBF48, 0xB748, 0xBF68, 0xB748, 0xAF47, 0xA727, 0xAF47, 0xC788, 0xD7A8, 0xDFA8, 0xDFA8, 0xDFA8,
    0xDFA8, 0xDF88, 0xD789, 0xBF48, 0xAF27, 0xB748, 0xBF48, 0xBF48, 0xAF28, 0xAF07, 0xBF68, 0xBF48,
    0xBF28, 0xBF28, 0xCF8A, 0xCFAA, 0xC769, 0xB707, 0xBF68, 0xCF89, 0xCF68, 0xCF69, 0xBF28, 0xB708,
    0xBF68, 0xB748, 0xBF68, 0xCFA9, 0xD7A9, 0xD7A8, 0xCFA8, 0xBF68, 0xA707, 0xA6E8, 0xB749, 0xBF69,
    0xAF08, 0xB708, 0xC768, 0xCF88, 0xCF88, 0xD7A9, 0xCF89, 0xB729, 0x96A8, 0x8EA7, 0x8EA7, 0x9F08,
    0xB768, 0xC7A8, 0xCFA8, 0xBF88, 0xAF27, 0xA706, 0xAF47, 0xBF88, 0xD7C8, 0xDFC8, 0xDFC8, 0xDFC8,
    0xDFC8, 0xDFC8, 0xDFC8, 0xD7C8, 0xCFA9, 0xB728, 0x9666, 0x7E06, 0x8647, 0x96C8, 0x9F29, 0xA749,
    0xA749, 0x9F0A, 0x7E49, 0x44A5, 0x3405, 0x2BA5, 0x2365, 0x2B66, 0x2B46, 0x2B26, 0x2B26, 0x2B06,
    0x2B06, 0x2AE6, 0x2AE6, 0x2AE6, 0x2AE7, 0x2B07, 0x2B07, 0x2B08, 0x3328, 0x3349, 0x2226, 0x0881,
    0x0000, 0x0000, 0x0000, 0x0000, 0x0000, 0x0000, 0x0000, 0x0000, 0x0000, 0x0000, 0x0000, 0x0000,
    0x0000, 0x0000, 0x0000, 0x0000, 0x0000, 0x0000, 0x0000, 0x0000, 0x0000, 0x0000, 0x0000, 0x0000,
    0x0000, 0x0000, 0x0000, 0x0000, 0x0000, 0x0000, 0x0000, 0x0000, 0x0000, 0x0000, 0x0000, 0x0000,
    0x0000, 0x0000, 0x0000, 0x0000, 0x0000, 0x0061, 0x19A5, 0x2226, 0x1A26, 0x1A26, 0x1A26, 0x1A26,
    0x1A45, 0x2285, 0x22E6, 0x2B46, 0x2BA6, 0x2BC6, 0x2BC6, 0x2BC5, 0x2BC5, 0x2BC5, 0x23C4, 0x23A4,
    0x23C4, 0x23C3, 0x23E3, 0x2C23, 0x3C83, 0x5D65, 0x8EC8, 0xA768, 0xAF47, 0xAF47, 0xB768, 0xB788,
    0xBFA9, 0xBFA9, 0xBF88, 0xBF89, 0xB78A, 0x9F28, 0x7645, 0x6624, 0x6E44, 0x7EC6, 0x9727, 0xA747,
    0x9F07, 0x9EC7, 0xB748, 0xCF89, 0xCF88, 0xCF88, 0xC788, 0xBF48, 0xBF48, 0xC768, 0xC789, 0xBF48,
    0xB747, 0xAF26, 0xBF67, 0xD7A8, 0xDFA8, 0xDFA8, 0xDFA8, 0xDFA8, 0xDFA8, 0xDFA8, 0xD789, 0xBF48,
    0xAF28, 0xBF48, 0xC769, 0xBF48, 0xAF27, 0xA707, 0xBF68, 0xBF68, 0xB707, 0xBF28, 0xCF89, 0xD7AA,
    0xCF89, 0xB707, 0xC768, 0xCF89, 0xCF68, 0xCF69, 0xBF28, 0xB708, 0xBF89, 0xB748, 0xB747, 0xCFA9,
    0xD7A9, 0xDFA8, 0xD7A8, 0xC788, 0xAF07, 0xA6E8, 0xB729, 0xB749, 0xB728, 0xAF07, 0xBF48, 0xCFA9,
    0xD7A8, 0xD7A9, 0xD7A9, 0xC76A, 0xA6E8, 0x96C8, 0x86A8, 0x8EA7, 0xA708, 0xBF88, 0xCFA8, 0xC7A8,
    0xB768, 0xA727, 0xA727, 0xB767, 0xCFA8, 0xD7C8, 0xDFC8, 0xE7C8, 0xE7C8, 0xDFC7, 0xDFC7, 0xDFC7,
    0xD7C8, 0xC788, 0xA6E8, 0x8646, 0x6DE6, 0x7627, 0x8EA8, 0x9F09, 0xA72A, 0x9F0A, 0x8E8A, 0x5506,
    0x3425, 0x2BA5, 0x2365, 0x2346, 0x2B26, 0x2B06, 0x2B06, 0x2AE6, 0x2AE6, 0x2AE6, 0x2AE6, 0x2B07,
    0x2B07, 0x2B07, 0x2B07, 0x3328, 0x3348, 0x2AA7, 0x08C2, 0x0000, 0x0000, 0x0000, 0x0000, 0x0000,
    0x0000, 0x0000, 0x0000, 0x0000, 0x0000, 0x0000, 0x0000, 0x0000, 0x0000, 0x0000, 0x0000, 0x0000,
    0x0000, 0x0000, 0x0000, 0x0000, 0x0000, 0x0000, 0x0000, 0x0000, 0x0000, 0x0000, 0x0000, 0x0000,
    0x0000, 0x0000, 0x0000, 0x0000, 0x0000, 0x0000, 0x0000, 0x0000, 0x0000, 0x0000, 0x0000, 0x0000,
    0x0000, 0x0000, 0x08E2, 0x2206, 0x2227, 0x1A26, 0x1A26, 0x1A26, 0x1A45, 0x1A65, 0x1AA5, 0x1AE5,
    0x1B05, 0x1B25, 0x1B45, 0x1B65, 0x1B64, 0x1B64, 0x1B64, 0x1B84, 0x1B84, 0x23A3, 0x23E3, 0x2C03,
    0x3C83, 0x65A5, 0x9708, 0xAF68, 0xAF48, 0xB768, 0xBF89, 0xBFA9, 0xBFA9, 0xBFA9, 0xBF89, 0xB789,
    0xA749, 0x7E86, 0x6604, 0x6624, 0x7685, 0x8F07, 0x9F48, 0x9F27, 0x8EA6, 0x9EC7, 0xC789, 0xCF89,
    0xCF88, 0xCF88, 0xC788, 0xB727, 0xC768, 0xCF89, 0xCF89, 0xBF68, 0xBF67, 0xB746, 0xC767, 0xDFA7,
    0xDFA8, 0xE7A8, 0xDFA8, 0xDFA8, 0xDFA8, 0xD7A8, 0xCF88, 0xBF28, 0xB728, 0xBF48, 0xC769, 0xBF68,
    0xAF27, 0xA6E6, 0xC788, 0xC768, 0xB727, 0xBF28, 0xCF89, 0xD7AA, 0xCF89, 0xBF07, 0xC768, 0xCF89,
    0xCF69, 0xCF69, 0xBF28, 0xB707, 0xBF69, 0xB748, 0xAF27, 0xC789, 0xD7C9, 0xDFA8, 0xDFA8, 0xCFA8,
    0xBF68, 0xAF28, 0xAF08, 0xB728, 0xB748, 0xB727, 0xBF48, 0xCF89, 0xD7A8, 0xDFA9, 0xD7A9, 0xCF8A,
    0xAF29, 0x9EE8, 0x96E8, 0x8EA7, 0x96C7, 0xAF48, 0xBF89, 0xC7A8, 0xC7A8, 0xB767, 0xA727, 0xAF27,
    0xBF48, 0xCF88, 0xDFC8, 0xDFC8, 0xE7C7, 0xDFC7, 0xDFC7, 0xDFC7, 0xDFA8, 0xCFA8, 0xB749, 0x96C8,
    0x6E06, 0x65C6, 0x7627, 0x8EA9, 0x96EA, 0x96CA, 0x8669, 0x5526, 0x3C45, 0x2BC5, 0x2386, 0x2366,
    0x2B26, 0x2B06, 0x2B06, 0x2AE6, 0x2AE6, 0x2AE6, 0x2AE7, 0x3307, 0x3307, 0x3307, 0x3327, 0x3328,
    0x32E7, 0x1143, 0x0020, 0x0000, 0x0000, 0x0000, 0x0000, 0x0000, 0x0000, 0x0000, 0x0000, 0x0000,
    0x0000, 0x0000, 0x0000, 0x0000, 0x0000, 0x0000, 0x0000, 0x0000, 0x0000, 0x0000, 0x0000, 0x0000,
    0x0000, 0x0000, 0x0000, 0x0000, 0x0000, 0x0000, 0x0000, 0x0000, 0x0000, 0x0000, 0x0000, 0x0000,
    0x0000, 0x0000, 0x0000, 0x0000, 0x0000, 0x0000, 0x0000, 0x0000, 0x0000, 0x0000, 0x0020, 0x10E3,
    0x2206, 0x2226, 0x1A26, 0x1A26, 0x1A46, 0x1A66, 0x1A86, 0x1AC6, 0x1AC6, 0x1AE5, 0x1B05, 0x1B25,
    0x1B25, 0x1B44, 0x1B44, 0x1B44, 0x1B64, 0x2384, 0x23C3, 0x2C02, 0x44C3, 0x6E06, 0x9F29, 0xAF49,
    0xB769, 0xBF89, 0xBFAA, 0xBFA9, 0xBFA9, 0xBFA9, 0xB789, 0xA749, 0x7E86, 0x6604, 0x6604, 0x6E45,
    0x86E7, 0x9728, 0x9F08, 0x8E86, 0x8625, 0xAF08, 0xCF89, 0xCF69, 0xCF89, 0xCF89, 0xBF68, 0xBF47,
    0xC788, 0xCF88, 0xC788, 0xC768, 0xBF67, 0xBF46, 0xCF87, 0xDFA7, 0xE7A7, 0xE7A7, 0xE7A8, 0xDFA8,
    0xDFA7, 0xD7A7, 0xCF88, 0xB727, 0xB728, 0xC768, 0xCF89, 0xC768, 0xAF27, 0xA6E6, 0xC768, 0xC768,
    0xBF27, 0xBF27, 0xCF89, 0xD7A9, 0xD789, 0xC728, 0xCF68, 0xD789, 0xCF68, 0xCF89, 0xBF28, 0xB727,
    0xBF69, 0xB748, 0xAF27, 0xC789, 0xD7A9, 0xDFC9, 0xDFA8, 0xD7A8, 0xCFA8, 0xBF48, 0xAF07, 0xAF28,
    0xB748, 0xB747, 0xBF27, 0xCF88, 0xD7A9, 0xDFA9, 0xDFA9, 0xD7AA, 0xC769, 0xAF28, 0x9F08, 0x96C8,
    0x8687, 0x96A7, 0xAF48, 0xC7A8, 0xC7A8, 0xC7A8, 0xBF68, 0xAF27, 0xAF07, 0xB727, 0xCF88, 0xD7C8,
    0xDFC7, 0xDFC7, 0xDFC7, 0xDFC7, 0xDFA7, 0xD7A8, 0xC789, 0xA709, 0x6E27, 0x5586, 0x5D86, 0x6DA7,
    0x75E8, 0x7E29, 0x7E29, 0x5D47, 0x3C46, 0x2BA5, 0x2366, 0x2B46, 0x2B27, 0x2B06, 0x2AE6, 0x2AE6,
    0x2AE6, 0x2AE7, 0x2B07, 0x3307, 0x3307, 0x3327, 0x3328, 0x3307, 0x1984, 0x0020, 0x0000, 0x0000,
    0x0000, 0x0000, 0x0000, 0x0000, 0x0000, 0x0000, 0x0000, 0x0000, 0x0000, 0x0000, 0x0000, 0x0000,
    0x0000, 0x0000, 0x0000, 0x0000, 0x0000, 0x0000, 0x0000, 0x0000, 0x0000, 0x0000, 0x0000, 0x0000,
    0x0000, 0x0000, 0x0000, 0x0000, 0x0000, 0x0000, 0x0000, 0x0000, 0x0000, 0x0000, 0x0000, 0x0000,
    0x0000, 0x0000, 0x0000, 0x0000, 0x0000, 0x0000, 0x0000, 0x0020, 0x1144, 0x2226, 0x2246, 0x1A46,
    0x1A46, 0x1A66, 0x1A86, 0x1A86, 0x1AA5, 0x1AA5, 0x12C5, 0x1AE5, 0x1B04, 0x1B04, 0x1B24, 0x1B23,
    0x1B23, 0x2364, 0x23A3, 0x2C02, 0x4D04, 0x7E67, 0xA749, 0xAF69, 0xB769, 0xBF8A, 0xBFAA, 0xBFA9,
    0xBFA9, 0xB7A9, 0xAF69, 0x86A6, 0x65E4, 0x5DC4, 0x6604, 0x7E86, 0x9707, 0x9F28, 0x8EC7, 0x7605,
    0x8625, 0xBF49, 0xCF89, 0xD789, 0xCF89, 0xC789, 0xB747, 0xBF68, 0xC7A8, 0xCF88, 0xC768, 0xC768,
    0xBF47, 0xC767, 0xD7A7, 0xE7C7, 0xE7A7, 0xE7A7, 0xE7A8, 0xDFA7, 0xD7A8, 0xD7A8, 0xC788, 0xB727,
    0xB728, 0xC768, 0xCF89, 0xC789, 0xB748, 0xAF07, 0xCF68, 0xC748, 0xBF07, 0xBF27, 0xCF88, 0xD7A9,
    0xD789, 0xC728, 0xCF68, 0xD789, 0xCF68, 0xCF89, 0xBF48, 0xBF28, 0xC789, 0xBF68, 0xB727, 0xC768,
    0xD7A9, 0xDFA9, 0xDFA8, 0xDFA8, 0xD7A8, 0xC768, 0xB707, 0xAF28, 0xBF48, 0xBF68, 0xBF27, 0xCF68,
    0xD7A9, 0xDFA9, 0xDFA9, 0xDFA9, 0xCF89, 0xB748, 0x9F08, 0x96E8, 0x8E88, 0x8667, 0x9EE8, 0xB788,
    0xC788, 0xC7A8, 0xC7A8, 0xBF68, 0xAF27, 0xAF07, 0xB727, 0xC787, 0xD7C8, 0xDFC7, 0xDFC7, 0xDFC7,
    0xDFA7, 0xD7A8, 0xC789, 0x9EC8, 0x6586, 0x44E5, 0x44E6, 0x4CE6, 0x54C5, 0x6547, 0x6DA8, 0x5D27,
    0x3C46, 0x2B85, 0x2346, 0x2326, 0x2B06, 0x2AE6, 0x2AC6, 0x2AE7, 0x3307, 0x3307, 0x3307, 0x3307,
    0x3327, 0x3328, 0x3B28, 0x21E5, 0x0040, 0x0000, 0x0000, 0x0000, 0x0000, 0x0000, 0x0000, 0x0000,
    0x0000, 0x0000, 0x0000, 0x0000, 0x0000, 0x0000, 0x0000, 0x0000, 0x0000, 0x0000, 0x0000, 0x0000,
    0x0000, 0x0000, 0x0000, 0x0000, 0x0000, 0x0000, 0x0000, 0x0000, 0x0000, 0x0000, 0x0000, 0x0000,
    0x0000, 0x0000, 0x0000, 0x0000, 0x0000, 0x0000, 0x0000, 0x0000, 0x0000, 0x0000, 0x0000, 0x0000,
    0x0000, 0x0000, 0x0000, 0x0000, 0x0041, 0x1144, 0x2226, 0x2246, 0x2266, 0x1A66, 0x1A66, 0x1A65,
    0x1A65, 0x1A85, 0x1285, 0x1AA5, 0x1AC4, 0x1AE4, 0x1B04, 0x1303, 0x1B03, 0x1B44, 0x2383, 0x3443,
    0x65A6, 0x8EC9, 0xAF4A, 0xB769, 0xBF6A, 0xBF8A, 0xBF89, 0xBF89, 0xB789, 0xA748, 0x86A6, 0x5DC3,
    0x4DA3, 0x55C4, 0x6E25, 0x86C7, 0x9708, 0x96E8, 0x7E46, 0x75C4, 0x9E87, 0xC769, 0xD769, 0xCF69,
    0xCF89, 0xC768, 0xB747, 0xC788, 0xCFA8, 0xCF88, 0xC767, 0xC767, 0xC747, 0xD787, 0xDFA8, 0xE7A8,
    0xE7A7, 0xE7A7, 0xDFA7, 0xDFA8, 0xDFA8, 0xCF88, 0xC768, 0xB727, 0xB728, 0xCF68, 0xCF89, 0xCF89,
    0xBF89, 0xBF27, 0xD789, 0xCF48, 0xBF07, 0xBF27, 0xCF88, 0xDFA9, 0xDF89, 0xCF48, 0xD789, 0xD789,
    0xCF68, 0xCF89, 0xC748, 0xBF28, 0xC769, 0xBF68, 0xB747, 0xBF47, 0xD7A9, 0xDFC9, 0xDFC8, 0xDFA8,
    0xDFA8, 0xCF88, 0xB727, 0xB727, 0xBF68, 0xBF68, 0xBF47, 0xC748, 0xD789, 0xDFA9, 0xDFA9, 0xDFA9,
    0xD7A9, 0xBF68, 0xA707, 0x9F08, 0x96C8, 0x8687, 0x8687, 0x9F08, 0xB768, 0xC788, 0xC788, 0xC788,
    0xBF68, 0xAF28, 0xA6E6, 0xA707, 0xBF88, 0xCFC8, 0xD7C8, 0xDFA7, 0xDFA8, 0xD7A8, 0xC769, 0x9EA8,
    0x5D45, 0x3444, 0x3445, 0x3C45, 0x3C05, 0x4466, 0x54A7, 0x4C87, 0x3C06, 0x2B66, 0x2B26, 0x2B06,
    0x2AE6, 0x2AC6, 0x2AC6, 0x2AE7, 0x3307, 0x3307, 0x3307, 0x3307, 0x3328, 0x3B28, 0x21E5, 0x0881,
    0x0000, 0x0000, 0x0000, 0x0000, 0x0000, 0x0000, 0x0000, 0x0000, 0x0000, 0x0000, 0x0000, 0x0000,
    0x0000, 0x0000, 0x0000, 0x0000, 0x0000, 0x0000, 0x0000, 0x0000, 0x0000, 0x0000, 0x0000, 0x0000,
    0x0000, 0x0000, 0x0000, 0x0000, 0x0000, 0x0000, 0x0000, 0x0000, 0x0000, 0x0000, 0x0000, 0x0000,
    0x0000, 0x0000, 0x0000, 0x0000, 0x0000, 0x0000, 0x0000, 0x0000, 0x0000, 0x0000, 0x0000, 0x0000,
    0x0000, 0x0061, 0x1984, 0x2246, 0x2266, 0x2266, 0x1A66, 0x1A66, 0x1A65, 0x1A65, 0x1A85, 0x1AA5,
    0x1AC5, 0x1AE4, 0x1AE4, 0x12E4, 0x12E3, 0x1B44, 0x1B83, 0x3C64, 0x75E7, 0x96C9, 0xAF2A, 0xB74A,
    0xB76A, 0xBF6A, 0xB78A, 0xB789, 0xA728, 0x7E46, 0x5583, 0x4542, 0x4583, 0x5DC4, 0x7E86, 0x96E8,
    0x96E8, 0x7E66, 0x6DE5, 0x8605, 0xAF08, 0xC769, 0xCF89, 0xCF88, 0xC788, 0xBF47, 0xBF67, 0xC7A8,
    0xCFA8, 0xCF88, 0xC787, 0xC767, 0xC747, 0xDFA8, 0xE7A8, 0xE7A8, 0xE7A8, 0xE7A8, 0xE7A8, 0xDFA8,
    0xD7A8, 0xCF87, 0xBF67, 0xAF27, 0xB748, 0xCF88, 0xD789, 0xCF88, 0xC788, 0xBF48, 0xD7A9, 0xCF68,
    0xBF27, 0xC747, 0xD788, 0xDFA8, 0xDF88, 0xD768, 0xDF88, 0xD788, 0xCF68, 0xCF88, 0xC748, 0xBF28,
    0xC768, 0xBF68, 0xB747, 0xB727, 0xCF88, 0xDFC9, 0xE7C8, 0xDFA8, 0xDFA8, 0xD7A8, 0xBF68, 0xB747,
    0xBF68, 0xC768, 0xBF47, 0xBF47, 0xCFA8, 0xDFA8, 0xDFA8, 0xDFA8, 0xD7C9, 0xC788, 0xAF07, 0xA708,
    0x9F08, 0x8EA7, 0x7E46, 0x8687, 0xA708, 0xBF88, 0xC788, 0xC788, 0xC789, 0xBF69, 0xA708, 0x9EE7,
    0xA707, 0xB748, 0xCF88, 0xD7A8, 0xD7A8, 0xCF89, 0xBF49, 0x96A9, 0x5526, 0x2C24, 0x2BE5, 0x33C5,
    0x33A5, 0x33C5, 0x3BC5, 0x33C6, 0x3386, 0x2B26, 0x2B06, 0x2AE6, 0x2AE6, 0x2AC6, 0x2AC6, 0x32E7,
    0x3307, 0x3307, 0x3307, 0x3307, 0x3308, 0x2A46, 0x08A1, 0x0000, 0x0000, 0x0000, 0x0000, 0x0000,
    0x0000, 0x0000, 0x0000, 0x0000, 0x0000, 0x0000, 0x0000, 0x0000, 0x0000, 0x0000, 0x0000, 0x0000,
    0x0000, 0x0000, 0x0000, 0x0000, 0x0000, 0x0000, 0x0000, 0x0000, 0x0000, 0x0000, 0x0000, 0x0000,
    0x0000, 0x0000, 0x0000, 0x0000, 0x0000, 0x0000, 0x0000, 0x0000, 0x0000, 0x0000, 0x0000, 0x0000,
    0x0000, 0x0000, 0x0000, 0x0000, 0x0000, 0x0000, 0x0000, 0x0000, 0x0000, 0x0000, 0x0881, 0x19A4,
    0x2246, 0x2246, 0x2246, 0x1A66, 0x1A66, 0x1A86, 0x1A85, 0x1A85, 0x1AA5, 0x1AC5, 0x1AE4, 0x1AE4,
    0x12E4, 0x1B23, 0x2383, 0x4484, 0x7608, 0x96CA, 0xAF0A, 0xAF2A, 0xB74A, 0xB74A, 0xAF4A, 0x9F08,
    0x7646, 0x4D43, 0x3D02, 0x3D22, 0x4D83, 0x6E25, 0x8EE8, 0x8EE8, 0x7E46, 0x6584, 0x6DC4, 0x96A7,
    0xB748, 0xC788, 0xCF88, 0xCF88, 0xBF67, 0xB747, 0xC788, 0xCFA8, 0xCFA8, 0xCFA8, 0xCF87, 0xC767,
    0xCF47, 0xE7A8, 0xE7A8, 0xE7A8, 0xE7A8, 0xE7A8, 0xDFA8, 0xDFA8, 0xD7A8, 0xC767, 0xB747, 0xAF07,
    0xB748, 0xCF88, 0xD788, 0xCF88, 0xCF68, 0xC747, 0xD7A8, 0xD768, 0xC747, 0xCF47, 0xD788, 0xDF88,
    0xDF88, 0xDF88, 0xDF89, 0xD788, 0xCF68, 0xCF88, 0xC748, 0xC747, 0xC768, 0xC788, 0xB767, 0xAF07,
    0xC768, 0xD7C8, 0xDFC8, 0xE7C8, 0xE7A8, 0xDFA8, 0xCF88, 0xBF47, 0xC768, 0xC788, 0xBF68, 0xBF47,
    0xCFA8, 0xDFA8, 0xDFC8, 0xDFC8, 0xDFC8, 0xCFA8, 0xB748, 0xA707, 0x9F28, 0x96E7, 0x7E66, 0x7626,
    0x8667, 0xA729, 0xBF89, 0xC788, 0xC788, 0xC789, 0xB769, 0xA708, 0x9EA7, 0x9EA7, 0xAF08, 0xC789,
    0xCF89, 0xC789, 0xAF09, 0x8628, 0x54E6, 0x2BE4, 0x2BA5, 0x2B85, 0x2B65, 0x2B45, 0x2B45, 0x2B45,
    0x2B26, 0x2B06, 0x2AE6, 0x2AE6, 0x2AE6, 0x2AE6, 0x2AE7, 0x3307, 0x3307, 0x3307, 0x3307, 0x3307,
    0x2A45, 0x08C2, 0x0000, 0x0000, 0x0000, 0x0000, 0x0000, 0x0000, 0x0000, 0x0000, 0x0000, 0x0000,
    0x0000, 0x0000, 0x0000, 0x0000, 0x0000, 0x0000, 0x0000, 0x0000, 0x0000, 0x0000, 0x0000, 0x0000,
    0x0000, 0x0000, 0x0000, 0x0000, 0x0000, 0x0000, 0x0000, 0x0000, 0x0000, 0x0000, 0x0000, 0x0000,
    0x0000, 0x0000, 0x0000, 0x0000, 0x0000, 0x0000, 0x0000, 0x0000, 0x0000, 0x0000, 0x0000, 0x0000,
    0x0000, 0x0000, 0x0000, 0x0000, 0x0000, 0x0000, 0x0000, 0x0881, 0x19A4, 0x2246, 0x2266, 0x2266,
    0x1A86, 0x1A86, 0x1A85, 0x1A85, 0x1AA5, 0x1AC5, 0x1AC5, 0x1AE4, 0x1AE4, 0x1B24, 0x23A4, 0x4CC6,
    0x7E09, 0x96AA, 0xA6EA, 0xA70A, 0xA72B, 0xA70A, 0x8EA8, 0x6DC5, 0x4D03, 0x3CC2, 0x34E2, 0x3D23,
    0x5DE5, 0x7EA8, 0x8EE9, 0x7647, 0x5564, 0x5544, 0x6E05, 0x9F08, 0xBF68, 0xC788, 0xC788, 0xC787,
    0xBF67, 0xC787, 0xCFA8, 0xD7A8, 0xD7A8, 0xD7A8, 0xCF87, 0xC746, 0xCF67, 0xE7A7, 0xE7A8, 0xE7A8,
    0xE7A8, 0xE7A8, 0xDFA8, 0xDFA8, 0xCFA8, 0xBF67, 0xAF47, 0xA707, 0xB747, 0xCF88, 0xD788, 0xD788,
    0xCF68, 0xCF67, 0xD7A8, 0xD767, 0xCF47, 0xCF67, 0xDF87, 0xDF87, 0xDF88, 0xE788, 0xDF89, 0xD788,
    0xCF68, 0xCF88, 0xC748, 0xC747, 0xC768, 0xC788, 0xBF68, 0xAF07, 0xBF68, 0xD7C8, 0xDFC8, 0xE7C8,
    0xE7A8, 0xE7A8, 0xD7A8, 0xCF68, 0xC767, 0xC788, 0xC788, 0xC747, 0xCF88, 0xDFA8, 0xDFA8, 0xDFC7,
    0xDFC8, 0xD7C8, 0xC788, 0xAF27, 0xA727, 0x9F28, 0x8EC7, 0x7606, 0x6DC6, 0x8E67, 0xAF29, 0xBF89,
    0xC7A8, 0xC789, 0xBF89, 0xB749, 0x9EC8, 0x8E67, 0x8E47, 0x9667, 0x9687, 0x9688, 0x8628, 0x6547,
    0x3C25, 0x2B84, 0x2B65, 0x2B45, 0x2B45, 0x2B26, 0x2B26, 0x2B05, 0x2AE6, 0x2AE6, 0x2AE6, 0x2AE6,
    0x2AE7, 0x2AE7, 0x32E7, 0x3307, 0x3307, 0x3307, 0x3307, 0x2A66, 0x10E2, 0x0000, 0x0000, 0x0000,
    0x0000, 0x0000, 0x0000, 0x0000, 0x0000, 0x0000, 0x0000, 0x0000, 0x0000, 0x0000, 0x0000, 0x0000,
    0x0000, 0x0000, 0x0000, 0x0000, 0x0000, 0x0000, 0x0000, 0x0000, 0x0000, 0x0000, 0x0000, 0x0000,
    0x0000, 0x0000, 0x0000, 0x0000, 0x0000, 0x0000, 0x0000, 0x0000, 0x0000, 0x0000, 0x0000, 0x0000,
    0x0000, 0x0000, 0x0000, 0x0000, 0x0000, 0x0000, 0x0000, 0x0000, 0x0000, 0x0000, 0x0000, 0x0000,
    0x0000, 0x0000, 0x0000, 0x0000, 0x08A1, 0x19E5, 0x2266, 0x2286, 0x2286, 0x2286, 0x2286, 0x1A85,
    0x1A85, 0x1AA5, 0x1AC5, 0x1AE5, 0x1AE4, 0x1B24, 0x2BE5, 0x5528, 0x7E2A, 0x8EAA, 0x9EEA, 0x9EEB,
    0x96EB, 0x8689, 0x65A6, 0x44E3, 0x34A2, 0x34A2, 0x34E3, 0x4D64, 0x6E47, 0x86E9, 0x7E88, 0x5D85,
    0x4503, 0x5564, 0x7E46, 0xA748, 0xBF68, 0xC787, 0xC787, 0xC767, 0xC767, 0xCFA8, 0xD7A8, 0xD7A8,
    0xD7A8, 0xD7A8, 0xC767, 0xBF26, 0xCF67, 0xE7A7, 0xE7A7, 0xE7A8, 0xE7A8, 0xE7A8, 0xDFA8, 0xDFC8,
    0xC787, 0xB747, 0xA727, 0xA6E6, 0xBF47, 0xCF88, 0xD788, 0xD7A8, 0xD787, 0xD787, 0xDFA7, 0xD787,
    0xCF47, 0xD767, 0xDF87, 0xDF87, 0xE787, 0xE7A8, 0xDFA9, 0xD788, 0xCF67, 0xCF88, 0xC767, 0xC747,
    0xC788, 0xC788, 0xBF68, 0xAF27, 0xBF47, 0xD7C8, 0xDFC8, 0xE7C8, 0xE7A8, 0xE7A8, 0xDFA8, 0xD788,
    0xCF67, 0xCF88, 0xCF88, 0xC768, 0xCF88, 0xDFA8, 0xDFC8, 0xDFC7, 0xDFC8, 0xDFC8, 0xCF88, 0xAF27,
    0xA727, 0xA748, 0x9F07, 0x7E26, 0x65A5, 0x6DC5, 0x8E87, 0xAF48, 0xBF88, 0xC788, 0xC789, 0xBF69,
    0xAF29, 0x9688, 0x8607, 0x75A6, 0x6D65, 0x6566, 0x5D27, 0x4C86, 0x33A5, 0x2B44, 0x2B25, 0x2B05,
    0x2B05, 0x2B26, 0x2B26, 0x2B06, 0x2B06, 0x2AE6, 0x2AE6, 0x2AE7, 0x2AE7, 0x32E7, 0x3307, 0x3307,
    0x3307, 0x3307, 0x2AA6, 0x10E2, 0x0020, 0x0000, 0x0000, 0x0000, 0x0000, 0x0000, 0x0000, 0x0000,
    0x0000, 0x0000, 0x0000, 0x0000, 0x0000, 0x0000, 0x0000, 0x0000, 0x0000, 0x0000, 0x0000, 0x0000,
    0x0000, 0x0000, 0x0000, 0x0000, 0x0000, 0x0000, 0x0000, 0x0000, 0x0000, 0x0000, 0x0000, 0x0000,
    0x0000, 0x0000, 0x0000, 0x0000, 0x0000, 0x0000, 0x0000, 0x0000, 0x0000, 0x0000, 0x0000, 0x0000,
    0x0000, 0x0000, 0x0000, 0x0000, 0x0000, 0x0000, 0x0000, 0x0000, 0x0000, 0x0000, 0x0000, 0x0000,
    0x0000, 0x0881, 0x19C4, 0x2286, 0x2286, 0x2286, 0x2286, 0x1A85, 0x1A85, 0x1A85, 0x1AA5, 0x1AC5,
    0x1AE5, 0x1B45, 0x3406, 0x5529, 0x6DEA, 0x866B, 0x8ECB, 0x86AA, 0x7609, 0x5546, 0x3CA4, 0x3483,
    0x34A3, 0x34C3, 0x3D03, 0x6606, 0x86C9, 0x86C9, 0x65C6, 0x4504, 0x4503, 0x5DA5, 0x86A7, 0xAF48,
    0xBF68, 0xC788, 0xC767, 0xC767, 0xCFA8, 0xD7A8, 0xD7C8, 0xD7A8, 0xD7C8, 0xD7A8, 0xC767, 0xBF26,
    0xCF87, 0xDFA7, 0xE7A7, 0xE7A8, 0xE7A8, 0xE7A8, 0xDFA8, 0xD7A8, 0xB747, 0xA706, 0x9EE6, 0x9EC6,
    0xBF27, 0xD788, 0xD788, 0xD788, 0xD787, 0xD787, 0xD7A7, 0xD787, 0xCF46, 0xD767, 0xDFA8, 0xE7A7,
    0xE787, 0xE7A8, 0xDFA8, 0xD788, 0xCF87, 0xCF88, 0xC767, 0xC747, 0xC788, 0xCF88, 0xC788, 0xAF27,
    0xB747, 0xCFA8, 0xDFC8, 0xE7C7, 0xE7A7, 0xE7A8, 0xE7A8, 0xDFA8, 0xD7A7, 0xCF87, 0xCFA8, 0xCF88,
    0xD788, 0xDFA8, 0xDFC8, 0xDFC7, 0xE7C8, 0xE7C8, 0xD7A9, 0xBF48, 0xA707, 0xA747, 0xA728, 0x8EA7,
    0x6DC5, 0x5544, 0x65A4, 0x8686, 0xAF48, 0xBF89, 0xBF88, 0xBF89, 0xB749, 0x9EC8, 0x8607, 0x6546,
    0x5D06, 0x54E7, 0x4446, 0x33C5, 0x2B44, 0x2B25, 0x2B05, 0x2AE5, 0x2B06, 0x3326, 0x3347, 0x3347,
    0x3306, 0x2AE6, 0x2AC6, 0x2AC7, 0x32E7, 0x32E7, 0x3307, 0x3B28, 0x3B07, 0x2A45, 0x10E2, 0x0000,
    0x0000, 0x0000, 0x0000, 0x0000, 0x0000, 0x0000, 0x0000, 0x0000, 0x0000, 0x0000, 0x0000, 0x0000,
    0x0000, 0x0000, 0x0000, 0x0000, 0x0000, 0x0000, 0x0000, 0x0000, 0x0000, 0x0000, 0x0000, 0x0000,
    0x0000, 0x0000, 0x0000, 0x0000, 0x0000, 0x0000, 0x0000, 0x0000, 0x0000, 0x0000, 0x0000, 0x0000,
    0x0000, 0x0000, 0x0000, 0x0000, 0x0000, 0x0000, 0x0000, 0x0000, 0x0000, 0x0000, 0x0000, 0x0000,
    0x0000, 0x0000, 0x0000, 0x0000, 0x0000, 0x0000, 0x0000, 0x0000, 0x0000, 0x0000, 0x08A1, 0x1A05,
    0x2286, 0x2286, 0x2286, 0x2285, 0x1A85, 0x1AA5, 0x1AA5, 0x1AC5, 0x1AE5, 0x1B25, 0x2BC6, 0x3C67,
    0x54E7, 0x6DC9, 0x760A, 0x6588, 0x4CC5, 0x3C44, 0x3444, 0x3464, 0x34A4, 0x3CE4, 0x5585, 0x7EA8,
    0x86C9, 0x7668, 0x4D25, 0x3CE4, 0x4524, 0x65E5, 0x96E8, 0xB748, 0xBF68, 0xC767, 0xBF67, 0xCF88,
    0xD7C8, 0xD7A8, 0xD7A8, 0xDFA8, 0xD7A8, 0xCF88, 0xC746, 0xBF46, 0xD787, 0xE7A7, 0xE7A7, 0xE7A8,
    0xE7A8, 0xE7A8, 0xDFA8, 0xD7A8, 0xAF26, 0x96E6, 0x96E6, 0x9EE6, 0xBF48, 0xD788, 0xDFA8, 0xDFA7,
    0xDFA7, 0xDF87, 0xD7A7, 0xD787, 0xCF46, 0xD767, 0xDFA7, 0xE7A7, 0xE7A8, 0xE7A8, 0xDFA8, 0xD787,
    0xCF87, 0xCF88, 0xC767, 0xC767, 0xC788, 0xCF88, 0xC788, 0xAF47, 0xB747, 0xC7A7, 0xDFC8, 0xE7C7,
    0xE7C7, 0xE7C7, 0xE7C7, 0xE7C7, 0xDFA7, 0xD7A7, 0xD7A7, 0xD7A8, 0xD7A8, 0xDFA8, 0xDFC8, 0xDFC7,
    0xE7C8, 0xE7C8, 0xDFC9, 0xBF69, 0xA6E7, 0xA727, 0xA727, 0x96E7, 0x7626, 0x5564, 0x4D44, 0x65A5,
    0x8EA7, 0xAF48, 0xBF89, 0xBF88, 0xB768, 0xA6E8, 0x8E48, 0x6526, 0x5CE7, 0x4C67, 0x3BC5, 0x3365,
    0x2B45, 0x2B05, 0x2AE5, 0x2AE5, 0x2AE6, 0x2B06, 0x3326, 0x3327, 0x3307, 0x2AE6, 0x2AE6, 0x2AE7,
    0x32E7, 0x32E7, 0x3B08, 0x3B28, 0x2A86, 0x10E2, 0x0020, 0x0000, 0x0000, 0x0000, 0x0000, 0x0000,
    0x0000, 0x0000, 0x0000, 0x0000, 0x0000, 0x0000, 0x0000, 0x0000, 0x0000, 0x0000, 0x0000, 0x0000,
    0x0000, 0x0000, 0x0000, 0x0000, 0x0000, 0x0000, 0x0000, 0x0000, 0x0000, 0x0000, 0x0000, 0x0000,
    0x0000, 0x0000, 0x0000, 0x0000, 0x0000, 0x0000, 0x0000, 0x0000, 0x0000, 0x0000, 0x0000, 0x0000,
    0x0000, 0x0000, 0x0000, 0x0000, 0x0000, 0x0000, 0x0000, 0x0000, 0x0000, 0x0000, 0x0000, 0x0000,
    0x0000, 0x0000, 0x0000, 0x0000, 0x0000, 0x0000, 0x0000, 0x08A1, 0x19E5, 0x2286, 0x2286, 0x2286,
    0x22A6, 0x22A5, 0x22C5, 0x1AE5, 0x1AE5, 0x1B05, 0x2386, 0x2BA5, 0x33E5, 0x4486, 0x4CA6, 0x3C45,
    0x33C4, 0x2BC4, 0x2BE4, 0x2C24, 0x3484, 0x4D65, 0x6E68, 0x86E9, 0x7E68, 0x5DA6, 0x34C4, 0x34C3,
    0x4524, 0x6E06, 0x9F08, 0xBF48, 0xBF48, 0xBF47, 0xC787, 0xCFA8, 0xD7C8, 0xD7A8, 0xD7A8, 0xDFA8,
    0xD7A8, 0xCF88, 0xBF26, 0xC746, 0xD7A7, 0xE7A7, 0xE7A7, 0xE7A8, 0xE7A8, 0xE7A8, 0xDFC8, 0xCFA8,
    0xA706, 0x8EE6, 0x96E6, 0x9EE6, 0xBF48, 0xD788, 0xDF88, 0xDF88, 0xDFA7, 0xDF87, 0xDFA7, 0xD787,
    0xD767, 0xD767, 0xE7A7, 0xE7A7, 0xE7A8, 0xE7A8, 0xE7A8, 0xD787, 0xCF87, 0xCF88, 0xC767, 0xC767,
    0xCF88, 0xCF88, 0xC788, 0xB747, 0xAF47, 0xC787, 0xDFC8, 0xE7C7, 0xE7C7, 0xE7C7, 0xE7C7, 0xE7C7,
    0xE7C7, 0xDFA7, 0xD787, 0xD7A8, 0xD7A8, 0xDFA8, 0xDFC8, 0xDFC8, 0xE7C8, 0xE7C8, 0xDFC9, 0xC789,
    0xA6E7, 0x9EC7, 0x9F07, 0x9EE8, 0x8E87, 0x65A5, 0x4D24, 0x4D24, 0x65C5, 0x8E87, 0xAF48, 0xB788,
    0xB768, 0xAF09, 0x9669, 0x64E6, 0x5446, 0x43E6, 0x3B65, 0x3345, 0x2B26, 0x2B05, 0x2AE6, 0x2AE6,
    0x2AE6, 0x2AC6, 0x32E6, 0x32E6, 0x32E7, 0x32E7, 0x32E7, 0x32E7, 0x32E7, 0x3308, 0x3B08, 0x2A66,
    0x1102, 0x0020, 0x0000, 0x0000, 0x0000, 0x0000, 0x0000, 0x0000, 0x0000, 0x0000, 0x0000, 0x0000,
    0x0000, 0x0000, 0x0000, 0x0000, 0x0000, 0x0000, 0x0000, 0x0000, 0x0000, 0x0000, 0x0000, 0x0000,
    0x0000, 0x0000, 0x0000, 0x0000, 0x0000, 0x0000, 0x0000, 0x0000, 0x0000, 0x0000, 0x0000, 0x0000,
    0x0000, 0x0000, 0x0000, 0x0000, 0x0000, 0x0000, 0x0000, 0x0000, 0x0000, 0x0000, 0x0000, 0x0000,
    0x0000, 0x0000, 0x0000, 0x0000, 0x0000, 0x0000, 0x0000, 0x0000, 0x0000, 0x0000, 0x0000, 0x0000,
    0x0000, 0x0000, 0x0000, 0x0000, 0x0881, 0x19A4, 0x2AA6, 0x2AA6, 0x22A6, 0x22C6, 0x22E6, 0x22E6,
    0x22E6, 0x1B05, 0x2345, 0x2365, 0x2385, 0x2BA4, 0x2BA4, 0x2B84, 0x2B64, 0x2B64, 0x2B84, 0x2BE4,
    0x3484, 0x6628, 0x7EE9, 0x7EA8, 0x5DE6, 0x3CE4, 0x2C83, 0x34C3, 0x4D44, 0x7E46, 0xA708, 0xBF48,
    0xBF48, 0xBF47, 0xCFA8, 0xD7C8, 0xD7C8, 0xD7A8, 0xD7A8, 0xD7A8, 0xD7A8, 0xCF87, 0xBF26, 0xC746,
    0xDFA7, 0xE7A7, 0xE7A7, 0xE7A8, 0xE7A8, 0xE7A8, 0xD7A8, 0xC788, 0x9EE6, 0x8EC6, 0x9706, 0x9EE6,
    0xBF48, 0xD788, 0xDF88, 0xDF88, 0xDF87, 0xDFA7, 0xDFA7, 0xD787, 0xD767, 0xDF67, 0xE7A7, 0xE7A8,
    0xE7A8, 0xE7A8, 0xE7A8, 0xD787, 0xCF87, 0xCF88, 0xC767, 0xC767, 0xCF88, 0xCF88, 0xCF88, 0xB747,
    0xAF47, 0xBF87, 0xD7C8, 0xE7C7, 0xE7C7, 0xE7C7, 0xE7C7, 0xE7C7, 0xE7C7, 0xE7A7, 0xDF87, 0xDF87,
    0xDFA8, 0xDFA8, 0xDFC8, 0xDFC7, 0xE7C8, 0xE7C8, 0xDFC9, 0xCFA9, 0xA708, 0x8E86, 0x96C7, 0x9EE8,
    0x96C8, 0x7606, 0x4D24, 0x3CE4, 0x4D24, 0x65A5, 0x96C8, 0xAF48, 0xB748, 0xA6E8, 0x8DE7, 0x5445,
    0x4BC5, 0x3B65, 0x3345, 0x3326, 0x3326, 0x2B06, 0x2AE6, 0x32E6, 0x32C6, 0x32A6, 0x32C6, 0x32C6,
    0x32C7, 0x32E7, 0x32E7, 0x32E7, 0x32E7, 0x3B08, 0x2A25, 0x08C2, 0x0020, 0x0000, 0x0000, 0x0000,
    0x0000, 0x0000, 0x0000, 0x0000, 0x0000, 0x0000, 0x0000, 0x0000, 0x0000, 0x0000, 0x0000, 0x0000,
    0x0000, 0x0000, 0x0000, 0x0000, 0x0000, 0x0000, 0x0000, 0x0000, 0x0000, 0x0000, 0x0000, 0x0000,
    0x0000, 0x0000, 0x0000, 0x0000, 0x0000, 0x0000, 0x0000, 0x0000, 0x0000, 0x0000, 0x0000, 0x0000,
    0x0000, 0x0000, 0x0000, 0x0000, 0x0000, 0x0000, 0x0000, 0x0000, 0x0000, 0x0000, 0x0000, 0x0000,
    0x0000, 0x0000, 0x0000, 0x0000, 0x0000, 0x0000, 0x0000, 0x0000, 0x0000, 0x0000, 0x0000, 0x0000,
    0x0000, 0x0881, 0x19C4, 0x2286, 0x2AC7, 0x2AE7, 0x22E6, 0x22E6, 0x22E6, 0x2306, 0x2326, 0x2345,
    0x2345, 0x2B45, 0x2B44, 0x2B44, 0x2B44, 0x2B44, 0x2B84, 0x3424, 0x4D46, 0x7689, 0x7EC9, 0x6E27,
    0x4525, 0x2C83, 0x2C83, 0x34C3, 0x5585, 0x8687, 0xAF08, 0xB728, 0xBF27, 0xC767, 0xCFA8, 0xD7A8,
    0xD7C7, 0xD7A8, 0xD7A8, 0xD7C8, 0xD7A8, 0xC767, 0xBF26, 0xCF66, 0xDFA7, 0xE7A7, 0xE7A8, 0xE7A8,
    0xE7A8, 0xE7C8, 0xD7A8, 0xB747, 0x96C5, 0x8EC6, 0x9706, 0x9EE6, 0xBF48, 0xD788, 0xDF88, 0xDF88,
    0xDF87, 0xDF87, 0xDFA7, 0xD787, 0xD787, 0xDF87, 0xE7A8, 0xE7A8, 0xE7A8, 0xE7A8, 0xE7A8, 0xD787,
    0xCF87, 0xCF87, 0xC767, 0xC767, 0xCF88, 0xD788, 0xCF88, 0xB747, 0xAF26, 0xBF67, 0xD7C8, 0xDFC7,
    0xE7C7, 0xE7C7, 0xE7C7, 0xE7C7, 0xE7C7, 0xE7A7, 0xE7A7, 0xDF87, 0xDF88, 0xDFA8, 0xDFC8, 0xDFC8,
    0xE7C8, 0xE7E8, 0xE7E9, 0xD7C9, 0xAF28, 0x8E86, 0x8686, 0x96C8, 0x9EE8, 0x8E87, 0x5D85, 0x44C4,
    0x3CC4, 0x4D04, 0x6DE6, 0x96A7, 0xA729, 0xA6C8, 0x7DA6, 0x4BC4, 0x4385, 0x3B45, 0x3326, 0x3326,
    0x3326, 0x2B06, 0x32E6, 0x32E6, 0x32C6, 0x32A6, 0x32A6, 0x32A7, 0x32C7, 0x32E7, 0x32E8, 0x3308,
    0x32E7, 0x2A25, 0x08A1, 0x0000, 0x0000, 0x0000, 0x0000, 0x0000, 0x0000, 0x0000, 0x0000, 0x0000,
    0x0000, 0x0000, 0x0000, 0x0000, 0x0000, 0x0000, 0x0000, 0x0000, 0x0000, 0x0000, 0x0000, 0x0000,
    0x0000, 0x0000, 0x0000, 0x0000, 0x0000, 0x0000, 0x0000, 0x0000, 0x0000, 0x0000, 0x0000, 0x0000,
    0x0000, 0x0000, 0x0000, 0x0000, 0x0000, 0x0000, 0x0000, 0x0000, 0x0000, 0x0000, 0x0000, 0x0000,
    0x0000, 0x0000, 0x0000, 0x0000, 0x0000, 0x0000, 0x0000, 0x0000, 0x0000, 0x0000, 0x0000, 0x0000,
    0x0000, 0x0000, 0x0000, 0x0000, 0x0000, 0x0000, 0x0000, 0x0000, 0x0000, 0x0000, 0x0060, 0x1163,
    0x22A6, 0x2AE7, 0x22E7, 0x22E6, 0x1AE6, 0x2306, 0x2326, 0x2326, 0x2305, 0x2305, 0x2305, 0x2325,
    0x2345, 0x2364, 0x2BA4, 0x44A5, 0x6E29, 0x7EA9, 0x6E48, 0x5566, 0x34A4, 0x2443, 0x2C63, 0x3CC4,
    0x65A5, 0x96A7, 0xAF08, 0xB727, 0xBF47, 0xCFA8, 0xD7C8, 0xD7A8, 0xD7C7, 0xD7C8, 0xD7C8, 0xD7C8,
    0xCF87, 0xBF46, 0xBF26, 0xCF67, 0xDFA7, 0xE7A8, 0xE7A8, 0xE7A8, 0xE7A8, 0xDFC8, 0xCFA8, 0xAF26,
    0x8EA5, 0x8EC5, 0x9706, 0x9EE6, 0xBF48, 0xD788, 0xDF88, 0xDF88, 0xDF87, 0xDF87, 0xDFA7, 0xD787,
    0xD787, 0xDF87, 0xE7A7, 0xE7A8, 0xE7A8, 0xE7A8, 0xE7A8, 0xD787, 0xCF87, 0xCF87, 0xC767, 0xC767,
    0xCF88, 0xD788, 0xCF88, 0xBF67, 0xAF26, 0xB747, 0xCFA8, 0xDFC8, 0xE7C7, 0xE7C7, 0xE7C7, 0xE7C7,
    0xE7C7, 0xE7C7, 0xE7A7, 0xDF87, 0xDF87, 0xDFA8, 0xDFC8, 0xDFC8, 0xE7C8, 0xE7C8, 0xE7C9, 0xD7C9,
    0xBF68, 0x8E86, 0x7625, 0x8667, 0x96C8, 0x96A8, 0x75E6, 0x4CE4, 0x3484, 0x3484, 0x44C4, 0x6586,
    0x8E68, 0x8E48, 0x7566, 0x43C4, 0x3B65, 0x3B46, 0x3326, 0x3326, 0x2B06, 0x2B06, 0x32E6, 0x32E6,
    0x32C6, 0x32A6, 0x32A6, 0x32C7, 0x32C7, 0x32E7, 0x3308, 0x32C7, 0x21C4, 0x0881, 0x0000, 0x0000,
    0x0000, 0x0000, 0x0000, 0x0000, 0x0000, 0x0000, 0x0000, 0x0000, 0x0000, 0x0000, 0x0000, 0x0000,
    0x0000, 0x0000, 0x0000, 0x0000, 0x0000, 0x0000, 0x0000, 0x0000, 0x0000, 0x0000, 0x0000, 0x0000,
    0x0000, 0x0000, 0x0000, 0x0000, 0x0000, 0x0000, 0x0000, 0x0000, 0x0000, 0x0000, 0x0000, 0x0000,
    0x0000, 0x0000, 0x0000, 0x0000, 0x0000, 0x0000, 0x0000, 0x0000, 0x0000, 0x0000, 0x0000, 0x0000,
    0x0000, 0x0000, 0x0000, 0x0000, 0x0000, 0x0000, 0x0000, 0x0000, 0x0000, 0x0000, 0x0000, 0x0000,
    0x0000, 0x0000, 0x0000, 0x0000, 0x0000, 0x0000, 0x0000, 0x0040, 0x1163, 0x22A7, 0x22E7, 0x22E7,
    0x22E7, 0x22E7, 0x22E6, 0x22E6, 0x22E5, 0x22E5, 0x2305, 0x2325, 0x2345, 0x2384, 0x3404, 0x5547,
    0x7669, 0x7669, 0x5DC7, 0x3CC5, 0x2C44, 0x2424, 0x2C44, 0x3CA4, 0x65C6, 0x96A8, 0xAF08, 0xB727,
    0xC768, 0xCFA8, 0xD7C8, 0xD7C8, 0xD7C8, 0xD7C8, 0xD7C8, 0xD7A8, 0xC767, 0xB726, 0xBF26, 0xCF87,
    0xDFA7, 0xE7A8, 0xE7A8, 0xE7A8, 0xE7A8, 0xDFC8, 0xC787, 0x9F06, 0x8685, 0x8EA5, 0x9707, 0x9EE7,
    0xBF48, 0xD788, 0xDF88, 0xDF87, 0xDF87, 0xDF87, 0xDFA7, 0xD787, 0xD787, 0xDF87, 0xE7A7, 0xE7A7,
    0xE7A8, 0xE7A8, 0xE7A8, 0xD787, 0xCF67, 0xCF87, 0xC767, 0xC767, 0xCF88, 0xD788, 0xCF88, 0xBF68,
    0xB747, 0xB746, 0xC787, 0xD7C8, 0xE7C8, 0xE7C7, 0xE7C7, 0xE7C7, 0xE7C7, 0xE7C7, 0xE7A7, 0xDFA7,
    0xDF87, 0xDFA8, 0xDFC8, 0xDFC8, 0xE7C8, 0xE7C8, 0xE7C9, 0xDFC9, 0xC789, 0x96C7, 0x6DE5, 0x6DE5,
    0x8667, 0x8EA8, 0x7E27, 0x5525, 0x3464, 0x2C24, 0x3444, 0x4CA5, 0x6567, 0x6D87, 0x6506, 0x3BC4,
    0x3365, 0x3346, 0x3326, 0x3306, 0x2B06, 0x2AE6, 0x32E6, 0x32C6, 0x32C6, 0x32C6, 0x32C7, 0x32C7,
    0x32E7, 0x3307, 0x32E7, 0x19A4, 0x0861, 0x0000, 0x0000, 0x0000, 0x0000, 0x0000, 0x0000, 0x0000,
    0x0000, 0x0000, 0x0000, 0x0000, 0x0000, 0x0000, 0x0000, 0x0000, 0x0000, 0x0000, 0x0000, 0x0000,
    0x0000, 0x0000, 0x0000, 0x0000, 0x0000, 0x0000, 0x0000, 0x0000, 0x0000, 0x0000, 0x0000, 0x0000,
    0x0000, 0x0000, 0x0000, 0x0000, 0x0000, 0x0000, 0x0000, 0x0000, 0x0000, 0x0000, 0x0000, 0x0000,
    0x0000, 0x0000, 0x0000, 0x0000, 0x0000, 0x0000, 0x0000, 0x0000, 0x0000, 0x0000, 0x0000, 0x0000,
    0x0000, 0x0000, 0x0000, 0x0000, 0x0000, 0x0000, 0x0000, 0x0000, 0x0000, 0x0000, 0x0000, 0x0000,
    0x0000, 0x0000, 0x0000, 0x0000, 0x0020, 0x0902, 0x1A46, 0x2AE7, 0x2AE7, 0x2AE7, 0x2AE7, 0x22E6,
    0x22C6, 0x22E6, 0x2306, 0x2B66, 0x2BA6, 0x33E6, 0x44C7, 0x6609, 0x6E8A, 0x6608, 0x4525, 0x2C24,
    0x23E4, 0x2404, 0x2C24, 0x3CA4, 0x65C6, 0x96C8, 0xAF08, 0xBF48, 0xC788, 0xD7A8, 0xD7C8, 0xD7C8,
    0xD7C8, 0xD7C8, 0xD7C8, 0xCFA8, 0xBF46, 0xAEE6, 0xB706, 0xCF67, 0xDFA7, 0xE7A8, 0xE7A8, 0xE7A8,
    0xE7C8, 0xDFC8, 0xB747, 0x96C5, 0x8685, 0x8EC6, 0x9707, 0xA707, 0xC748, 0xDF88, 0xDFA8, 0xDF87,
    0xDF87, 0xDF87, 0xDFA7, 0xDF87, 0xD787, 0xDF87, 0xE7A7, 0xE7A7, 0xE7A8, 0xE7A8, 0xE7A8, 0xD787,
    0xCF67, 0xCF87, 0xBF67, 0xC767, 0xCFA8, 0xD7A8, 0xCF88, 0xBF67, 0xBF47, 0xB747, 0xBF67, 0xCFA7,
    0xDFC8, 0xE7C7, 0xE7C7, 0xE7C7, 0xE7C7, 0xE7C7, 0xE7C7, 0xDFA7, 0xDFA7, 0xDFA8, 0xDFA8, 0xE7A8,
    0xE7C8, 0xE7C8, 0xE7A9, 0xDFA9, 0xCF89, 0x9EE7, 0x6DE5, 0x5585, 0x65C6, 0x7E48, 0x7E48, 0x65A6,
    0x3C84, 0x2C04, 0x2BE4, 0x3404, 0x3C24, 0x4444, 0x4445, 0x33A4, 0x3345, 0x3326, 0x3306, 0x3306,
    0x32E6, 0x2AE6, 0x32C6, 0x32C6, 0x32C7, 0x32C7, 0x32C7, 0x3AE7, 0x3AE7, 0x2A66, 0x1123, 0x0040,
    0x0000, 0x0000, 0x0000, 0x0000, 0x0000, 0x0000, 0x0000, 0x0000, 0x0000, 0x0000, 0x0000, 0x0000,
    0x0000, 0x0000, 0x0000, 0x0000, 0x0000, 0x0000, 0x0000, 0x0000, 0x0000, 0x0000, 0x0000, 0x0000,
    0x0000, 0x0000, 0x0000, 0x0000, 0x0000, 0x0000, 0x0000, 0x0000, 0x0000, 0x0000, 0x0000, 0x0000,
    0x0000, 0x0000, 0x0000, 0x0000, 0x0000, 0x0000, 0x0000, 0x0000, 0x0000, 0x0000, 0x0000, 0x0000,
    0x0000, 0x0000, 0x0000, 0x0000, 0x0000, 0x0000, 0x0000, 0x0000, 0x0000, 0x0000, 0x0000, 0x0000,
    0x0000, 0x0000, 0x0000, 0x0000, 0x0000, 0x0000, 0x0000, 0x0000, 0x0000, 0x0000, 0x0000, 0x0000,
    0x0000, 0x0020, 0x08C2, 0x19E5, 0x2AC7, 0x2AE7, 0x2AE7, 0x22C7, 0x22C6, 0x22E6, 0x2306, 0x2B67,
    0x33C7, 0x3C47, 0x5549, 0x660A, 0x6629, 0x4D46, 0x3464, 0x23C4, 0x23C4, 0x23E5, 0x2C24, 0x3C84,
    0x5DA6, 0x8E87, 0xA708, 0xBF48, 0xC788, 0xD7C8, 0xDFC9, 0xDFC8, 0xDFC8, 0xDFC8, 0xD7C8, 0xCFA8,
    0xAEE5, 0xA6A5, 0xB706, 0xCF67, 0xDFA7, 0xE7A8, 0xE7A8, 0xE7A8, 0xE7C8, 0xD7A8, 0xAF26, 0x8EA5,
    0x8685, 0x8EC6, 0x9707, 0xA707, 0xBF48, 0xDF88, 0xDF88, 0xDF87, 0xDF87, 0xDF87, 0xDFA7, 0xDF87,
    0xD787, 0xDF87, 0xDFA7, 0xE7A7, 0xE7A7, 0xE7A8, 0xDFA8, 0xD787, 0xCF67, 0xC787, 0xBF67, 0xC767,
    0xCFA8, 0xD7A8, 0xCF88, 0xBF47, 0xBF67, 0xB767, 0xB747, 0xC787, 0xD7C8, 0xE7C7, 0xE7C7, 0xE7C6,
    0xE7C7, 0xE7C7, 0xE7C7, 0xDFC7, 0xDFA7, 0xDF88, 0xDFA8, 0xE7A8, 0xE7A8, 0xE7A9, 0xE7A8, 0xDFA9,
    0xCF89, 0x9EE8, 0x6DE5, 0x4D44, 0x4D24, 0x6DE7, 0x7E48, 0x6E07, 0x44C4, 0x2C03, 0x2BC4, 0x2BA4,
    0x2BA4, 0x2BA4, 0x33A4, 0x2B65, 0x2B46, 0x3326, 0x3307, 0x3307, 0x32E6, 0x32C6, 0x32C6, 0x32C7,
    0x32C7, 0x32E7, 0x32E7, 0x32E7, 0x2A05, 0x10E2, 0x0020, 0x0000, 0x0000, 0x0000, 0x0000, 0x0000,
    0x0000, 0x0000, 0x0000, 0x0000, 0x0000, 0x0000, 0x0000, 0x0000, 0x0000, 0x0000, 0x0000, 0x0000,
    0x0000, 0x0000, 0x0000, 0x0000, 0x0000, 0x0000, 0x0000, 0x0000, 0x0000, 0x0000, 0x0000, 0x0000,
    0x0000, 0x0000, 0x0000, 0x0000, 0x0000, 0x0000, 0x0000, 0x0000, 0x0000, 0x0000, 0x0000, 0x0000,
    0x0000, 0x0000, 0x0000, 0x0000, 0x0000, 0x0000, 0x0000, 0x0000, 0x0000, 0x0000, 0x0000, 0x0000,
    0x0000, 0x0000, 0x0000, 0x0000, 0x0000, 0x0000, 0x0000, 0x0000, 0x0000, 0x0000, 0x0000, 0x0000,
    0x0000, 0x0000, 0x0000, 0x0000, 0x0000, 0x0000, 0x0000, 0x0000, 0x0000, 0x0000, 0x0000, 0x0061,
    0x19A4, 0x2AA7, 0x2AE7, 0x2AE7, 0x22C6, 0x22C6, 0x22E6, 0x2326, 0x2B66, 0x33C6, 0x4488, 0x4D08,
    0x44E6, 0x3424, 0x23A4, 0x2364, 0x2384, 0x2BC5, 0x2C05, 0x3464, 0x5566, 0x7E27, 0x9EC7, 0xB748,
    0xC788, 0xD7A8, 0xDFC9, 0xDFC9, 0xDFC9, 0xD7C9, 0xCFA8, 0xBF27, 0x9644, 0x9644, 0xAEE6, 0xCF87,
    0xD7A7, 0xE7A8, 0xE7A8, 0xE7A8, 0xE7C8, 0xCF88, 0xA6E6, 0x8685, 0x7E85, 0x8EE6, 0x9707, 0x9F06,
    0xBF48, 0xDF88, 0xDFA8, 0xDF87, 0xDF87, 0xDFA7, 0xDFA7, 0xDFA8, 0xD787, 0xDFA7, 0xE7A7, 0xE7A7,
    0xE7A7, 0xE7A8, 0xDFA8, 0xCF87, 0xC767, 0xC787, 0xBF67, 0xC767, 0xCFA8, 0xD7A8, 0xCF88, 0xBF47,
    0xBF47, 0xBF67, 0xB767, 0xBF67, 0xD7A8, 0xDFC8, 0xE7C7, 0xE7C6, 0xE7C7, 0xE7C7, 0xE7C7, 0xE7C7,
    0xDFA7, 0xD787, 0xDF88, 0xDFA8, 0xE7A8, 0xE7A8, 0xE7A8, 0xDFA8, 0xCF89, 0xA708, 0x75E6, 0x4D24,
    0x44E4, 0x5566, 0x65E7, 0x65E7, 0x4D05, 0x3404, 0x2BA4, 0x2B84, 0x2B64, 0x2B64, 0x2B45, 0x2B45,
    0x2B26, 0x3327, 0x3307, 0x3307, 0x32E6, 0x32E6, 0x32C6, 0x32C7, 0x32E7, 0x32E7, 0x32C7, 0x21C4,
    0x0881, 0x0000, 0x0000, 0x0000, 0x0000, 0x0000, 0x0000, 0x0000, 0x0000, 0x0000, 0x0000, 0x0000,
    0x0000, 0x0000, 0x0000, 0x0000, 0x0000, 0x0000, 0x0000, 0x0000, 0x0000, 0x0000, 0x0000, 0x0000,
    0x0000, 0x0000, 0x0000, 0x0000, 0x0000, 0x0000, 0x0000, 0x0000, 0x0000, 0x0000, 0x0000, 0x0000,
    0x0000, 0x0000, 0x0000, 0x0000, 0x0000, 0x0000, 0x0000, 0x0000, 0x0000, 0x0000, 0x0000, 0x0000,
    0x0000, 0x0000, 0x0000, 0x0000, 0x0000, 0x0000, 0x0000, 0x0000, 0x0000, 0x0000, 0x0000, 0x0000,
    0x0000, 0x0000, 0x0000, 0x0000, 0x0000, 0x0000, 0x0000, 0x0000, 0x0000, 0x0000, 0x0000, 0x0000,
    0x0000, 0x0000, 0x0000, 0x0000, 0x0000, 0x0000, 0x0000, 0x0000, 0x0040, 0x1123, 0x2246, 0x2AC7,
    0x2AC7, 0x22C6, 0x22C6, 0x22E6, 0x22E5, 0x2345, 0x2BA6, 0x33E6, 0x2BA5, 0x2364, 0x2324, 0x2324,
    0x2325, 0x2B65, 0x2BA5, 0x3405, 0x4CE6, 0x6DC7, 0x8EA8, 0xAF28, 0xB748, 0xC768, 0xCFA9, 0xCFA9,
    0xCFA9, 0xC789, 0xBF27, 0x9E65, 0x7DA3, 0x85E4, 0xA6C6, 0xC768, 0xD788, 0xDFA8, 0xE7A8, 0xE7A8,
    0xDFC8, 0xC768, 0x96A5, 0x7E64, 0x7E85, 0x8F06, 0x9706, 0x9EE6, 0xBF67, 0xDF88, 0xDF88, 0xDF88,
    0xDF87, 0xDF87, 0xDFA8, 0xDFA8, 0xDF87, 0xE7A8, 0xE7A7, 0xE7A7, 0xE7A8, 0xE7A8, 0xDFA8, 0xCF87,
    0xC767, 0xC787, 0xBF47, 0xC767, 0xD7A8, 0xD7C8, 0xCFA8, 0xBF47, 0xB726, 0xB747, 0xB747, 0xBF47,
    0xCF87, 0xDFA8, 0xE7C7, 0xE7C7, 0xE7C7, 0xE7C7, 0xE7C7, 0xE7C8, 0xDFA8, 0xD788, 0xCF68, 0xD788,
    0xDFA9, 0xDFA8, 0xDFA8, 0xD7A8, 0xC788, 0xA708, 0x75E6, 0x4D05, 0x3CA4, 0x3CE5, 0x4D46, 0x5587,
    0x4D06, 0x3404, 0x2B84, 0x2B84, 0x2B65, 0x2B45, 0x2B45, 0x2B25, 0x2B26, 0x3326, 0x3306, 0x3306,
    0x32E7, 0x32E7, 0x3AE7, 0x3307, 0x3307, 0x2A86, 0x1943, 0x0040, 0x0000, 0x0000, 0x0000, 0x0000,
    0x0000, 0x0000, 0x0000, 0x0000, 0x0000, 0x0000, 0x0000, 0x0000, 0x0000, 0x0000, 0x0000, 0x0000,
    0x0000, 0x0000, 0x0000, 0x0000, 0x0000, 0x0000, 0x0000, 0x0000, 0x0000, 0x0000, 0x0000, 0x0000,
    0x0000, 0x0000, 0x0000, 0x0000, 0x0000, 0x0000, 0x0000, 0x0000, 0x0000, 0x0000, 0x0000, 0x0000,
    0x0000, 0x0000, 0x0000, 0x0000, 0x0000, 0x0000, 0x0000, 0x0000, 0x0000, 0x0000, 0x0000, 0x0000,
    0x0000, 0x0000, 0x0000, 0x0000, 0x0000, 0x0000, 0x0000, 0x0000, 0x0000, 0x0000, 0x0000, 0x0000,
    0x0000, 0x0000, 0x0000, 0x0000, 0x0000, 0x0000, 0x0000, 0x0000, 0x0000, 0x0000, 0x0000, 0x0000,
    0x0000, 0x0000, 0x0000, 0x0000, 0x0000, 0x0020, 0x08C2, 0x19C4, 0x2AA6, 0x2AA6, 0x22C6, 0x22C6,
    0x22C5, 0x22E5, 0x2325, 0x2345, 0x2325, 0x2305, 0x2305, 0x22E5, 0x2305, 0x2325, 0x2365, 0x2BA5,
    0x3C65, 0x5D47, 0x7E28, 0x9EE9, 0x9EC8, 0xAEE9, 0xAEE8, 0xA6C8, 0x9E87, 0x9645, 0x85E4, 0x6D63,
    0x6543, 0x75A4, 0x9EA7, 0xC768, 0xD7A8, 0xDFA8, 0xE7A8, 0xE7A8, 0xD7A8, 0xBF47, 0x8E85, 0x7664,
    0x7E85, 0x9707, 0x8F06, 0x9EE6, 0xBF67, 0xDF88, 0xE788, 0xDF88, 0xDF87, 0xDF87, 0xDFA8, 0xDF88,
    0xDF88, 0xE788, 0xE7A7, 0xE7A7, 0xE7A8, 0xE7A8, 0xDFA8, 0xCF67, 0xC767, 0xC767, 0xBF47, 0xC788,
    0xD7A8, 0xDFC8, 0xD7A8, 0xBF47, 0xB706, 0xB727, 0xB747, 0xB747, 0xC767, 0xD7A8, 0xDFA7, 0xE7C7,
    0xE7C7, 0xE7C7, 0xE7C7, 0xE7C8, 0xDFA8, 0xCF68, 0xC747, 0xCF68, 0xD7A9, 0xDFA8, 0xDFA8, 0xD7A8,
    0xC768, 0xA708, 0x75E6, 0x4CE5, 0x3C84, 0x3464, 0x34A5, 0x44E6, 0x44A6, 0x3405, 0x2B84, 0x2B65,
    0x2B65, 0x2B65, 0x2B45, 0x2B25, 0x2B46, 0x3326, 0x3326, 0x3307, 0x3B07, 0x3B07, 0x3B08, 0x3B07,
    0x2A25, 0x10E2, 0x0020, 0x0000, 0x0000, 0x0000, 0x0000, 0x0000, 0x0000, 0x0000, 0x0000, 0x0000,
    0x0000, 0x0000, 0x0000, 0x0000, 0x0000, 0x0000, 0x0000, 0x0000, 0x0000, 0x0000, 0x0000, 0x0000,
    0x0000, 0x0000, 0x0000, 0x0000, 0x0000, 0x0000, 0x0000, 0x0000, 0x0000, 0x0000, 0x0000, 0x0000,
    0x0000, 0x0000, 0x0000, 0x0000, 0x0000, 0x0000, 0x0000, 0x0000, 0x0000, 0x0000, 0x0000, 0x0000,
    0x0000, 0x0000, 0x0000, 0x0000, 0x0000, 0x0000, 0x0000, 0x0000, 0x0000, 0x0000, 0x0000, 0x0000,
    0x0000, 0x0000, 0x0000, 0x0000, 0x0000, 0x0000, 0x0000, 0x0000, 0x0000, 0x0000, 0x0000, 0x0000,
    0x0000, 0x0000, 0x0000, 0x0000, 0x0000, 0x0000, 0x0000, 0x0000, 0x0000, 0x0000, 0x0000, 0x0000,
    0x0000, 0x0000, 0x0000, 0x0040, 0x1122, 0x1A25, 0x22A6, 0x22C6, 0x22C6, 0x22C6, 0x2306, 0x2B26,
    0x2B26, 0x2B06, 0x2AE5, 0x2AE5, 0x2AE5, 0x22E5, 0x2325, 0x2B65, 0x33E5, 0x3C25, 0x4485, 0x54E6,
    0x54C5, 0x5CE5, 0x5CE4, 0x54E4, 0x54C3, 0x54E3, 0x54E3, 0x54E3, 0x5523, 0x6564, 0x9667, 0xBF48,
    0xD7A8, 0xDF87, 0xDFA8, 0xDFA8, 0xCF88, 0xA706, 0x8685, 0x7624, 0x8686, 0x9707, 0x8EC6, 0x96E5,
    0xBF67, 0xDF88, 0xE788, 0xDF88, 0xDF88, 0xDF88, 0xDFA8, 0xDF88, 0xDF88, 0xE7A8, 0xE7A8, 0xE7A7,
    0xE7A7, 0xDFA8, 0xD787, 0xC767, 0xBF47, 0xBF67, 0xBF47, 0xCF88, 0xD7A8, 0xDFA8, 0xD7A8, 0xBF47,
    0xAEE6, 0xAF06, 0xB727, 0xB727, 0xBF47, 0xCFA8, 0xDFC7, 0xE7C7, 0xE7C7, 0xE7C7, 0xE7C7, 0xE7C8,
    0xDFA8, 0xCF68, 0xAEE6, 0xB707, 0xC768, 0xD7A8, 0xD7A8, 0xCF88, 0xBF48, 0x9EE7, 0x75E6, 0x4CC5,
    0x3C65, 0x2C24, 0x2C04, 0x3404, 0x33E5, 0x33C5, 0x2B85, 0x2B85, 0x2B85, 0x2B85, 0x2B65, 0x2B65,
    0x2B46, 0x3346, 0x3327, 0x3B27, 0x3B27, 0x3B08, 0x3286, 0x1963, 0x0861, 0x0000, 0x0000, 0x0000,
    0x0000, 0x0000, 0x0000, 0x0000, 0x0000, 0x0000, 0x0000, 0x0000, 0x0000, 0x0000, 0x0000, 0x0000,
    0x0000, 0x0000, 0x0000, 0x0000, 0x0000, 0x0000, 0x0000, 0x0000, 0x0000, 0x0000, 0x0000, 0x0000,
    0x0000, 0x0000, 0x0000, 0x0000, 0x0000, 0x0000, 0x0000, 0x0000, 0x0000, 0x0000, 0x0000, 0x0000,
    0x0000, 0x0000, 0x0000, 0x0000, 0x0000, 0x0000, 0x0000, 0x0000, 0x0000, 0x0000, 0x0000, 0x0000,
    0x0000, 0x0000, 0x0000, 0x0000, 0x0000, 0x0000, 0x0000, 0x0000, 0x0000, 0x0000, 0x0000, 0x0000,
    0x0000, 0x0000, 0x0000, 0x0000, 0x0000, 0x0000, 0x0000, 0x0000, 0x0000, 0x0000, 0x0000, 0x0000,
    0x0000, 0x0000, 0x0000, 0x0000, 0x0000, 0x0000, 0x0000, 0x0000, 0x0000, 0x0000, 0x0000, 0x0000,
    0x0020, 0x08C1, 0x19E4, 0x22A6, 0x2AC6, 0x2AE6, 0x2AE6, 0x2B06, 0x2B26, 0x2B06, 0x2AE6, 0x2AC6,
    0x2AC5, 0x2AE5, 0x2B06, 0x2B46, 0x2B85, 0x2B85, 0x2BA4, 0x33C4, 0x33C4, 0x3403, 0x3C24, 0x3C44,
    0x4464, 0x4484, 0x44A4, 0x44A3, 0x4CE3, 0x5D24, 0x8606, 0xB728, 0xCFA9, 0xD788, 0xDFA8, 0xD7A8,
    0xBF47, 0x96A6, 0x7E65, 0x7624, 0x96A7, 0x9F28, 0x8EC6, 0x96C5, 0xBF67, 0xD788, 0xDF88, 0xDF88,
    0xDF88, 0xDF88, 0xDFA8, 0xDF88, 0xDF88, 0xE7A8, 0xE7A8, 0xE7A7, 0xE7A7, 0xDFA7, 0xD787, 0xC747,
    0xBF26, 0xBF47, 0xBF47, 0xCF88, 0xD788, 0xD7A8, 0xD7A8, 0xBF47, 0xA6C6, 0xA6C6, 0xAF07, 0xAF07,
    0xAF27, 0xBF67, 0xD7C8, 0xDFC7, 0xE7C7, 0xE7C7, 0xE7C7, 0xE7C8, 0xDFC8, 0xC768, 0xA6C6, 0xA6C7,
    0xBF28, 0xCF68, 0xCF88, 0xCF68, 0xB727, 0x9EA7, 0x75E6, 0x4CC5, 0x3445, 0x2C05, 0x2BA5, 0x2B84,
    0x2B64, 0x2B85, 0x2BA5, 0x33A6, 0x33A5, 0x33A5, 0x3385, 0x2B65, 0x3346, 0x3346, 0x3B47, 0x3B47,
    0x3B07, 0x2A25, 0x10E2, 0x0040, 0x0000, 0x0000, 0x0000, 0x0000, 0x0000, 0x0000, 0x0000, 0x0000,
    0x0000, 0x0000, 0x0000, 0x0000, 0x0000, 0x0000, 0x0000, 0x0000, 0x0000, 0x0000, 0x0000, 0x0000,
    0x0000, 0x0000, 0x0000, 0x0000, 0x0000, 0x0000, 0x0000, 0x0000, 0x0000, 0x0000, 0x0000, 0x0000,
    0x0000, 0x0000, 0x0000, 0x0000, 0x0000, 0x0000, 0x0000, 0x0000, 0x0000, 0x0000, 0x0000, 0x0000,
    0x0000, 0x0000, 0x0000, 0x0000, 0x0000, 0x0000, 0x0000, 0x0000, 0x0000, 0x0000, 0x0000, 0x0000,
    0x0000, 0x0000, 0x0000, 0x0000, 0x0000, 0x0000, 0x0000, 0x0000, 0x0000, 0x0000, 0x0000, 0x0000,
    0x0000, 0x0000, 0x0000, 0x0000, 0x0000, 0x0000, 0x0000, 0x0000, 0x0000, 0x0000, 0x0000, 0x0000,
    0x0000, 0x0000, 0x0000, 0x0000, 0x0000, 0x0000, 0x0000, 0x0000, 0x0000, 0x0000, 0x0061, 0x1102,
    0x2225, 0x2AC7, 0x2AE7, 0x2B07, 0x2B07, 0x2B06, 0x2AE6, 0x22C6, 0x22E5, 0x2AE5, 0x2B06, 0x2B46,
    0x2B46, 0x2345, 0x2345, 0x2364, 0x2364, 0x2BA4, 0x3404, 0x3425, 0x3C65, 0x3C85, 0x3C84, 0x3CA4,
    0x44A3, 0x4CC4, 0x6D65, 0xA6E8, 0xC789, 0xD788, 0xD788, 0xCF68, 0xA6E7, 0x8665, 0x7625, 0x7625,
    0x9EE8, 0xAF29, 0x8EC6, 0x96C5, 0xB747, 0xD788, 0xDFA8, 0xDF88, 0xDF88, 0xDF88, 0xDFA8, 0xDF88,
    0xDFA8, 0xE7A8, 0xE7A8, 0xE7A7, 0xE7A7, 0xD787, 0xCF67, 0xBF47, 0xB727, 0xB727, 0xBF48, 0xCF89,
    0xD7A8, 0xD7A8, 0xCFA8, 0xB748, 0x9EA6, 0x9686, 0x9EC7, 0x96A6, 0x9686, 0xA6E6, 0xBF67, 0xD7A7,
    0xDFC7, 0xE7C7, 0xE7C7, 0xE7C8, 0xDFC8, 0xBF68, 0x96A6, 0x9686, 0xA6E8, 0xBF48, 0xC768, 0xBF48,
    0xAEE7, 0x9687, 0x75C6, 0x4CA4, 0x3425, 0x2BC5, 0x2B85, 0x2B45, 0x2B45, 0x2B65, 0x33A6, 0x33C6,
    0x33A5, 0x43E6, 0x43E6, 0x3385, 0x3366, 0x3346, 0x3B27, 0x3285, 0x1943, 0x0881, 0x0000, 0x0000,
    0x0000, 0x0000, 0x0000, 0x0000, 0x0000, 0x0000, 0x0000, 0x0000, 0x0000, 0x0000, 0x0000, 0x0000,
    0x0000, 0x0000, 0x0000, 0x0000, 0x0000, 0x0000, 0x0000, 0x0000, 0x0000, 0x0000, 0x0000, 0x0000,
    0x0000, 0x0000, 0x0000, 0x0000, 0x0000, 0x0000, 0x0000, 0x0000, 0x0000, 0x0000, 0x0000, 0x0000,
    0x0000, 0x0000, 0x0000, 0x0000, 0x0000, 0x0000, 0x0000, 0x0000, 0x0000, 0x0000, 0x0000, 0x0000,
    0x0000, 0x0000, 0x0000, 0x0000, 0x0000, 0x0000, 0x0000, 0x0000, 0x0000, 0x0000, 0x0000, 0x0000,
    0x0000, 0x0000, 0x0000, 0x0000, 0x0000, 0x0000, 0x0000, 0x0000, 0x0000, 0x0000, 0x0000, 0x0000,
    0x0000, 0x0000, 0x0000, 0x0000, 0x0000, 0x0000, 0x0000, 0x0000, 0x0000, 0x0000, 0x0000, 0x0000,
    0x0000, 0x0000, 0x0000, 0x0000, 0x0000, 0x0000, 0x0000, 0x0020, 0x08A1, 0x1984, 0x2A66, 0x2AE7,
    0x2B07, 0x2AE6, 0x2AE6, 0x22E6, 0x22E6, 0x2B06, 0x2B26, 0x2B26, 0x2B26, 0x2B26, 0x2B45, 0x2B45,
    0x2B65, 0x2BA5, 0x33E5, 0x3405, 0x3C45, 0x3C65, 0x3C85, 0x3C84, 0x3C64, 0x4484, 0x5D04, 0x9688,
    0xB749, 0xC788, 0xC788, 0xB728, 0x8E45, 0x7604, 0x6DE4, 0x7625, 0xA709, 0xAF4A, 0x8EA6, 0x8EA5,
    0xB747, 0xD788, 0xDF88, 0xDF88, 0xDF88, 0xDF88, 0xDFA8, 0xDF88, 0xDFA8, 0xE7A8, 0xE7A8, 0xE7A8,
    0xDFA8, 0xD788, 0xC767, 0xB727, 0xAF07, 0xAF07, 0xB728, 0xCF89, 0xD7A8, 0xD7A8, 0xCFA8, 0xB748,
    0x9685, 0x7E25, 0x8667, 0x8646, 0x7DE5, 0x8645, 0xA6E7, 0xC767, 0xD7A7, 0xDFA7, 0xDFA7, 0xDFA7,
    0xCFA8, 0xB748, 0x8E66, 0x8626, 0x8E67, 0x9EA8, 0xA6E8, 0xAEE8, 0x9EA7, 0x8E47, 0x6DA6, 0x4484,
    0x3425, 0x2BC5, 0x2B85, 0x2B45, 0x2B45, 0x2B65, 0x33A6, 0x3BC6, 0x4C27, 0x754B, 0x7D4B, 0x5448,
    0x4386, 0x32C5, 0x21C4, 0x10C1, 0x0020, 0x0000, 0x0000, 0x0000, 0x0000, 0x0000, 0x0000, 0x0000,
    0x0000, 0x0000, 0x0000, 0x0000, 0x0000, 0x0000, 0x0000, 0x0000, 0x0000, 0x0000, 0x0000, 0x0000,
    0x0000, 0x0000, 0x0000, 0x0000, 0x0000, 0x0000, 0x0000, 0x0000, 0x0000, 0x0000, 0x0000, 0x0000,
    0x0000, 0x0000, 0x0000, 0x0000, 0x0000, 0x0000, 0x0000, 0x0000, 0x0000, 0x0000, 0x0000, 0x0000,
    0x0000, 0x0000, 0x0000, 0x0000, 0x0000, 0x0000, 0x0000, 0x0000, 0x0000, 0x0000, 0x0000, 0x0000,
    0x0000, 0x0000, 0x0000, 0x0000, 0x0000, 0x0000, 0x0000, 0x0000, 0x0000, 0x0000, 0x0000, 0x0000,
    0x0000, 0x0000, 0x0000, 0x0000, 0x0000, 0x0000, 0x0000, 0x0000, 0x0000, 0x0000, 0x0000, 0x0000,
    0x0000, 0x0000, 0x0000, 0x0000, 0x0000, 0x0000, 0x0000, 0x0000, 0x0000, 0x0000, 0x0000, 0x0000,
    0x0000, 0x0000, 0x0000, 0x0000, 0x0000, 0x0040, 0x08E2, 0x2205, 0x2AA6, 0x2AE6, 0x2AE6, 0x22E6,
    0x22E6, 0x2B06, 0x2B06, 0x2B26, 0x2B26, 0x2B26, 0x2B26, 0x2B45, 0x2B45, 0x2B85, 0x2BC5, 0x33C5,
    0x3405, 0x3C45, 0x3C65, 0x3C45, 0x3C64, 0x3C64, 0x4CC4, 0x7E07, 0x9EC8, 0xB748, 0xB749, 0x9EC7,
    0x6DC4, 0x65A4, 0x65C4, 0x7E26, 0xA709, 0xAF2A, 0x8E86, 0x8E85, 0xAF27, 0xCF67, 0xD767, 0xD767,
    0xD768, 0xDF88, 0xDFA8, 0xDFA8, 0xDFA8, 0xE7A8, 0xE7A8, 0xE7A8, 0xDFA8, 0xC768, 0xB747, 0xAF07,
    0x9EE6, 0x9EA6, 0xAF07, 0xC789, 0xCF88, 0xCFA8, 0xCFA8, 0xB748, 0x8E66, 0x6DA4, 0x6DE6, 0x6DE6,
    0x6585, 0x6DA5, 0x8E46, 0xA6C6, 0xBF47, 0xCF87, 0xD787, 0xCF67, 0xC767, 0xA707, 0x7E06, 0x6DA6,
    0x6DA6, 0x75A6, 0x85E7, 0x8E28, 0x8607, 0x7DC7, 0x5D26, 0x3C45, 0x3405, 0x2BC5, 0x2B85, 0x3365,
    0x2B65, 0x3366, 0x3BA6, 0x43E6, 0x750A, 0xA64F, 0xAE6F, 0x74EA, 0x3AC5, 0x1122, 0x0040, 0x0000,
    0x0000, 0x0000, 0x0000, 0x0000, 0x0000, 0x0000, 0x0000, 0x0000, 0x0000, 0x0000, 0x0000, 0x0000,
    0x0000, 0x0000, 0x0000, 0x0000, 0x0000, 0x0000, 0x0000, 0x0000, 0x0000, 0x0000, 0x0000, 0x0000,
    0x0000, 0x0000, 0x0000, 0x0000, 0x0000, 0x0000, 0x0000, 0x0000, 0x0000, 0x0000, 0x0000, 0x0000,
    0x0000, 0x0000, 0x0000, 0x0000, 0x0000, 0x0000, 0x0000, 0x0000, 0x0000, 0x0000, 0x0000, 0x0000,
    0x0000, 0x0000, 0x0000, 0x0000, 0x0000, 0x0000, 0x0000, 0x0000, 0x0000, 0x0000, 0x0000, 0x0000,
    0x0000, 0x0000, 0x0000, 0x0000, 0x0000, 0x0000, 0x0000, 0x0000, 0x0000, 0x0000, 0x0000, 0x0000,
    0x0000, 0x0000, 0x0000, 0x0000, 0x0000, 0x0000, 0x0000, 0x0000, 0x0000, 0x0000, 0x0000, 0x0000,
    0x0000, 0x0000, 0x0000, 0x0000, 0x0000, 0x0000, 0x0000, 0x0000, 0x0000, 0x0000, 0x0000, 0x0000,
    0x0000, 0x0000, 0x0000, 0x0060, 0x08E2, 0x19E5, 0x2286, 0x22E6, 0x2AE6, 0x2AE6, 0x2B06, 0x2B06,
    0x2B06, 0x2B06, 0x2B26, 0x2B25, 0x2B45, 0x2B65, 0x2B85, 0x2BA5, 0x2BC5, 0x3405, 0x3C25, 0x3405,
    0x3405, 0x3424, 0x3C64, 0x5D26, 0x6DA6, 0x8647, 0x8E88, 0x7E06, 0x5523, 0x5543, 0x5D84, 0x7E26,
    0xA70A, 0xAF2A, 0x8E66, 0x8645, 0xA6E6, 0xCF47, 0xD747, 0xD747, 0xD768, 0xD788, 0xD788, 0xDFA8,
    0xDFA8, 0xE7A8, 0xE7A8, 0xE7A8, 0xD7A9, 0xB728, 0x9EE6, 0x96C6, 0x8E85, 0x8645, 0x9EC7, 0xBF68,
    0xCF88, 0xCFA7, 0xCFA8, 0xBF68, 0x8E87, 0x5D44, 0x5525, 0x5D46, 0x5D45, 0x5D24, 0x6564, 0x7DC5,
    0x9E86, 0xB707, 0xBF47, 0xBF47, 0xAF07, 0x8E67, 0x6585, 0x5505, 0x4CA4, 0x4C84, 0x4CA5, 0x5CC5,
    0x5CC5, 0x54A5, 0x4465, 0x3405, 0x33E5, 0x33A5, 0x3385, 0x3365, 0x3366, 0x3386, 0x3BC6, 0x5C48,
    0x9DEE, 0xA5CD, 0x848A, 0x3204, 0x0881, 0x0000, 0x0000, 0x0000, 0x0000, 0x0000, 0x0000, 0x0000,
    0x0000, 0x0000, 0x0000, 0x0000, 0x0000, 0x0000, 0x0000, 0x0000, 0x0000, 0x0000, 0x0000, 0x0000,
    0x0000, 0x0000, 0x0000, 0x0000, 0x0000, 0x0000, 0x0000, 0x0000, 0x0000, 0x0000, 0x0000, 0x0000,
    0x0000, 0x0000, 0x0000, 0x0000, 0x0000, 0x0000, 0x0000, 0x0000, 0x0000, 0x0000, 0x0000, 0x0000,
    0x0000, 0x0000, 0x0000, 0x0000, 0x0000, 0x0000, 0x0000, 0x0000, 0x0000, 0x0000, 0x0000, 0x0000,
    0x0000, 0x0000, 0x0000, 0x0000, 0x0000, 0x0000, 0x0000, 0x0000, 0x0000, 0x0000, 0x0000, 0x0000,
    0x0000, 0x0000, 0x0000, 0x0000, 0x0000, 0x0000, 0x0000, 0x0000, 0x0000, 0x0000, 0x0000, 0x0000,
    0x0000, 0x0000, 0x0000, 0x0000, 0x0000, 0x0000, 0x0000, 0x0000, 0x0000, 0x0000, 0x0000, 0x0000,
    0x0000, 0x0000, 0x0000, 0x0000, 0x0000, 0x0000, 0x0000, 0x0000, 0x0000, 0x0000, 0x0000, 0x0000,
    0x0000, 0x0061, 0x1102, 0x1A04, 0x2AC6, 0x2AE6, 0x2AE6, 0x2AE6, 0x2AE6, 0x2B06, 0x2B06, 0x2B05,
    0x2B25, 0x2B45, 0x2B65, 0x2B85, 0x2BC6, 0x3406, 0x3405, 0x2BC4, 0x2BA4, 0x2BC4, 0x3424, 0x4485,
    0x4CC5, 0x5D45, 0x6586, 0x5D45, 0x4CE3, 0x4D03, 0x5564, 0x7E27, 0xA72A, 0xAF2A, 0x8646, 0x7E04,
    0x9EC6, 0xC747, 0xCF47, 0xD747, 0xCF68, 0xCF68, 0xD788, 0xD787, 0xD7A7, 0xDFA8, 0xDFA8, 0xDFA9,
    0xCF8A, 0x9EE7, 0x8686, 0x7E65, 0x7625, 0x75C4, 0x8E66, 0xB748, 0xCF88, 0xCFA7, 0xCFA8, 0xBF69,
    0x8E67, 0x5524, 0x4D05, 0x5526, 0x5525, 0x4D04, 0x5504, 0x5D44, 0x7DC5, 0x8E46, 0x9E86, 0x9666,
    0x8606, 0x6565, 0x54E4, 0x4CC5, 0x4CA5, 0x4465, 0x4445, 0x4445, 0x4425, 0x3C05, 0x3C05, 0x33E5,
    0x33E6, 0x33A6, 0x3386, 0x3365, 0x3366, 0x3386, 0x3BA6, 0x5C28, 0x6C2A, 0x4A86, 0x2122, 0x0020,
    0x0000, 0x0000, 0x0000, 0x0000, 0x0000, 0x0000, 0x0000, 0x0000, 0x0000, 0x0000, 0x0000, 0x0000,
    0x0000, 0x0000, 0x0000, 0x0000, 0x0000, 0x0000, 0x0000, 0x0000, 0x0000, 0x0000, 0x0000, 0x0000,
    0x0000, 0x0000, 0x0000, 0x0000, 0x0000, 0x0000, 0x0000, 0x0000, 0x0000, 0x0000, 0x0000, 0x0000,
    0x0000, 0x0000, 0x0000, 0x0000, 0x0000, 0x0000, 0x0000, 0x0000, 0x0000, 0x0000, 0x0000, 0x0000,
    0x0000, 0x0000, 0x0000, 0x0000, 0x0000, 0x0000, 0x0000, 0x0000, 0x0000, 0x0000, 0x0000, 0x0000,
    0x0000, 0x0000, 0x0000, 0x0000, 0x0000, 0x0000, 0x0000, 0x0000, 0x0000, 0x0000, 0x0000, 0x0000,
    0x0000, 0x0000, 0x0000, 0x0000, 0x0000, 0x0000, 0x0000, 0x0000, 0x0000, 0x0000, 0x0000, 0x0000,
    0x0000, 0x0000, 0x0000, 0x0000, 0x0000, 0x0000, 0x0000, 0x0000, 0x0000, 0x0000, 0x0000, 0x0000,
    0x0000, 0x0000, 0x0000, 0x0000, 0x0000, 0x0000, 0x0000, 0x0000, 0x0000, 0x0000, 0x0000, 0x0061,
    0x1122, 0x2204, 0x2A85, 0x2AC6, 0x2AC6, 0x2AE6, 0x2AE6, 0x2AE5, 0x2B05, 0x2B25, 0x2B45, 0x2B86,
    0x33E6, 0x3C07, 0x33C6, 0x2B85, 0x2B64, 0x2B84, 0x2BA4, 0x2BC4, 0x33E4, 0x3C24, 0x3C64, 0x3C64,
    0x3C83, 0x44C4, 0x5544, 0x7607, 0xA70A, 0xA72A, 0x7E06, 0x6DC4, 0x8E66, 0xB708, 0xC728, 0xC748,
    0xBF28, 0xB707, 0xC768, 0xC767, 0xCF87, 0xCF87, 0xD788, 0xCF69, 0xAF09, 0x7E47, 0x6E06, 0x6E05,
    0x65A4, 0x5D43, 0x7DE5, 0xAF08, 0xC768, 0xCF88, 0xCF88, 0xB749, 0x8627, 0x5504, 0x44E5, 0x5526,
    0x5526, 0x44E5, 0x44C4, 0x44C4, 0x54E4, 0x5D04, 0x5D04, 0x54E4, 0x4CA4, 0x4464, 0x4464, 0x4CA6,
    0x4CA6, 0x4486, 0x4446, 0x3C05, 0x3BE5, 0x33C5, 0x33C5, 0x33C5, 0x33C6, 0x3BA6, 0x3386, 0x3366,
    0x3366, 0x3345, 0x2AA4, 0x21A3, 0x10C1, 0x0020, 0x0000, 0x0000, 0x0000, 0x0000, 0x0000, 0x0000,
    0x0000, 0x0000, 0x0000, 0x0000, 0x0000, 0x0000, 0x0000, 0x0000, 0x0000, 0x0000, 0x0000, 0x0000,
    0x0000, 0x0000, 0x0000, 0x0000, 0x0000, 0x0000, 0x0000, 0x0000, 0x0000, 0x0000, 0x0000, 0x0000,
    0x0000, 0x0000, 0x0000, 0x0000, 0x0000, 0x0000, 0x0000, 0x0000, 0x0000, 0x0000, 0x0000, 0x0000,
    0x0000, 0x0000, 0x0000, 0x0000, 0x0000, 0x0000, 0x0000, 0x0000, 0x0000, 0x0000, 0x0000, 0x0000,
    0x0000, 0x0000, 0x0000, 0x0000, 0x0000, 0x0000, 0x0000, 0x0000, 0x0000, 0x0000, 0x0000, 0x0000,
    0x0000, 0x0000, 0x0000, 0x0000, 0x0000, 0x0000, 0x0000, 0x0000, 0x0000, 0x0000, 0x0000, 0x0000,
    0x0000, 0x0000, 0x0000, 0x0000, 0x0000, 0x0000, 0x0000, 0x0000, 0x0000, 0x0000, 0x0000, 0x0000,
    0x0000, 0x0000, 0x0000, 0x0000, 0x0000, 0x0000, 0x0000, 0x0000, 0x0000, 0x0000, 0x0000, 0x0000,
    0x0000, 0x0000, 0x0000, 0x0000, 0x0000, 0x0000, 0x0000, 0x0000, 0x0020, 0x0881, 0x1122, 0x19E4,
    0x2A85, 0x2AE6, 0x2AE6, 0x2AE5, 0x2B05, 0x2B25, 0x3366, 0x33A6, 0x3BE7, 0x3BE7, 0x33A5, 0x2B65,
    0x2B65, 0x2B64, 0x2B85, 0x2BA4, 0x2BA4, 0x2BC4, 0x2BC4, 0x33E4, 0x3424, 0x3C84, 0x5505, 0x75C7,
    0x9EEA, 0x9EEA, 0x6DA6, 0x5D24, 0x6DA5, 0x8E27, 0x9E67, 0x9E68, 0x9647, 0x8E26, 0xAF08, 0xAF27,
    0xB727, 0xBF27, 0xBF28, 0xAEE9, 0x7E07, 0x5D65, 0x5D86, 0x5D85, 0x5504, 0x44A3, 0x5D24, 0x8E67,
    0xB728, 0xBF68, 0xBF48, 0xA6C8, 0x75C6, 0x4CC4, 0x44A4, 0x5505, 0x5D26, 0x44C4, 0x3C84, 0x3C64,
    0x3C44, 0x3C44, 0x3C24, 0x3C44, 0x3C24, 0x3C24, 0x3C25, 0x4445, 0x4446, 0x4426, 0x3C06, 0x3BE6,
    0x3BC6, 0x33A5, 0x33A6, 0x33A6, 0x3BC6, 0x3BC7, 0x3BA6, 0x3345, 0x2284, 0x19A3, 0x08A1, 0x0020,
    0x0000, 0x0000, 0x0000, 0x0000, 0x0000, 0x0000, 0x0000, 0x0000, 0x0000, 0x0000, 0x0000, 0x0000,
    0x0000, 0x0000, 0x0000, 0x0000, 0x0000, 0x0000, 0x0000, 0x0000, 0x0000, 0x0000, 0x0000, 0x0000,
    0x0000, 0x0000, 0x0000, 0x0000, 0x0000, 0x0000, 0x0000, 0x0000, 0x0000, 0x0000, 0x0000, 0x0000,
    0x0000, 0x0000, 0x0000, 0x0000, 0x0000, 0x0000, 0x0000, 0x0000, 0x0000, 0x0000, 0x0000, 0x0000,
    0x0000, 0x0000, 0x0000, 0x0000, 0x0000, 0x0000, 0x0000, 0x0000, 0x0000, 0x0000, 0x0000, 0x0000,
    0x0000, 0x0000, 0x0000, 0x0000, 0x0000, 0x0000, 0x0000, 0x0000, 0x0000, 0x0000, 0x0000, 0x0000,
    0x0000, 0x0000, 0x0000, 0x0000, 0x0000, 0x0000, 0x0000, 0x0000, 0x0000, 0x0000, 0x0000, 0x0000,
    0x0000, 0x0000, 0x0000, 0x0000, 0x0000, 0x0000, 0x0000, 0x0000, 0x0000, 0x0000, 0x0000, 0x0000,
    0x0000, 0x0000, 0x0000, 0x0000, 0x0000, 0x0000, 0x0000, 0x0000, 0x0000, 0x0000, 0x0000, 0x0000,
    0x0000, 0x0000, 0x0000, 0x0000, 0x0000, 0x0000, 0x0020, 0x0060, 0x08E2, 0x1983, 0x2264, 0x2AE5,
    0x2B26, 0x3366, 0x33A7, 0x3BC7, 0x3BE7, 0x33A6, 0x2B65, 0x2B45, 0x2B45, 0x2B65, 0x3385, 0x2BA5,
    0x2B85, 0x2B85, 0x2BA4, 0x2BC4, 0x3404, 0x3C44, 0x4CC5, 0x6566, 0x8E8A, 0x8E8A, 0x5D25, 0x4483,
    0x4CA4, 0x5CE5, 0x6505, 0x6505, 0x5CE4, 0x6525, 0x8627, 0x8E47, 0x8E66, 0x9666, 0x8E47, 0x7DE7,
    0x5D25, 0x4CC5, 0x5526, 0x5505, 0x4484, 0x3C23, 0x4463, 0x6504, 0x8606, 0x9687, 0x9687, 0x7DE6,
    0x5D25, 0x44A4, 0x4CC4, 0x6D86, 0x75C8, 0x54E5, 0x3C44, 0x3425, 0x3405, 0x3405, 0x3405, 0x3405,
    0x33E5, 0x3BE5, 0x3BE5, 0x3BE6, 0x3BE6, 0x3BC5, 0x3BC5, 0x3BA6, 0x3BA6, 0x33A6, 0x33A6, 0x33A6,
    0x3BA6, 0x3326, 0x2204, 0x1122, 0x0881, 0x0020, 0x0000, 0x0000, 0x0000, 0x0000, 0x0000, 0x0000,
    0x0000, 0x0000, 0x0000, 0x0000, 0x0000, 0x0000, 0x0000, 0x0000, 0x0000, 0x0000, 0x0000, 0x0000,
    0x0000, 0x0000, 0x0000, 0x0000, 0x0000, 0x0000, 0x0000, 0x0000, 0x0000, 0x0000, 0x0000, 0x0000,
    0x0000, 0x0000, 0x0000, 0x0000, 0x0000, 0x0000, 0x0000, 0x0000, 0x0000, 0x0000, 0x0000, 0x0000,
    0x0000, 0x0000, 0x0000, 0x0000, 0x0000, 0x0000, 0x0000, 0x0000, 0x0000, 0x0000, 0x0000, 0x0000,
    0x0000, 0x0000, 0x0000, 0x0000, 0x0000, 0x0000, 0x0000, 0x0000, 0x0000, 0x0000, 0x0000, 0x0000,
    0x0000, 0x0000, 0x0000, 0x0000, 0x0000, 0x0000, 0x0000, 0x0000, 0x0000, 0x0000, 0x0000, 0x0000,
    0x0000, 0x0000, 0x0000, 0x0000, 0x0000, 0x0000, 0x0000, 0x0000, 0x0000, 0x0000, 0x0000, 0x0000,
    0x0000, 0x0000, 0x0000, 0x0000, 0x0000, 0x0000, 0x0000, 0x0000, 0x0000, 0x0000, 0x0000, 0x0000,
    0x0000, 0x0000, 0x0000, 0x0000, 0x0000, 0x0000, 0x0000, 0x0000, 0x0000, 0x0000, 0x0000, 0x0000,
    0x0000, 0x0000, 0x0000, 0x0000, 0x0000, 0x0020, 0x08A1, 0x1162, 0x2244, 0x3326, 0x3BA7, 0x3BC7,
    0x33A6, 0x3386, 0x3365, 0x3345, 0x3365, 0x3385, 0x33A5, 0x33A6, 0x33A6, 0x2B85, 0x2B85, 0x2B84,
    0x2BA4, 0x3405, 0x4CA6, 0x5D47, 0x7E2A, 0x7E09, 0x4CA5, 0x3403, 0x3404, 0x3C24, 0x4445, 0x3C25,
    0x3C44, 0x4CA5, 0x5D06, 0x5D25, 0x6545, 0x6545, 0x6545, 0x5526, 0x44C5, 0x44A6, 0x4CC6, 0x4C86,
    0x3C25, 0x33E4, 0x3BE4, 0x4424, 0x5CE5, 0x6D66, 0x6566, 0x5505, 0x44C5, 0x4484, 0x54E4, 0x8628,
    0x96AA, 0x5D25, 0x3C44, 0x3405, 0x33E5, 0x33E5, 0x33E5, 0x33E5, 0x3BE6, 0x3BC6, 0x3BC6, 0x3BC6,
    0x3BC6, 0x3BA6, 0x33A6, 0x33A6, 0x33A6, 0x3386, 0x3325, 0x2A84, 0x19C3, 0x10E1, 0x0040, 0x0000,
    0x0000, 0x0000, 0x0000, 0x0000, 0x0000, 0x0000, 0x0000, 0x0000, 0x0000, 0x0000, 0x0000, 0x0000,
    0x0000, 0x0000, 0x0000, 0x0000, 0x0000, 0x0000, 0x0000, 0x0000, 0x0000, 0x0000, 0x0000, 0x0000,
    0x0000, 0x0000, 0x0000, 0x0000, 0x0000, 0x0000, 0x0000, 0x0000, 0x0000, 0x0000, 0x0000, 0x0000,
    0x0000, 0x0000, 0x0000, 0x0000, 0x0000, 0x0000, 0x0000, 0x0000, 0x0000, 0x0000, 0x0000, 0x0000,
    0x0000, 0x0000, 0x0000, 0x0000, 0x0000, 0x0000, 0x0000, 0x0000, 0x0000, 0x0000, 0x0000, 0x0000,
    0x0000, 0x0000, 0x0000, 0x0000, 0x0000, 0x0000, 0x0000, 0x0000, 0x0000, 0x0000, 0x0000, 0x0000,
    0x0000, 0x0000, 0x0000, 0x0000, 0x0000, 0x0000, 0x0000, 0x0000, 0x0000, 0x0000, 0x0000, 0x0000,
    0x0000, 0x0000, 0x0000, 0x0000, 0x0000, 0x0000, 0x0000, 0x0000, 0x0000, 0x0000, 0x0000, 0x0000,
    0x0000, 0x0000, 0x0000, 0x0000, 0x0000, 0x0000, 0x0000, 0x0000, 0x0000, 0x0000, 0x0000, 0x0000,
    0x0000, 0x0000, 0x0000, 0x0000, 0x0000, 0x0000, 0x0000, 0x0000, 0x0000, 0x0000, 0x0000, 0x0000,
    0x0000, 0x0000, 0x0000, 0x0020, 0x0881, 0x1122, 0x19E3, 0x2AA5, 0x2B25, 0x3346, 0x3366, 0x3365,
    0x3385, 0x3385, 0x33A6, 0x33A6, 0x33A6, 0x33A6, 0x2B85, 0x2B65, 0x2B84, 0x33C5, 0x4466, 0x54C7,
    0x6D69, 0x6548, 0x4445, 0x33E4, 0x33C4, 0x33E5, 0x33E5, 0x33E5, 0x3405, 0x3C46, 0x4466, 0x4485,
    0x4CA5, 0x4CA5, 0x4CA5, 0x4485, 0x3C65, 0x3C45, 0x3C46, 0x4426, 0x3BE5, 0x33A5, 0x3BC5, 0x3BE5,
    0x4445, 0x4C85, 0x4CA5, 0x4485, 0x3C85, 0x3C64, 0x54E5, 0x8E49, 0xA6EB, 0x6D46, 0x3C24, 0x33E4,
    0x2BC5, 0x33C5, 0x33C5, 0x33C6, 0x3BC6, 0x3BC6, 0x3BC6, 0x43C6, 0x3BC6, 0x3BA6, 0x3386, 0x3345,
    0x2AA4, 0x19E3, 0x1122, 0x0881, 0x0040, 0x0000, 0x0000, 0x0000, 0x0000, 0x0000, 0x0000, 0x0000,
    0x0000, 0x0000, 0x0000, 0x0000, 0x0000, 0x0000, 0x0000, 0x0000, 0x0000, 0x0000, 0x0000, 0x0000,
    0x0000, 0x0000, 0x0000, 0x0000, 0x0000, 0x0000, 0x0000, 0x0000, 0x0000, 0x0000, 0x0000, 0x0000,
    0x0000, 0x0000, 0x0000, 0x0000, 0x0000, 0x0000, 0x0000, 0x0000, 0x0000, 0x0000, 0x0000, 0x0000,
    0x0000, 0x0000, 0x0000, 0x0000, 0x0000, 0x0000, 0x0000, 0x0000, 0x0000, 0x0000, 0x0000, 0x0000,
    0x0000, 0x0000, 0x0000, 0x0000, 0x0000, 0x0000, 0x0000, 0x0000, 0x0000, 0x0000, 0x0000, 0x0000,
    0x0000, 0x0000, 0x0000, 0x0000, 0x0000, 0x0000, 0x0000, 0x0000, 0x0000, 0x0000, 0x0000, 0x0000,
    0x0000, 0x0000, 0x0000, 0x0000, 0x0000, 0x0000, 0x0000, 0x0000, 0x0000, 0x0000, 0x0000, 0x0000,
    0x0000, 0x0000, 0x0000, 0x0000, 0x0000, 0x0000, 0x0000, 0x0000, 0x0000, 0x0000, 0x0000, 0x0000,
    0x0000, 0x0000, 0x0000, 0x0000, 0x0000, 0x0000, 0x0000, 0x0000, 0x0000, 0x0000, 0x0000, 0x0000,
    0x0000, 0x0000, 0x0000, 0x0000, 0x0000, 0x0000, 0x0000, 0x0000, 0x0000, 0x0000, 0x0000, 0x0000,
    0x0000, 0x0000, 0x0020, 0x0060, 0x0902, 0x19A3, 0x2284, 0x2AE5, 0x3345, 0x3385, 0x3386, 0x3386,
    0x33A6, 0x3386, 0x2B66, 0x2B65, 0x2B65, 0x3385, 0x3BE5, 0x4426, 0x4C67, 0x4446, 0x33E5, 0x33C5,
    0x33A5, 0x33C5, 0x33C5, 0x33C5, 0x33A5, 0x33A5, 0x33C5, 0x3C05, 0x3C25, 0x3C25, 0x3C25, 0x3405,
    0x3405, 0x33E5, 0x3BE5, 0x3BE6, 0x3BC6, 0x33A5, 0x3BC6, 0x3BA6, 0x3BC5, 0x3C06, 0x3C25, 0x3C25,
    0x3425, 0x3C24, 0x4C85, 0x75A8, 0x966A, 0x6D47, 0x3C04, 0x33C5, 0x2BA5, 0x33A5, 0x33A5, 0x33A6,
    0x3BC6, 0x43C7, 0x43A7, 0x3B86, 0x3326, 0x2AC5, 0x19E3, 0x1122, 0x0881, 0x0020, 0x0000, 0x0000,
    0x0000, 0x0000, 0x0000, 0x0000, 0x0000, 0x0000, 0x0000, 0x0000, 0x0000, 0x0000, 0x0000, 0x0000,
    0x0000, 0x0000, 0x0000, 0x0000, 0x0000, 0x0000, 0x0000, 0x0000, 0x0000, 0x0000, 0x0000, 0x0000,
    0x0000, 0x0000, 0x0000, 0x0000, 0x0000, 0x0000, 0x0000, 0x0000, 0x0000, 0x0000, 0x0000, 0x0000,
    0x0000, 0x0000, 0x0000, 0x0000, 0x0000, 0x0000, 0x0000, 0x0000, 0x0000, 0x0000, 0x0000, 0x0000,
    0x0000, 0x0000, 0x0000, 0x0000, 0x0000, 0x0000, 0x0000, 0x0000, 0x0000, 0x0000, 0x0000, 0x0000,
    0x0000, 0x0000, 0x0000, 0x0000, 0x0000, 0x0000, 0x0000, 0x0000, 0x0000, 0x0000, 0x0000, 0x0000,
    0x0000, 0x0000, 0x0000, 0x0000, 0x0000, 0x0000, 0x0000, 0x0000, 0x0000, 0x0000, 0x0000, 0x0000,
    0x0000, 0x0000, 0x0000, 0x0000, 0x0000, 0x0000, 0x0000, 0x0000, 0x0000, 0x0000, 0x0000, 0x0000,
    0x0000, 0x0000, 0x0000, 0x0000, 0x0000, 0x0000, 0x0000, 0x0000, 0x0000, 0x0000, 0x0000, 0x0000,
    0x0000, 0x0000, 0x0000, 0x0000, 0x0000, 0x0000, 0x0000, 0x0000, 0x0000, 0x0000, 0x0000, 0x0000,
    0x0000, 0x0000, 0x0000, 0x0000, 0x0000, 0x0000, 0x0000, 0x0000, 0x0000, 0x0000, 0x0000, 0x0000,
    0x0000, 0x0020, 0x0881, 0x1101, 0x19C3, 0x2244, 0x2AE5, 0x3346, 0x3386, 0x3366, 0x3366, 0x3366,
    0x3365, 0x3385, 0x33A6, 0x3BE6, 0x3C06, 0x3BE6, 0x33A5, 0x33A5, 0x33A5, 0x33A5, 0x33A5, 0x33A6,
    0x3386, 0x2B65, 0x2B85, 0x33A5, 0x3BC6, 0x3BC6, 0x33C6, 0x33C5, 0x33A5, 0x33A5, 0x33C5, 0x3BC6,
    0x3BA6, 0x3385, 0x3BA6, 0x3BA6, 0x33A6, 0x3BC6, 0x33C5, 0x33E5, 0x33E5, 0x33E4, 0x3C04, 0x4C65,
    0x5CE7, 0x4C86, 0x33C5, 0x33A5, 0x3385, 0x3385, 0x3386, 0x33A6, 0x3B66, 0x3305, 0x2A84, 0x21E3,
    0x1122, 0x08A1, 0x0040, 0x0020, 0x0000, 0x0000, 0x0000, 0x0000, 0x0000, 0x0000, 0x0000, 0x0000,
    0x0000, 0x0000, 0x0000, 0x0000, 0x0000, 0x0000, 0x0000, 0x0000, 0x0000, 0x0000, 0x0000, 0x0000,
    0x0000, 0x0000, 0x0000, 0x0000, 0x0000, 0x0000, 0x0000, 0x0000, 0x0000, 0x0000, 0x0000, 0x0000,
    0x0000, 0x0000, 0x0000, 0x0000, 0x0000, 0x0000, 0x0000, 0x0000, 0x0000, 0x0000, 0x0000, 0x0000,
    0x0000, 0x0000, 0x0000, 0x0000, 0x0000, 0x0000, 0x0000, 0x0000, 0x0000, 0x0000, 0x0000, 0x0000,
    0x0000, 0x0000, 0x0000, 0x0000, 0x0000, 0x0000, 0x0000, 0x0000, 0x0000, 0x0000, 0x0000, 0x0000,
    0x0000, 0x0000, 0x0000, 0x0000, 0x0000, 0x0000, 0x0000, 0x0000, 0x0000, 0x0000, 0x0000, 0x0000,
    0x0000, 0x0000, 0x0000, 0x0000, 0x0000, 0x0000, 0x0000, 0x0000, 0x0000, 0x0000, 0x0000, 0x0000,
    0x0000, 0x0000, 0x0000, 0x0000, 0x0000, 0x0000, 0x0000, 0x0000, 0x0000, 0x0000, 0x0000, 0x0000,
    0x0000, 0x0000, 0x0000, 0x0000, 0x0000, 0x0000, 0x0000, 0x0000, 0x0000, 0x0000, 0x0000, 0x0000,
    0x0000, 0x0000, 0x0000, 0x0000, 0x0000, 0x0000, 0x0000, 0x0000, 0x0000, 0x0000, 0x0000, 0x0000,
    0x0000, 0x0000, 0x0000, 0x0000, 0x0000, 0x0000, 0x0000, 0x0000, 0x0000, 0x0000, 0x0000, 0x0000,
    0x0020, 0x0040, 0x08A1, 0x1122, 0x1183, 0x2224, 0x2AA5, 0x2AE5, 0x2B25, 0x3365, 0x33A6, 0x3BC6,
    0x3BE6, 0x3BC6, 0x3386, 0x3386, 0x3385, 0x3385, 0x3386, 0x3386, 0x3366, 0x3366, 0x3366, 0x3386,
    0x33A6, 0x3BA6, 0x33A6, 0x3385, 0x3385, 0x3385, 0x3385, 0x3386, 0x3386, 0x3386, 0x3B86, 0x3366,
    0x3366, 0x3386, 0x3385, 0x33A5, 0x33A5, 0x33A5, 0x3384, 0x33A4, 0x3BA5, 0x3BA5, 0x3365, 0x2B45,
    0x2B25, 0x2AC5, 0x2264, 0x19A3, 0x1142, 0x08C1, 0x0060, 0x0020, 0x0000, 0x0000, 0x0000, 0x0000,
    0x0000, 0x0000, 0x0000, 0x0000, 0x0000, 0x0000, 0x0000, 0x0000, 0x0000, 0x0000, 0x0000, 0x0000,
    0x0000, 0x0000, 0x0000, 0x0000, 0x0000, 0x0000, 0x0000, 0x0000, 0x0000, 0x0000, 0x0000, 0x0000,
    0x0000, 0x0000, 0x0000, 0x0000, 0x0000, 0x0000, 0x0000, 0x0000, 0x0000, 0x0000, 0x0000, 0x0000,
    0x0000, 0x0000, 0x0000, 0x0000, 0x0000, 0x0000, 0x0000, 0x0000, 0x0000, 0x0000, 0x0000, 0x0000,
    0x0000, 0x0000, 0x0000, 0x0000, 0x0000, 0x0000, 0x0000, 0x0000, 0x0000, 0x0000, 0x0000, 0x0000,
    0x0000, 0x0000, 0x0000, 0x0000, 0x0000, 0x0000, 0x0000, 0x0000, 0x0000, 0x0000, 0x0000, 0x0000,
    0x0000, 0x0000, 0x0000, 0x0000, 0x0000, 0x0000, 0x0000, 0x0000, 0x0000, 0x0000, 0x0000, 0x0000,
    0x0000, 0x0000, 0x0000, 0x0000, 0x0000, 0x0000, 0x0000, 0x0000, 0x0000, 0x0000, 0x0000, 0x0000,
    0x0000, 0x0000, 0x0000, 0x0000, 0x0000, 0x0000, 0x0000, 0x0000, 0x0000, 0x0000, 0x0000, 0x0000,
    0x0000, 0x0000, 0x0000, 0x0000, 0x0000, 0x0000, 0x0000, 0x0000, 0x0000, 0x0000, 0x0000, 0x0000,
    0x0000, 0x0000, 0x0000, 0x0000, 0x0000, 0x0000, 0x0000, 0x0000, 0x0000, 0x0000, 0x0000, 0x0000,
    0x0000, 0x0000, 0x0000, 0x0000, 0x0000, 0x0000, 0x0000, 0x0000, 0x0000, 0x0000, 0x0000, 0x0000,
    0x0020, 0x0060, 0x08A1, 0x1102, 0x1182, 0x1A03, 0x2284, 0x2AE5, 0x3345, 0x3365, 0x3365, 0x3366,
    0x3386, 0x3366, 0x3386, 0x3366, 0x3366, 0x3367, 0x3366, 0x3366, 0x3387, 0x3B86, 0x3386, 0x3366,
    0x3366, 0x3366, 0x3386, 0x3386, 0x3366, 0x3366, 0x3366, 0x3366, 0x3366, 0x3366, 0x3365, 0x3385,
    0x3365, 0x3345, 0x3325, 0x2AE5, 0x2AA4, 0x2264, 0x19E3, 0x1982, 0x1102, 0x08C1, 0x0860, 0x0020,
    0x0000, 0x0000, 0x0000, 0x0000, 0x0000, 0x0000, 0x0000, 0x0000, 0x0000, 0x0000, 0x0000, 0x0000,
    0x0000, 0x0000, 0x0000, 0x0000, 0x0000, 0x0000, 0x0000, 0x0000, 0x0000, 0x0000, 0x0000, 0x0000,
    0x0000, 0x0000, 0x0000, 0x0000, 0x0000, 0x0000, 0x0000, 0x0000, 0x0000, 0x0000, 0x0000, 0x0000,
    0x0000, 0x0000, 0x0000, 0x0000, 0x0000, 0x0000, 0x0000, 0x0000, 0x0000, 0x0000, 0x0000, 0x0000,
    0x0000, 0x0000, 0x0000, 0x0000, 0x0000, 0x0000, 0x0000, 0x0000, 0x0000, 0x0000, 0x0000, 0x0000,
    0x0000, 0x0000, 0x0000, 0x0000, 0x0000, 0x0000, 0x0000, 0x0000, 0x0000, 0x0000, 0x0000, 0x0000,
    0x0000, 0x0000, 0x0000, 0x0000, 0x0000, 0x0000, 0x0000, 0x0000, 0x0000, 0x0000, 0x0000, 0x0000,
    0x0000, 0x0000, 0x0000, 0x0000, 0x0000, 0x0000, 0x0000, 0x0000, 0x0000, 0x0000, 0x0000, 0x0000,
    0x0000, 0x0000, 0x0000, 0x0000, 0x0000, 0x0000, 0x0000, 0x0000, 0x0000, 0x0000, 0x0000, 0x0000,
    0x0000, 0x0000, 0x0000, 0x0000, 0x0000, 0x0000, 0x0000, 0x0000, 0x0000, 0x0000, 0x0000, 0x0000,
    0x0000, 0x0000, 0x0000, 0x0000, 0x0000, 0x0000, 0x0000, 0x0000, 0x0000, 0x0000, 0x0000, 0x0000,
    0x0000, 0x0000, 0x0000, 0x0000, 0x0000, 0x0000, 0x0000, 0x0000, 0x0000, 0x0000, 0x0000, 0x0000,
    0x0000, 0x0000, 0x0000, 0x0000, 0x0000, 0x0000, 0x0000, 0x0000, 0x0000, 0x0000, 0x0000, 0x0000,
    0x0020, 0x0040, 0x0060, 0x08A1, 0x1101, 0x1142, 0x1982, 0x19C3, 0x2203, 0x2264, 0x22A4, 0x22C5,
    0x2AE6, 0x2B06, 0x2B06, 0x3306, 0x3326, 0x3346, 0x3346, 0x3326, 0x3325, 0x3326, 0x3346, 0x3346,
    0x3326, 0x3325, 0x3305, 0x2AE5, 0x2AA5, 0x2A84, 0x2244, 0x2203, 0x19C3, 0x1982, 0x1142, 0x10E1,
    0x08A1, 0x0860, 0x0040, 0x0020, 0x0000, 0x0000, 0x0000, 0x0000, 0x0000, 0x0000, 0x0000, 0x0000,
    0x0000, 0x0000, 0x0000, 0x0000, 0x0000, 0x0000, 0x0000, 0x0000, 0x0000, 0x0000, 0x0000, 0x0000,
    0x0000, 0x0000, 0x0000, 0x0000, 0x0000, 0x0000, 0x0000, 0x0000, 0x0000, 0x0000, 0x0000, 0x0000,
    0x0000, 0x0000, 0x0000, 0x0000, 0x0000, 0x0000, 0x0000, 0x0000, 0x0000, 0x0000, 0x0000, 0x0000,
    0x0000, 0x0000, 0x0000, 0x0000, 0x0000, 0x0000, 0x0000, 0x0000, 0x0000, 0x0000, 0x0000, 0x0000,
    0x0000, 0x0000, 0x0000, 0x0000, 0x0000, 0x0000, 0x0000, 0x0000, 0x0000, 0x0000, 0x0000, 0x0000,
    0x0000, 0x0000, 0x0000, 0x0000, 0x0000, 0x0000, 0x0000, 0x0000, 0x0000, 0x0000, 0x0000, 0x0000,
    0x0000, 0x0000, 0x0000, 0x0000, 0x0000, 0x0000, 0x0000, 0x0000, 0x0000, 0x0000, 0x0000, 0x0000,
    0x0000, 0x0000, 0x0000, 0x0000, 0x0000, 0x0000, 0x0000, 0x0000, 0x0000, 0x0000, 0x0000, 0x0000,
    0x0000, 0x0000, 0x0000, 0x0000, 0x0000, 0x0000, 0x0000, 0x0000, 0x0000, 0x0000, 0x0000, 0x0000,
    0x0000, 0x0000, 0x0000, 0x0000, 0x0000, 0x0000, 0x0000, 0x0000, 0x0000, 0x0000, 0x0000, 0x0000,
    0x0000, 0x0000, 0x0000, 0x0000, 0x0000, 0x0000, 0x0000, 0x0000, 0x0000, 0x0000, 0x0000, 0x0000,
    0x0000, 0x0000, 0x0000, 0x0000, 0x0000, 0x0000, 0x0000, 0x0000, 0x0000, 0x0000, 0x0000, 0x0000,
    0x0000, 0x0000, 0x0000, 0x0000, 0x0000, 0x0000, 0x0000, 0x0000, 0x0000, 0x0000, 0x0000, 0x0000,
    0x0000, 0x0000, 0x0000, 0x0020, 0x0040, 0x0060, 0x0880, 0x0881, 0x08A1, 0x08C1, 0x08E2, 0x1102,
    0x1102, 0x1122, 0x1122, 0x1122, 0x1122, 0x1122, 0x1122, 0x1102, 0x1102, 0x10E1, 0x08C1, 0x08A1,
    0x0881, 0x0881, 0x0060, 0x0040, 0x0020, 0x0020, 0x0000, 0x0000, 0x0000, 0x0000, 0x0000, 0x0000,
    0x0000, 0x0000, 0x0000, 0x0000, 0x0000, 0x0000, 0x0000, 0x0000, 0x0000, 0x0000, 0x0000, 0x0000,
    0x0000, 0x0000, 0x0000, 0x0000, 0x0000, 0x0000, 0x0000, 0x0000, 0x0000, 0x0000, 0x0000, 0x0000,
    0x0000, 0x0000, 0x0000, 0x0000, 0x0000, 0x0000, 0x0000, 0x0000, 0x0000, 0x0000, 0x0000, 0x0000,
    0x0000, 0x0000, 0x0000, 0x0000, 0x0000, 0x0000, 0x0000, 0x0000, 0x0000, 0x0000, 0x0000, 0x0000,
    0x0000, 0x0000, 0x0000, 0x0000, 0x0000, 0x0000, 0x0000, 0x0000, 0x0000, 0x0000, 0x0000, 0x0000,
    0x0000, 0x0000, 0x0000, 0x0000, 0x0000, 0x0000, 0x0000, 0x0000, 0x0000, 0x0000, 0x0000, 0x0000,
    0x0000, 0x0000, 0x0000, 0x0000, 0x0000, 0x0000, 0x0000, 0x0000, 0x0000, 0x0000, 0x0000, 0x0000,
    0x0000, 0x0000, 0x0000, 0x0000, 0x0000, 0x0000, 0x0000, 0x0000, 0x0000, 0x0000, 0x0000, 0x0000,
    0x0000, 0x0000, 0x0000, 0x0000, 0x0000, 0x0000, 0x0000, 0x0000, 0x0000, 0x0000, 0x0000, 0x0000,
    0x0000, 0x0000, 0x0000, 0x0000, 0x0000, 0x0000, 0x0000, 0x0000, 0x0000, 0x0000, 0x0000, 0x0000,
    0x0000, 0x0000, 0x0000, 0x0000, 0x0000, 0x0000, 0x0000, 0x0000, 0x0000, 0x0000, 0x0000, 0x0000,
    0x0000, 0x0000, 0x0000, 0x0000, 0x0000, 0x0000, 0x0000, 0x0000, 0x0000, 0x0000, 0x0000, 0x0000,
    0x0000, 0x0000, 0x0000, 0x0000, 0x0000, 0x0000, 0x0000, 0x0000, 0x0000, 0x0000, 0x0000, 0x0000,
    0x0000, 0x0000, 0x0000, 0x0000, 0x0000, 0x0000, 0x0000, 0x0000, 0x0000, 0x0000, 0x0000, 0x0000,
    0x0000, 0x0000, 0x0000, 0x0000, 0x0000, 0x0000, 0x0000, 0x0000, 0x0000, 0x0000, 0x0020, 0x0020,
    0x0020, 0x0020, 0x0000, 0x0000, 0x0000, 0x0000, 0x0000, 0x0000, 0x0000, 0x0000, 0x0000, 0x0000,
    0x0000, 0x0000, 0x0000, 0x0000, 0x0000, 0x0000, 0x0000, 0x0000, 0x0000, 0x0000, 0x0000, 0x0000,
    0x0000, 0x0000, 0x0000, 0x0000, 0x0000, 0x0000, 0x0000, 0x0000, 0x0000, 0x0000, 0x0000, 0x0000,
    0x0000, 0x0000, 0x0000, 0x0000, 0x0000, 0x0000, 0x0000, 0x0000, 0x0000, 0x0000, 0x0000, 0x0000,
    0x0000, 0x0000, 0x0000, 0x0000, 0x0000, 0x0000, 0x0000, 0x0000, 0x0000, 0x0000, 0x0000, 0x0000,
    0x0000, 0x0000, 0x0000, 0x0000, 0x0000, 0x0000, 0x0000, 0x0000, 0x0000, 0x0000, 0x0000, 0x0000,
    0x0000, 0x0000, 0x0000, 0x0000, 0x0000, 0x0000, 0x0000, 0x0000, 0x0000, 0x0000, 0x0000, 0x0000,
    0x0000, 0x0000, 0x0000, 0x0000, 0x0000, 0x0000, 0x0000, 0x0000, 0x0000, 0x0000, 0x0000, 0x0000,
    0x0000, 0x0000, 0x0000, 0x0000,
};
